game_date,player,pos,team,opp,salary,proj_mins,ownership,fp_proj,projected_value,status,game_info,team_full_name,opp_full_name,db_player,gp_sl,usg_pct_sl,fp_sl,touches_sl,min_sl,poss_sl,gp_l10,usg_pct_l10,fp_l10,touches_l10,min_l10,poss_l10,gp_l5,usg_pct_l5,fp_l5,touches_l5,min_l5,poss_l5,gp_l3,usg_pct_l3,fp_l3,touches_l3,min_l3,poss_l3,fppm_sl,fppt_sl,fppp_sl,tpm_sl,tpp_sl,team_poss_sl,poss_pct_sl,implied_poss_sl,touches_ip_sl,touches_tpm_sl,fp_proj_it_sl,fp_proj_tpm_sl,team_fp_sl,fp_per_sl,fppm_l10,fppt_l10,fppp_l10,tpm_l10,tpp_l10,team_poss_l10,poss_pct_l10,implied_poss_l10,touches_ip_l10,touches_tpm_l10,fp_proj_it_l10,fp_proj_tpm_l10,team_fp_l10,fp_per_l10,fppm_l5,fppt_l5,fppp_l5,tpm_l5,tpp_l5,team_poss_l5,poss_pct_l5,implied_poss_l5,touches_ip_l5,touches_tpm_l5,fp_proj_it_l5,fp_proj_tpm_l5,team_fp_l5,fp_per_l5,fppm_l3,fppt_l3,fppp_l3,tpm_l3,tpp_l3,team_poss_l3,poss_pct_l3,implied_poss_l3,touches_ip_l3,touches_tpm_l3,fp_proj_it_l3,fp_proj_tpm_l3,team_fp_l3,fp_per_l3,team_salary,salary_share,team_ownership,team_minutes,minutes_avail
2025-11-12,Nikola Jokic,C,DEN,LAC,12600,34.33,12.27,66.52,5.28,,,Denver Nuggets,LA Clippers,Nikola Jokić,10,0.25,63.80,97.20,33.90,719,10,0.25,63.80,97.20,33.90,719,5.00,0.28,69.00,99.80,33.10,358.00,3.00,0.30,61.20,92.00,30.90,194.00,1.88,0.66,0.89,2.87,1.35,1020,70.49,98.60,93.96,98.43,61.67,64.60,225.00,28.36,1.88,0.66,0.89,2.87,1.35,1020,70.49,98.60,93.96,98.43,61.67,64.60,225.00,28.36,2.08,0.69,0.96,3.02,1.39,508,70.47,98.85,97.10,103.50,67.13,71.56,232.70,29.65,1.98,0.67,0.95,2.98,1.42,295,65.76,95.75,89.58,102.20,59.59,67.99,221.50,27.63,48400.00,26.03,19.48,218.07,21.93
2025-11-12,Luka Doncic,PG,LAL,OKC,12800,36.12,6.63,55.75,4.36,,,Los Angeles Lakers,Oklahoma City Thunder,Luka Dončić,7,0.38,64.70,98.60,37.10,538,6,0.38,62.70,98.00,36.50,450,4.00,0.35,60.70,100.30,36.30,304.00,3.00,0.36,60.50,92.00,35.60,221.00,1.74,0.66,0.84,2.66,1.28,1108,48.56,100.38,62.53,96.00,41.03,62.99,262.00,24.69,1.72,0.64,0.84,2.68,1.31,1006,44.73,100.62,58.81,96.98,37.63,62.05,268.00,23.40,1.67,0.61,0.80,2.76,1.32,502,60.56,101.25,80.92,99.80,48.97,60.40,259.20,23.42,1.70,0.66,0.82,2.58,1.25,294,75.17,99.83,93.72,93.34,61.63,61.38,241.10,25.09,54600.00,23.44,9.53,237.84,2.16
2025-11-12,Cade Cunningham,PG,DET,CHI,10800,36.47,14.50,55.69,5.16,O,,Detroit Pistons,Chicago Bulls,Cade Cunningham,11,0.31,51.70,98.20,37.00,859,10,0.30,52.20,98.80,37.30,786,5.00,0.34,58.20,98.80,38.70,406.00,3.00,0.36,63.50,99.00,39.30,249.00,1.40,0.53,0.66,2.65,1.26,1124,76.42,102.23,98.25,96.80,51.72,50.96,193.70,26.69,1.40,0.53,0.66,2.65,1.26,1019,77.13,102.03,98.93,96.60,52.27,51.04,197.20,26.47,1.50,0.59,0.72,2.55,1.22,514,78.99,101.85,97.89,93.11,57.66,54.85,229.30,25.38,1.62,0.64,0.77,2.52,1.19,315,79.05,102.82,96.94,91.87,62.18,58.93,250.10,25.39,47700.00,22.64,34.23,230.45,9.55
2025-11-12,Shai Gilgeous-Alexander,PG,OKC,LAL,11100,32.82,11.98,54.09,4.87,,,Oklahoma City Thunder,Los Angeles Lakers,Shai Gilgeous-Alexander,12,0.33,53.80,71.40,34.30,857,10,0.32,50.90,65.20,31.90,674,5.00,0.32,54.60,63.80,32.00,344.00,3.00,0.32,53.90,62.30,31.10,198.00,1.57,0.75,0.75,2.08,1.00,1242,69.00,100.38,69.25,68.32,52.18,51.48,240.00,22.42,1.60,0.78,0.76,2.04,0.97,1008,66.87,100.62,65.08,67.08,50.81,52.37,239.30,21.27,1.71,0.86,0.79,1.99,0.93,513,67.06,101.25,62.96,65.43,53.88,56.00,233.40,23.39,1.73,0.87,0.82,2.00,0.94,306,64.71,99.83,60.97,65.74,52.75,56.88,238.00,22.65,48300.00,22.98,23.39,215.28,24.72
2025-11-12,Victor Wembanyama,C/PF,SA,GS,12200,33.15,14.23,51.11,4.19,,,San Antonio Spurs,Golden State Warriors,Victor Wembanyama,10,0.30,58.30,68.90,34.10,722,10,0.30,58.30,68.90,34.10,722,5.00,0.28,46.90,64.80,34.50,368.00,3.00,0.28,56.20,70.00,35.20,226.00,1.71,0.85,0.81,2.02,0.95,1012,71.34,100.34,68.31,66.99,57.80,56.68,259.40,22.47,1.71,0.85,0.81,2.02,0.95,1012,71.34,100.58,68.48,66.99,57.94,56.68,259.40,22.47,1.36,0.72,0.64,1.88,0.88,509,72.30,101.10,64.35,62.27,46.58,45.07,255.90,18.33,1.60,0.80,0.75,1.99,0.93,305,74.10,100.41,69.13,65.93,55.51,52.93,268.70,20.92,55400.00,22.02,20.30,232.29,7.71
2025-11-12,Karl-Anthony Towns,C/PF,NY,ORL,8600,31.85,7.09,47.62,5.54,,,New York Knicks,Orlando Magic,Karl-Anthony Towns,10,0.25,44.20,57.00,32.50,692,10,0.25,44.20,57.00,32.50,692,5.00,0.27,49.90,59.40,31.60,339.00,3.00,0.26,46.70,56.00,30.40,195.00,1.36,0.78,0.64,1.75,0.82,1002,69.06,100.95,57.43,55.87,44.53,43.32,248.00,17.82,1.36,0.78,0.64,1.75,0.82,1002,69.06,100.45,57.14,55.87,44.31,43.32,248.00,17.82,1.58,0.84,0.74,1.88,0.88,505,67.13,100.65,59.19,59.88,49.73,50.30,259.40,19.24,1.54,0.83,0.72,1.84,0.86,302,64.57,99.25,55.21,58.68,46.04,48.93,258.50,18.07,50700.00,16.96,17.26,231.18,8.82
2025-11-12,Alperen Sengun,C,HOU,WAS,9600,32.27,9.78,44.76,4.66,Confirmed,,Houston Rockets,Washington Wizards,Alperen Sengun,9,0.26,48.30,82.90,37.00,691,9,0.26,48.30,82.90,37.00,691,5.00,0.27,47.40,86.20,36.20,382.00,3.00,0.26,47.40,85.70,36.80,236.00,1.31,0.58,0.63,2.24,1.08,908,76.10,101.43,83.34,72.29,48.56,42.12,233.20,20.71,1.31,0.58,0.63,2.24,1.08,908,76.10,101.30,83.24,72.29,48.50,42.12,233.20,20.71,1.31,0.55,0.62,2.38,1.13,500,76.40,101.48,87.48,76.83,48.10,42.25,229.30,20.67,1.29,0.55,0.60,2.33,1.09,300,78.67,102.28,87.65,75.14,48.48,41.56,228.30,20.76,48900.00,19.63,33.17,214.50,25.50
2025-11-12,Deni Avdija,SF/PF,POR,NO,8700,33.24,10.52,44.39,5.10,,,Portland Trail Blazers,New Orleans Pelicans,Deni Avdija,10,0.28,41.90,84.10,33.90,747,10,0.28,41.90,84.10,33.90,747,5.00,0.28,46.20,88.20,35.50,391.00,3.00,0.27,52.40,95.00,36.20,247.00,1.24,0.50,0.56,2.48,1.13,1050,71.14,102.43,82.04,82.47,40.87,41.09,206.50,20.29,1.24,0.50,0.56,2.48,1.13,1050,71.14,102.43,82.04,82.47,40.87,41.09,206.50,20.29,1.30,0.52,0.59,2.48,1.13,519,75.34,101.80,86.50,82.59,45.31,43.26,207.30,22.29,1.45,0.55,0.64,2.62,1.15,319,77.43,103.00,92.02,87.24,50.76,48.12,213.70,24.52,42000.00,20.71,41.52,204.72,35.28
2025-11-12,Jalen Duren,C,DET,CHI,8200,32.62,6.31,44.12,5.38,O,,Detroit Pistons,Chicago Bulls,Jalen Duren,11,0.23,40.60,48.70,29.00,671,10,0.22,41.50,49.80,29.90,629,5.00,0.21,46.30,57.80,35.30,367.00,3.00,0.21,47.70,61.00,35.80,226.00,1.40,0.83,0.67,1.68,0.80,1124,59.70,102.23,48.72,54.78,40.62,45.67,193.70,20.96,1.39,0.83,0.66,1.67,0.79,1019,61.73,102.03,49.86,54.33,41.55,45.28,197.20,21.04,1.31,0.80,0.63,1.64,0.79,514,71.40,101.85,57.27,53.41,45.87,42.79,229.30,20.19,1.33,0.78,0.63,1.70,0.81,315,71.75,102.82,59.73,55.58,46.71,43.46,250.10,19.07,47700.00,17.19,34.23,230.45,9.55
2025-11-12,Miles Bridges,PF/SF,CHA,MIL,8500,36.16,14.88,41.83,4.92,,,Charlotte Hornets,Milwaukee Bucks,Miles Bridges,10,0.24,38.30,61.00,35.00,753,10,0.24,38.30,61.00,35.00,753,5.00,0.25,44.30,69.60,37.60,394.00,3.00,0.25,43.70,70.70,39.40,245.00,1.09,0.63,0.51,1.74,0.81,1021,73.75,102.31,61.13,63.02,38.38,39.57,199.00,19.25,1.09,0.63,0.51,1.74,0.81,1021,73.75,102.07,60.98,63.02,38.29,39.57,199.00,19.25,1.18,0.64,0.56,1.85,0.88,500,78.80,101.25,70.47,66.93,44.85,42.60,215.10,20.60,1.11,0.62,0.54,1.79,0.87,298,82.21,101.17,72.01,64.88,44.51,40.10,220.10,19.85,47100.00,18.05,35.66,233.02,6.98
2025-11-12,Paolo Banchero,PF/SF,ORL,NY,9000,34.27,1.90,41.64,4.63,,,Orlando Magic,New York Knicks,Paolo Banchero,11,0.27,42.70,71.40,34.70,813,10,0.27,42.70,71.00,34.60,733,5.00,0.28,42.50,70.60,33.80,361.00,3.00,0.27,38.40,69.30,35.30,221.00,1.23,0.60,0.58,2.06,0.97,1117,72.78,100.95,70.98,70.51,42.45,42.17,218.50,19.54,1.23,0.60,0.58,2.05,0.97,1006,72.86,100.45,70.89,70.32,42.64,42.29,217.20,19.66,1.26,0.60,0.59,2.09,0.98,500,72.20,100.65,71.06,71.58,42.78,43.09,224.20,18.96,1.09,0.55,0.52,1.96,0.94,293,75.43,99.25,70.42,67.27,39.02,37.28,229.90,16.70,46500.00,19.35,17.08,217.27,22.73
2025-11-12,Jaylen Brown,SF/SG,BOS,MEM,8500,32.39,10.23,41.60,4.89,,,Boston Celtics,Memphis Grizzlies,Jaylen Brown,12,0.34,39.40,63.90,32.10,786,10,0.35,40.60,63.20,31.40,642,5.00,0.37,43.50,68.60,33.70,349.00,3.00,0.34,39.80,68.30,35.10,217.00,1.23,0.62,0.60,1.99,0.98,1161,67.70,100.10,66.11,64.48,40.76,39.76,214.20,18.39,1.29,0.64,0.63,2.01,0.98,967,66.39,99.38,64.95,65.20,41.73,41.88,220.00,18.45,1.29,0.63,0.62,2.04,0.98,483,72.26,99.80,70.87,65.94,44.94,41.81,225.50,19.29,1.13,0.58,0.55,1.95,0.94,289,75.09,99.84,70.79,63.03,41.25,36.73,215.60,18.46,47600.00,17.86,24.85,227.27,12.73
2025-11-12,Devin Booker,PG/SG,PHO,DAL,9100,35.37,9.42,41.44,4.55,,,Phoenix Suns,Dallas Mavericks,Devin Booker,11,0.30,42.60,72.70,36.00,836,10,0.30,43.00,73.50,35.90,756,5.00,0.29,41.20,69.00,35.10,356.00,3.00,0.28,37.60,66.30,33.80,201.00,1.18,0.59,0.56,2.02,0.96,1113,75.11,101.53,72.95,71.43,42.75,41.86,212.50,20.05,1.20,0.59,0.57,2.05,0.97,1011,74.78,101.60,73.86,72.42,43.21,42.37,211.40,20.34,1.17,0.60,0.58,1.97,0.97,487,73.10,99.55,70.52,69.54,42.11,41.52,201.90,20.41,1.11,0.57,0.56,1.96,0.99,285,70.53,98.66,68.85,69.38,39.05,39.35,194.40,19.34,41700.00,21.82,16.91,197.00,43.00
2025-11-12,Stephon Castle,SG/PG,SA,GS,7900,32.12,1.52,41.43,5.24,,,San Antonio Spurs,Golden State Warriors,Stephon Castle,10,0.26,39.80,80.30,33.30,700,10,0.26,39.80,80.30,33.30,700,5.00,0.23,44.30,86.00,34.90,370.00,3.00,0.23,45.20,84.00,34.40,219.00,1.20,0.50,0.57,2.41,1.15,1012,69.17,100.34,79.62,77.45,39.46,38.39,259.40,15.34,1.20,0.50,0.57,2.41,1.15,1012,69.17,100.58,79.81,77.45,39.56,38.39,259.40,15.34,1.27,0.52,0.60,2.46,1.16,509,72.69,101.10,85.41,79.14,44.00,40.77,255.90,17.31,1.31,0.54,0.62,2.44,1.15,305,71.80,100.41,82.96,78.43,44.64,42.20,268.70,16.82,55400.00,14.26,20.30,232.29,7.71
2025-11-12,Alex Sarr,C/PF,WAS,HOU,8000,27.65,1.01,40.39,5.05,,,Washington Wizards,Houston Rockets,Alex Sarr,11,0.26,41.50,63.10,29.20,697,10,0.27,43.00,64.50,29.60,640,5.00,0.27,45.20,69.40,31.40,339.00,3.00,0.25,43.20,70.30,32.80,215.00,1.42,0.66,0.65,2.16,1.00,1170,59.57,101.43,60.17,59.74,39.58,39.29,203.40,20.40,1.45,0.67,0.67,2.18,1.01,1063,60.21,101.30,61.47,60.24,40.98,40.16,201.10,21.38,1.44,0.65,0.67,2.21,1.02,525,64.57,101.48,67.07,61.10,43.68,39.80,194.40,23.25,1.32,0.61,0.60,2.14,0.98,323,66.56,102.28,66.78,59.25,41.04,36.41,219.00,19.73,44400.00,18.02,6.42,213.54,26.46
2025-11-12,Jalen Brunson,PG,NY,ORL,8300,32.46,7.87,39.57,4.77,,,New York Knicks,Orlando Magic,Jalen Brunson,10,0.31,41.80,95.30,33.70,714,10,0.31,41.80,95.30,33.70,714,5.00,0.29,39.00,91.00,32.50,341.00,3.00,0.29,39.30,90.70,32.50,205.00,1.24,0.44,0.59,2.83,1.33,1002,71.26,100.95,96.01,91.80,42.11,40.26,248.00,16.85,1.24,0.44,0.59,2.83,1.33,1002,71.26,100.45,95.54,91.80,41.90,40.26,248.00,16.85,1.20,0.43,0.57,2.80,1.33,505,67.52,100.65,90.68,90.89,38.86,38.95,259.40,15.03,1.21,0.43,0.58,2.79,1.33,302,67.88,99.25,89.42,90.59,38.75,39.25,258.50,15.20,50700.00,16.37,17.26,231.18,8.82
2025-11-12,Isaiah Hartenstein,C,OKC,LAL,7000,28.14,1.49,39.12,5.59,,,Oklahoma City Thunder,Los Angeles Lakers,Isaiah Hartenstein,12,0.16,35.20,52.70,29.20,730,10,0.18,37.20,52.30,27.60,582,5.00,0.19,38.00,48.80,27.00,294.00,3.00,0.23,42.10,52.30,26.80,174.00,1.21,0.67,0.58,1.80,0.87,1242,58.78,100.38,51.11,50.79,34.14,33.93,240.00,14.67,1.35,0.71,0.64,1.89,0.90,1008,57.74,100.62,52.21,53.33,37.13,37.93,239.30,15.55,1.41,0.78,0.65,1.81,0.83,513,57.31,101.25,48.16,50.87,37.50,39.61,233.40,16.28,1.57,0.80,0.73,1.95,0.90,306,56.86,99.83,51.19,54.92,41.20,44.21,238.00,17.69,48300.00,14.49,23.39,215.28,24.72
2025-11-12,Trey Murphy,SF/SG,NO,POR,7700,34.90,5.95,39.04,5.07,,,New Orleans Pelicans,Portland Trail Blazers,Trey Murphy III,10,0.20,34.90,62.80,35.50,750,10,0.20,34.90,62.80,35.50,750,5.00,0.22,39.50,63.80,35.70,379.00,3.00,0.24,44.20,71.00,36.40,230.00,0.98,0.56,0.47,1.77,0.84,1004,74.70,102.43,64.07,61.74,35.61,34.31,180.50,19.34,0.98,0.56,0.47,1.77,0.84,1004,74.70,102.43,64.07,61.74,35.61,34.31,180.50,19.34,1.11,0.62,0.52,1.79,0.84,500,75.80,101.80,64.95,62.37,40.21,38.61,195.40,20.21,1.21,0.62,0.58,1.95,0.93,298,77.18,103.00,73.62,68.07,45.83,42.38,215.90,20.47,43700.00,17.62,18.00,216.26,23.74
2025-11-12,Franz Wagner,SF/PF,ORL,NY,7600,33.63,2.18,38.72,5.09,,,Orlando Magic,New York Knicks,Franz Wagner,11,0.24,37.50,59.60,35.00,832,10,0.24,37.00,59.70,34.90,746,5.00,0.25,40.10,62.60,35.20,368.00,3.00,0.24,42.80,63.00,37.00,231.00,1.07,0.63,0.50,1.70,0.79,1117,74.49,100.95,59.25,57.27,37.28,36.04,218.50,17.16,1.06,0.62,0.50,1.71,0.80,1006,74.16,100.45,59.61,57.53,36.94,35.66,217.20,17.03,1.14,0.64,0.54,1.78,0.85,500,73.60,100.65,63.01,59.81,40.36,38.31,224.20,17.89,1.16,0.68,0.56,1.70,0.82,293,78.84,99.25,64.02,57.27,43.49,38.91,229.90,18.62,46500.00,16.34,17.08,217.27,22.73
2025-11-12,Jrue Holiday,PG,POR,NO,6800,33.66,13.36,38.18,5.61,,,Portland Trail Blazers,New Orleans Pelicans,Jrue Holiday,10,0.21,38.80,78.40,33.50,740,10,0.21,38.80,78.40,33.50,740,5.00,0.20,37.50,81.40,34.70,381.00,3.00,0.23,42.60,83.30,35.10,240.00,1.16,0.49,0.52,2.34,1.06,1050,70.48,102.43,76.48,78.78,37.85,38.99,206.50,18.79,1.16,0.49,0.52,2.34,1.06,1050,70.48,102.43,76.48,78.78,37.85,38.99,206.50,18.79,1.08,0.46,0.49,2.35,1.07,519,73.41,101.80,79.83,78.97,36.78,36.38,207.30,18.09,1.21,0.51,0.53,2.37,1.04,319,75.24,103.00,80.69,79.89,41.26,40.86,213.70,19.93,42000.00,16.19,41.52,204.72,35.28
2025-11-12,Derrick White,SG/PG,BOS,MEM,7500,32.24,6.68,38.06,5.07,,,Boston Celtics,Memphis Grizzlies,Derrick White,12,0.23,35.20,82.80,33.00,804,10,0.22,35.40,81.90,32.70,662,5.00,0.20,40.20,85.40,34.00,344.00,3.00,0.24,40.20,90.70,36.20,220.00,1.07,0.43,0.53,2.51,1.24,1161,69.25,100.10,85.67,80.89,36.42,34.39,214.20,16.43,1.08,0.43,0.53,2.50,1.24,967,68.46,99.38,84.17,80.74,36.38,34.90,220.00,16.09,1.18,0.47,0.58,2.51,1.24,483,71.22,99.80,88.23,80.97,41.53,38.12,225.50,17.83,1.11,0.44,0.55,2.51,1.24,289,76.12,99.84,94.00,80.77,41.66,35.80,215.60,18.65,47600.00,15.76,24.85,227.27,12.73
2025-11-12,Jarrett Allen,C/PF,CLE,MIA,6500,30.32,24.93,36.97,5.69,,,Cleveland Cavaliers,Miami Heat,Jarrett Allen,9,0.20,32.80,34.80,26.20,523,8,0.21,35.00,36.50,26.00,460,4.00,0.22,37.70,38.80,25.30,227.00,3.00,0.21,31.80,36.00,23.80,162.00,1.25,0.94,0.56,1.33,0.60,1143,45.76,104.78,28.71,40.27,27.06,37.95,159.70,20.54,1.35,0.96,0.61,1.40,0.63,1038,44.32,104.44,29.38,42.56,28.17,40.81,162.10,21.59,1.49,0.97,0.66,1.53,0.68,532,42.67,105.16,30.68,46.49,29.81,45.17,168.20,22.41,1.34,0.88,0.59,1.51,0.67,320,50.62,105.26,35.53,45.85,31.38,40.51,162.40,19.58,39300.00,16.54,102.16,225.68,14.32
2025-11-12,Amen Thompson,SG/PG,HOU,WAS,8100,31.90,9.32,36.59,4.52,Confirmed,,Houston Rockets,Washington Wizards,Amen Thompson,9,0.21,35.90,75.00,35.60,659,9,0.21,35.90,75.00,35.60,659,5.00,0.23,40.70,82.80,37.20,389.00,3.00,0.22,41.50,85.00,38.30,239.00,1.01,0.48,0.49,2.11,1.02,908,72.58,101.43,75.40,67.21,36.09,32.17,233.20,15.39,1.01,0.48,0.49,2.11,1.02,908,72.58,101.30,75.31,67.21,36.05,32.17,233.20,15.39,1.09,0.49,0.52,2.23,1.06,500,77.80,101.48,84.03,71.00,41.30,34.90,229.30,17.75,1.08,0.49,0.52,2.22,1.07,300,79.67,102.28,86.94,70.80,42.45,34.57,228.30,18.18,48900.00,16.56,33.17,214.50,25.50
2025-11-12,Austin Reaves,SG/SF,LAL,OKC,8300,33.27,1.94,36.58,4.41,,,Los Angeles Lakers,Oklahoma City Thunder,Austin Reaves,8,0.30,51.30,89.00,36.80,624,7,0.30,52.00,89.40,36.80,549,2.00,0.29,44.90,88.00,33.60,148.00,1.00,0.32,45.50,76.00,29.40,62.00,1.39,0.58,0.66,2.42,1.14,1108,56.32,100.38,64.50,80.47,37.18,46.38,262.00,19.58,1.41,0.58,0.66,2.43,1.14,1006,54.57,100.62,62.59,80.83,36.41,47.02,268.00,19.40,1.34,0.51,0.61,2.62,1.19,502,29.48,101.25,35.50,87.14,18.11,44.46,259.20,17.32,1.55,0.60,0.73,2.59,1.23,294,21.09,99.83,25.81,86.01,15.45,51.49,241.10,18.87,54600.00,15.20,9.53,237.84,2.16
2025-11-12,OG Anunoby,SF/PF,NY,ORL,6700,33.22,0.88,36.51,5.45,,,New York Knicks,Orlando Magic,OG Anunoby,10,0.20,35.50,52.30,33.40,712,10,0.20,35.50,52.30,33.40,712,5.00,0.21,36.60,51.20,32.20,346.00,3.00,0.22,35.50,48.70,31.40,203.00,1.06,0.68,0.50,1.57,0.73,1002,71.06,100.95,52.69,52.02,35.77,35.31,248.00,14.31,1.06,0.68,0.50,1.57,0.73,1002,71.06,100.45,52.43,52.02,35.59,35.31,248.00,14.31,1.14,0.71,0.53,1.59,0.74,505,68.51,100.65,51.02,52.82,36.47,37.76,259.40,14.11,1.13,0.73,0.52,1.55,0.72,302,67.22,99.25,48.01,51.52,35.00,37.56,258.50,13.73,50700.00,13.21,17.26,231.18,8.82
2025-11-12,Russell Westbrook,PG,SAC,ATL,6700,31.62,12.89,36.39,5.43,,,Sacramento Kings,Atlanta Hawks,Russell Westbrook,11,0.23,32.80,61.10,28.30,678,10,0.23,34.50,63.20,29.20,640,5.00,0.24,39.00,71.80,31.00,343.00,3.00,0.26,29.50,65.00,27.40,177.00,1.16,0.54,0.53,2.16,0.99,1126,60.21,101.87,60.81,68.27,32.64,36.65,198.50,16.52,1.18,0.55,0.54,2.16,0.99,1026,62.38,101.35,62.43,68.44,34.08,37.36,196.30,17.58,1.26,0.54,0.57,2.32,1.05,520,65.96,102.05,70.45,73.23,38.27,39.78,190.10,20.52,1.08,0.45,0.50,2.37,1.10,306,57.84,99.91,63.67,75.01,28.90,34.04,163.20,18.08,43400.00,15.44,37.67,217.95,22.05
2025-11-12,Jaime Jaquez,SF,MIA,CLE,6700,25.52,8.82,36.01,5.38,,,Miami Heat,Cleveland Cavaliers,Jaime Jaquez Jr.,11,0.21,36.10,69.00,29.80,734,10,0.22,37.10,69.90,29.80,665,5.00,0.20,38.90,72.00,29.50,332.00,3.00,0.21,47.00,80.00,31.70,216.00,1.21,0.52,0.54,2.32,1.03,1186,61.89,104.78,67.06,59.09,35.08,30.92,232.50,15.53,1.24,0.53,0.56,2.35,1.05,1074,61.92,104.44,67.97,59.87,36.08,31.77,234.10,15.85,1.32,0.54,0.59,2.44,1.08,544,61.03,105.16,69.59,62.29,37.60,33.65,251.20,15.49,1.48,0.59,0.65,2.52,1.11,335,64.48,105.26,75.41,64.41,44.30,37.84,277.90,16.91,49600.00,13.51,45.02,241.14,-1.14
2025-11-12,Kon Knueppel,SF/SG,CHA,MIL,6200,34.08,16.20,35.76,5.77,,,Charlotte Hornets,Milwaukee Bucks,Kon Knueppel,10,0.20,28.80,52.80,32.20,692,10,0.20,28.80,52.80,32.20,692,5.00,0.21,37.50,62.80,35.40,374.00,3.00,0.23,42.70,68.00,36.80,231.00,0.89,0.55,0.42,1.64,0.76,1021,67.78,102.31,52.91,55.88,28.86,30.48,199.00,14.47,0.89,0.55,0.42,1.64,0.76,1021,67.78,102.07,52.78,55.88,28.79,30.48,199.00,14.47,1.06,0.60,0.50,1.77,0.84,500,74.80,101.25,63.59,60.46,37.97,36.10,215.10,17.43,1.16,0.63,0.55,1.85,0.88,298,77.52,101.17,69.26,62.98,43.49,39.55,220.10,19.40,47100.00,13.16,35.66,233.02,6.98
2025-11-12,Ajay Mitchell,PG/SG,OKC,LAL,6300,29.76,2.31,35.54,5.64,,,Oklahoma City Thunder,Los Angeles Lakers,Ajay Mitchell,12,0.24,32.20,53.50,28.20,723,10,0.23,32.40,54.80,28.60,612,5.00,0.23,35.30,53.80,29.10,316.00,3.00,0.21,40.30,58.70,31.40,201.00,1.14,0.60,0.53,1.90,0.89,1242,58.21,100.38,51.89,56.47,31.23,33.99,240.00,13.42,1.13,0.59,0.53,1.92,0.90,1008,60.71,100.62,54.70,57.03,32.34,33.72,239.30,13.54,1.21,0.66,0.56,1.85,0.85,513,61.60,101.25,53.09,55.03,34.84,36.11,233.40,15.12,1.28,0.69,0.60,1.87,0.88,306,65.69,99.83,57.45,55.64,39.44,38.20,238.00,16.93,48300.00,13.04,23.39,215.28,24.72
2025-11-12,Myles Turner,C,MIL,CHA,6300,31.01,10.70,35.42,5.62,,,Milwaukee Bucks,Charlotte Hornets,Myles Turner,11,0.18,30.90,36.70,29.10,687,10,0.17,30.40,36.10,29.10,619,5.00,0.19,35.70,36.40,29.60,315.00,3.00,0.21,38.20,39.70,31.00,199.00,1.06,0.84,0.49,1.26,0.59,1125,61.07,102.31,36.71,39.11,30.91,32.93,169.70,18.21,1.04,0.84,0.49,1.24,0.58,1018,60.81,102.07,36.20,38.47,30.48,32.40,169.60,17.92,1.21,0.98,0.57,1.23,0.58,511,61.64,101.25,36.06,38.14,35.37,37.40,164.80,21.66,1.23,0.96,0.58,1.28,0.60,307,64.82,101.17,39.25,39.72,37.77,38.22,179.20,21.32,39200.00,16.07,99.45,224.63,15.37
2025-11-12,P.J. Washington,PF/SF,DAL,PHO,6600,33.73,12.29,35.41,5.37,,,Dallas Mavericks,Phoenix Suns,P.J. Washington,11,0.21,32.90,58.80,32.80,782,10,0.22,33.70,60.00,33.20,722,5.00,0.24,36.30,55.20,31.60,342.00,3.00,0.23,30.60,48.00,28.00,182.00,1.00,0.56,0.46,1.79,0.83,1131,69.14,101.53,58.06,60.47,32.49,33.83,206.50,15.93,1.02,0.56,0.47,1.81,0.83,1030,70.10,101.60,59.18,60.96,33.24,34.24,219.10,15.38,1.15,0.66,0.53,1.75,0.81,508,67.32,99.55,54.09,58.92,35.57,38.75,232.10,15.64,1.09,0.64,0.50,1.71,0.79,307,59.28,98.66,46.28,57.82,29.50,36.86,200.10,15.29,47600.00,13.87,33.23,223.73,16.27
2025-11-12,Grayson Allen,SG/SF,PHO,DAL,6300,32.28,1.46,35.18,5.58,,,Phoenix Suns,Dallas Mavericks,Grayson Allen,11,0.20,32.80,61.00,33.80,787,10,0.20,32.80,61.20,33.60,710,5.00,0.21,35.00,57.20,32.90,341.00,3.00,0.23,38.50,53.30,31.70,195.00,0.97,0.54,0.46,1.80,0.85,1113,70.71,101.53,61.21,58.25,32.91,31.32,212.50,15.44,0.98,0.54,0.46,1.82,0.86,1011,70.23,101.60,61.50,58.79,32.96,31.51,211.40,15.52,1.06,0.61,0.51,1.74,0.84,487,70.02,99.55,58.46,56.12,35.77,34.34,201.90,17.34,1.21,0.72,0.59,1.68,0.82,285,68.42,98.66,55.35,54.27,39.98,39.20,194.40,19.80,41700.00,15.11,16.91,197.00,43.00
2025-11-12,Mikal Bridges,SG/SF,NY,ORL,6300,33.89,0.58,35.08,5.57,,,New York Knicks,Orlando Magic,Mikal Bridges,10,0.15,36.30,62.90,34.70,731,10,0.15,36.30,62.90,34.70,731,5.00,0.15,33.80,57.20,32.60,340.00,3.00,0.17,34.80,57.30,32.90,204.00,1.05,0.58,0.50,1.81,0.86,1002,72.95,100.95,63.37,61.43,36.57,35.45,248.00,14.64,1.05,0.58,0.50,1.81,0.86,1002,72.95,100.45,63.06,61.43,36.39,35.45,248.00,14.64,1.04,0.59,0.50,1.75,0.84,505,67.33,100.65,57.00,59.46,33.68,35.13,259.40,13.03,1.06,0.61,0.51,1.74,0.84,302,67.55,99.25,56.49,59.02,34.31,35.84,258.50,13.46,50700.00,12.43,17.26,231.18,8.82
2025-11-12,Kel'el Ware,C/PF,MIA,CLE,6600,29.02,6.65,34.77,5.27,,,Miami Heat,Cleveland Cavaliers,Kel'el Ware,11,0.18,27.40,34.30,22.60,558,10,0.18,28.40,35.90,23.50,524,5.00,0.18,35.20,40.40,26.30,290.00,3.00,0.18,35.50,43.30,28.80,192.00,1.21,0.80,0.54,1.52,0.68,1186,47.05,104.78,33.33,44.04,26.63,35.18,232.50,11.78,1.21,0.79,0.54,1.53,0.69,1074,48.79,104.44,34.91,44.33,27.62,35.07,234.10,12.13,1.34,0.87,0.61,1.54,0.70,544,53.31,105.16,39.05,44.57,34.02,38.83,251.20,14.01,1.23,0.82,0.55,1.50,0.68,335,57.31,105.26,40.82,43.62,33.46,35.77,277.90,12.77,49600.00,13.31,45.02,241.14,-1.14
2025-11-12,Jamal Murray,PG/SG,DEN,LAC,7900,32.79,5.85,34.76,4.40,P,,Denver Nuggets,LA Clippers,Jamal Murray,9,0.26,39.70,68.60,33.60,637,9,0.26,39.70,68.60,33.60,637,4.00,0.23,37.90,73.80,33.40,288.00,2.00,0.23,40.70,76.00,34.00,139.00,1.18,0.58,0.56,2.04,0.97,1020,62.45,98.60,59.68,66.96,34.54,38.75,225.00,17.64,1.18,0.58,0.56,2.04,0.97,1020,62.45,98.60,59.68,66.96,34.54,38.75,225.00,17.64,1.13,0.51,0.53,2.21,1.02,508,56.69,98.85,57.44,72.46,29.50,37.21,232.70,16.29,1.20,0.54,0.59,2.24,1.09,295,47.12,95.75,49.34,73.31,26.42,39.26,221.50,18.37,48400.00,16.32,19.48,218.07,21.93
2025-11-12,Cooper Flagg,PG/SG/SF,DAL,PHO,6900,33.58,7.39,34.64,5.02,,,Dallas Mavericks,Phoenix Suns,Cooper Flagg,11,0.21,31.40,59.90,32.70,777,10,0.21,32.30,59.80,32.80,708,5.00,0.22,35.00,59.00,32.90,346.00,3.00,0.23,36.10,55.70,31.90,204.00,0.96,0.52,0.44,1.83,0.85,1131,68.70,101.53,59.15,61.52,31.01,32.25,206.50,15.21,0.98,0.54,0.46,1.82,0.84,1030,68.74,101.60,58.99,61.23,31.86,33.07,219.10,14.74,1.06,0.59,0.51,1.79,0.85,508,68.11,99.55,57.81,60.23,34.29,35.73,232.10,15.08,1.13,0.65,0.53,1.75,0.82,307,66.45,98.66,53.70,58.64,34.80,38.01,200.10,18.04,47600.00,14.50,33.23,223.73,16.27
2025-11-12,Jalen Johnson,PF/SF,ATL,SAC,8400,32.03,11.65,34.53,4.11,,,Atlanta Hawks,Sacramento Kings,Jalen Johnson,9,0.24,40.50,77.30,32.30,633,8,0.24,39.90,75.50,32.00,549,4.00,0.23,38.60,81.00,33.90,290.00,2.00,0.24,38.70,76.50,33.90,137.00,1.25,0.52,0.58,2.39,1.10,1114,56.82,101.87,63.62,76.64,33.33,40.16,216.60,18.70,1.25,0.53,0.58,2.36,1.10,1001,54.85,101.35,61.15,75.56,32.32,39.93,219.80,18.15,1.14,0.48,0.53,2.39,1.12,501,57.88,102.05,66.00,76.52,31.45,36.47,225.00,17.16,1.14,0.51,0.56,2.26,1.12,293,46.76,99.91,52.17,72.27,26.39,36.56,231.80,16.70,48400.00,17.36,36.55,213.61,26.39
2025-11-12,Domantas Sabonis,C/PF,SAC,ATL,8300,32.99,8.71,34.48,4.15,Q,,Sacramento Kings,Atlanta Hawks,Domantas Sabonis,8,0.21,38.50,70.60,32.90,556,8,0.21,38.50,70.60,32.90,556,3.00,0.24,38.90,68.70,30.80,197.00,2.00,0.30,37.40,65.50,27.70,114.00,1.17,0.55,0.55,2.15,1.02,1126,49.38,101.87,51.10,70.79,27.86,38.60,198.50,19.40,1.17,0.55,0.55,2.15,1.02,1026,54.19,101.35,55.79,70.79,30.42,38.60,196.30,19.61,1.26,0.57,0.59,2.23,1.05,520,37.88,102.05,40.45,73.58,22.90,41.66,190.10,20.46,1.35,0.57,0.66,2.36,1.15,306,37.25,99.91,42.77,78.00,24.42,44.54,163.20,22.92,43400.00,19.12,37.67,217.95,22.05
2025-11-12,Dyson Daniels,SG/PG,ATL,SAC,7400,34.09,9.67,34.39,4.65,,,Atlanta Hawks,Sacramento Kings,Dyson Daniels,11,0.14,31.20,64.10,33.60,779,10,0.15,33.00,67.00,34.60,725,5.00,0.15,36.60,76.20,36.20,376.00,3.00,0.14,35.10,80.30,36.50,223.00,0.93,0.49,0.44,1.91,0.91,1114,69.93,101.87,64.48,65.04,31.38,31.66,216.60,14.40,0.95,0.49,0.46,1.94,0.92,1001,72.43,101.35,67.84,66.02,33.41,32.52,219.80,15.01,1.01,0.48,0.49,2.10,1.01,501,75.05,102.05,77.61,71.76,37.28,34.47,225.00,16.27,0.96,0.44,0.47,2.20,1.08,293,76.11,99.91,82.14,75.00,35.91,32.78,231.80,15.14,48400.00,15.29,36.55,213.61,26.39
2025-11-12,Ryan Rollins,PG/SG,MIL,CHA,6400,32.01,25.35,33.78,5.28,,,Milwaukee Bucks,Charlotte Hornets,Ryan Rollins,11,0.21,33.40,68.10,31.10,722,10,0.21,34.60,68.50,31.30,655,5.00,0.21,30.20,66.20,30.10,315.00,3.00,0.20,37.30,72.30,31.20,196.00,1.07,0.49,0.51,2.19,1.04,1125,64.18,102.31,68.12,70.09,33.41,34.38,169.70,19.68,1.11,0.51,0.53,2.19,1.05,1018,64.34,102.07,68.68,70.05,34.69,35.38,169.60,20.40,1.00,0.46,0.48,2.20,1.05,511,61.64,101.25,65.58,70.40,29.92,32.12,164.80,18.33,1.20,0.52,0.57,2.32,1.11,307,63.84,101.17,71.48,74.18,36.88,38.27,179.20,20.81,39200.00,16.33,99.45,224.63,15.37
2025-11-12,Shaedon Sharpe,SG/PG,POR,NO,6200,27.47,1.94,33.20,5.35,,,Portland Trail Blazers,New Orleans Pelicans,Shaedon Sharpe,10,0.30,30.00,50.30,27.10,600,10,0.30,30.00,50.30,27.10,600,5.00,0.30,34.20,48.40,26.30,288.00,3.00,0.31,34.00,48.00,26.50,179.00,1.11,0.60,0.50,1.86,0.84,1050,57.14,102.43,49.07,50.99,29.27,30.41,206.50,14.53,1.11,0.60,0.50,1.86,0.84,1050,57.14,102.43,49.07,50.99,29.27,30.41,206.50,14.53,1.30,0.71,0.59,1.84,0.84,519,55.49,101.80,47.47,50.56,33.54,35.72,207.30,16.50,1.28,0.71,0.57,1.81,0.80,319,56.11,103.00,46.50,49.76,32.93,35.25,213.70,15.91,42000.00,14.76,41.52,204.72,35.28
2025-11-12,Kristaps Porzingis,C/PF,ATL,SAC,6800,26.69,8.55,32.93,4.84,,,Atlanta Hawks,Sacramento Kings,Kristaps Porziņģis,8,0.26,35.20,38.50,26.10,447,7,0.26,35.20,38.00,26.20,384,4.00,0.25,37.30,42.00,27.50,228.00,2.00,0.26,40.30,43.00,28.00,113.00,1.35,0.91,0.63,1.48,0.69,1114,40.13,101.87,28.17,39.37,25.75,35.99,216.60,16.25,1.34,0.93,0.64,1.45,0.69,1001,38.36,101.35,26.93,38.71,24.95,35.86,219.80,16.01,1.36,0.89,0.65,1.53,0.74,501,45.51,102.05,34.22,40.76,30.39,36.20,225.00,16.58,1.44,0.94,0.71,1.54,0.76,293,38.57,99.91,29.33,40.99,27.48,38.41,231.80,17.39,48400.00,14.05,36.55,213.61,26.39
2025-11-12,Kevin Durant,SF/PF,HOU,WAS,8000,32.54,12.94,32.81,4.10,Confirmed,,Houston Rockets,Washington Wizards,Kevin Durant,9,0.25,37.20,62.10,35.70,669,9,0.25,37.20,62.10,35.70,669,5.00,0.25,34.10,61.60,35.30,376.00,3.00,0.26,30.90,62.00,36.10,230.00,1.04,0.60,0.50,1.74,0.84,908,73.68,101.43,62.43,56.61,37.40,33.91,233.20,15.95,1.04,0.60,0.50,1.74,0.84,908,73.68,101.30,62.35,56.61,37.35,33.91,233.20,15.95,0.97,0.55,0.45,1.75,0.82,500,75.20,101.48,62.51,56.79,34.60,31.44,229.30,14.87,0.86,0.50,0.40,1.72,0.81,300,76.67,102.28,63.41,55.89,31.60,27.86,228.30,13.53,48900.00,16.36,33.17,214.50,25.50
2025-11-12,Jimmy Butler,SF/PF,GS,SA,7800,31.06,2.00,32.79,4.20,,,Golden State Warriors,San Antonio Spurs,Jimmy Butler III,11,0.22,35.00,58.80,30.10,697,9,0.21,32.70,55.80,28.70,548,4.00,0.18,28.20,46.00,24.20,207.00,3.00,0.18,34.70,53.70,27.60,178.00,1.16,0.60,0.55,1.95,0.93,1220,57.13,100.34,53.20,60.68,31.66,36.12,201.80,17.34,1.14,0.59,0.54,1.94,0.92,1013,54.10,100.58,49.86,60.39,29.22,35.39,194.70,16.80,1.17,0.61,0.54,1.90,0.89,503,41.15,101.10,36.98,59.04,22.67,36.19,192.40,14.66,1.26,0.65,0.58,1.95,0.91,299,59.53,100.41,54.10,60.43,34.96,39.05,170.50,20.35,45000.00,17.33,14.41,205.31,34.69
2025-11-12,Tre Jones,SG/PG,CHI,DET,6000,30.98,15.18,32.62,5.44,,,Chicago Bulls,Detroit Pistons,Tre Jones,10,0.17,31.80,69.30,29.80,660,10,0.17,31.80,69.30,29.80,660,5.00,0.19,31.40,72.80,30.70,343.00,3.00,0.20,35.70,79.30,30.90,211.00,1.07,0.46,0.48,2.33,1.05,1033,63.89,102.23,68.58,72.05,31.47,33.06,199.10,15.97,1.07,0.46,0.48,2.33,1.05,1033,63.89,102.03,68.45,72.05,31.41,33.06,199.10,15.97,1.02,0.43,0.46,2.37,1.06,517,66.34,101.85,71.71,73.47,30.93,31.69,200.30,15.68,1.16,0.45,0.51,2.57,1.13,314,67.20,102.82,77.90,79.51,35.07,35.80,204.10,17.49,42200.00,14.22,44.81,216.73,23.27
2025-11-12,Chet Holmgren,C/PF,OKC,LAL,7400,29.84,5.49,32.39,4.38,,,Oklahoma City Thunder,Los Angeles Lakers,Chet Holmgren,8,0.22,37.10,45.60,30.40,513,6,0.22,37.50,41.30,27.60,352,4.00,0.21,31.80,35.80,26.60,233.00,3.00,0.21,32.20,35.30,25.40,170.00,1.22,0.81,0.58,1.50,0.71,1242,41.30,100.38,29.48,44.76,23.99,36.41,240.00,15.46,1.36,0.91,0.64,1.50,0.70,1008,34.92,100.62,24.74,44.65,22.46,40.54,239.30,15.67,1.20,0.89,0.55,1.35,0.61,513,45.42,101.25,28.26,40.16,25.11,35.67,233.40,13.62,1.27,0.91,0.57,1.39,0.62,306,55.56,99.83,34.55,41.47,31.51,37.83,238.00,13.53,48300.00,15.32,23.39,215.28,24.72
2025-11-12,Kevin Huerter,SF/SG,CHI,DET,5700,30.95,5.52,31.85,5.59,,,Chicago Bulls,Detroit Pistons,Kevin Huerter,10,0.20,28.00,44.50,26.00,575,10,0.20,28.00,44.50,26.00,575,5.00,0.22,28.90,46.80,26.30,290.00,3.00,0.21,32.20,51.70,28.40,193.00,1.08,0.63,0.49,1.71,0.77,1033,55.66,102.23,44.04,52.98,27.71,33.34,199.10,14.06,1.08,0.63,0.49,1.71,0.77,1033,55.66,102.03,43.95,52.98,27.66,33.34,199.10,14.06,1.10,0.62,0.50,1.78,0.81,517,56.09,101.85,46.10,55.08,28.47,34.01,200.30,14.43,1.13,0.62,0.50,1.82,0.80,314,61.46,102.82,50.79,56.35,31.63,35.10,204.10,15.78,42200.00,13.51,44.81,216.73,23.27
2025-11-12,Norman Powell,SF/SG,MIA,CLE,6500,30.63,11.51,31.62,4.87,,,Miami Heat,Cleveland Cavaliers,Norman Powell,8,0.27,35.80,48.30,31.00,560,7,0.27,34.10,46.60,30.20,473,5.00,0.28,31.90,48.60,31.00,347.00,3.00,0.28,36.50,50.30,32.00,219.00,1.15,0.74,0.51,1.56,0.69,1186,47.22,104.78,34.14,47.72,25.30,35.37,232.50,15.40,1.13,0.73,0.50,1.54,0.69,1074,44.04,104.44,31.72,47.26,23.21,34.58,234.10,14.57,1.03,0.66,0.46,1.57,0.70,544,63.79,105.16,46.97,48.01,30.83,31.52,251.20,12.70,1.14,0.73,0.50,1.57,0.69,335,65.37,105.26,47.41,48.14,34.41,34.93,277.90,13.13,49600.00,13.10,45.02,241.14,-1.14
2025-11-12,Nikola Vucevic,C,CHI,DET,7300,31.01,12.39,31.62,4.33,,,Chicago Bulls,Detroit Pistons,Nikola Vučević,10,0.21,36.50,71.30,31.30,682,10,0.21,36.50,71.30,31.30,682,5.00,0.20,31.00,69.00,30.50,332.00,3.00,0.21,26.40,67.30,29.70,200.00,1.17,0.51,0.54,2.28,1.05,1033,66.02,102.23,70.56,70.64,36.12,36.16,199.10,18.33,1.17,0.51,0.54,2.28,1.05,1033,66.02,102.03,70.42,70.64,36.05,36.16,199.10,18.33,1.02,0.45,0.47,2.26,1.04,517,64.22,101.85,67.97,70.16,30.54,31.52,200.30,15.48,0.89,0.39,0.40,2.27,1.01,314,63.69,102.82,66.11,70.27,25.93,27.57,204.10,12.93,42200.00,17.30,44.81,216.73,23.27
2025-11-12,Andrew Wiggins,SF/PF,MIA,CLE,6400,31.72,12.22,31.08,4.86,,,Miami Heat,Cleveland Cavaliers,Andrew Wiggins,11,0.20,31.50,42.00,32.70,803,10,0.20,31.70,42.70,32.80,727,5.00,0.19,33.70,43.60,34.10,383.00,3.00,0.19,32.90,46.30,35.70,243.00,0.96,0.75,0.43,1.28,0.58,1186,67.71,104.78,40.82,40.74,30.61,30.55,232.50,13.55,0.97,0.74,0.44,1.30,0.59,1074,67.69,104.44,41.52,41.29,30.83,30.65,234.10,13.54,0.99,0.77,0.44,1.28,0.57,544,70.40,105.16,42.14,40.56,32.57,31.35,251.20,13.42,0.92,0.71,0.41,1.30,0.57,335,72.54,105.26,43.64,41.14,31.01,29.23,277.90,11.84,49600.00,12.90,45.02,241.14,-1.14
2025-11-12,De'Andre Hunter,SF/PF,CLE,MIA,6100,31.74,21.82,30.69,5.03,,,Cleveland Cavaliers,Miami Heat,De'Andre Hunter,8,0.25,30.60,52.30,29.00,499,8,0.25,30.60,52.30,29.00,499,4.00,0.24,32.40,53.80,29.30,259.00,3.00,0.24,30.20,52.30,28.80,187.00,1.06,0.59,0.49,1.80,0.84,1143,43.66,104.78,38.36,57.24,22.44,33.49,159.70,19.16,1.06,0.59,0.49,1.80,0.84,1038,48.07,104.44,42.10,57.24,24.63,33.49,162.10,18.88,1.11,0.60,0.50,1.84,0.83,532,48.68,105.16,42.54,58.28,25.62,35.10,168.20,19.26,1.05,0.58,0.48,1.82,0.84,320,58.44,105.26,51.61,57.63,29.80,33.28,162.40,18.60,39300.00,15.52,102.16,225.68,14.32
2025-11-12,CJ McCollum,SG/PG,WAS,HOU,6100,28.12,1.27,30.31,4.97,,,Washington Wizards,Houston Rockets,CJ McCollum,11,0.23,27.10,52.80,29.30,713,10,0.24,27.70,53.60,29.30,647,5.00,0.27,29.90,54.60,28.70,312.00,3.00,0.30,43.40,68.30,34.70,229.00,0.92,0.51,0.42,1.80,0.81,1170,60.94,101.43,50.35,50.67,25.84,26.01,203.40,13.32,0.95,0.52,0.43,1.83,0.83,1063,60.87,101.30,51.08,51.44,26.40,26.58,201.10,13.77,1.04,0.55,0.48,1.90,0.88,525,59.43,101.48,52.77,53.49,28.90,29.29,194.40,15.38,1.25,0.64,0.57,1.97,0.89,323,70.90,102.28,64.88,55.34,41.23,35.17,219.00,19.82,44400.00,13.74,6.42,213.54,26.46
2025-11-12,Mark Williams,C,PHO,DAL,6000,26.67,5.01,30.10,5.02,,,Phoenix Suns,Dallas Mavericks,Mark Williams,10,0.16,30.00,35.10,25.10,537,9,0.17,30.70,36.60,25.20,484,5.00,0.16,30.10,36.40,25.80,265.00,3.00,0.14,27.00,36.00,25.50,155.00,1.20,0.85,0.56,1.40,0.65,1113,48.25,101.53,32.02,37.30,27.37,31.88,212.50,14.12,1.22,0.84,0.57,1.45,0.68,1011,47.87,101.60,33.10,38.74,27.77,32.49,211.40,14.52,1.17,0.83,0.57,1.41,0.69,487,54.41,99.55,37.20,37.63,30.76,31.12,201.90,14.91,1.06,0.75,0.52,1.41,0.70,285,54.39,98.66,37.39,37.66,28.04,28.24,194.40,13.89,41700.00,14.39,16.91,197.00,43.00
2025-11-12,DeMar DeRozan,SF/PF,SAC,ATL,6500,34.32,12.62,29.86,4.59,,,Sacramento Kings,Atlanta Hawks,DeMar DeRozan,11,0.21,32.50,44.20,34.80,824,10,0.21,30.00,43.70,34.60,743,5.00,0.23,28.40,40.40,32.00,347.00,3.00,0.21,28.00,38.30,29.50,184.00,0.93,0.74,0.43,1.27,0.59,1126,73.18,101.87,43.99,43.59,32.34,32.05,198.50,16.37,0.87,0.69,0.40,1.26,0.59,1026,72.42,101.35,43.17,43.34,29.63,29.75,196.30,15.28,0.89,0.70,0.41,1.26,0.58,520,66.73,102.05,39.64,43.33,27.87,30.46,190.10,14.94,0.95,0.73,0.46,1.30,0.62,306,60.13,99.91,37.52,44.55,27.43,32.57,163.20,17.16,43400.00,14.98,37.67,217.95,22.05
2025-11-12,Jalen Suggs,PG/SG,ORL,NY,5200,27.24,6.17,29.47,5.67,,,Orlando Magic,New York Knicks,Jalen Suggs,8,0.21,26.30,47.50,20.70,370,7,0.21,26.40,48.60,21.40,330,4.00,0.23,29.80,53.30,22.30,189.00,2.00,0.21,31.90,59.00,24.70,105.00,1.27,0.55,0.57,2.29,1.03,1117,33.12,100.95,34.34,62.51,19.02,34.61,218.50,12.04,1.23,0.54,0.56,2.27,1.03,1006,32.80,100.45,33.97,61.87,18.45,33.61,217.20,12.15,1.34,0.56,0.63,2.39,1.13,500,37.80,100.65,42.92,65.11,23.99,36.41,224.20,13.29,1.29,0.54,0.61,2.39,1.12,293,35.84,99.25,39.97,65.07,21.61,35.18,229.90,13.88,46500.00,11.18,17.08,217.27,22.73
2025-11-12,Desmond Bane,SG/SF,ORL,NY,6200,32.03,6.51,29.35,4.73,,,Orlando Magic,New York Knicks,Desmond Bane,11,0.21,26.60,53.30,30.60,721,10,0.20,25.90,52.50,30.50,647,5.00,0.19,27.60,49.20,29.40,313.00,3.00,0.20,34.60,60.00,34.90,220.00,0.87,0.50,0.41,1.74,0.81,1117,64.55,100.95,52.99,55.80,26.44,27.85,218.50,12.17,0.85,0.49,0.40,1.72,0.81,1006,64.31,100.45,52.42,55.14,25.86,27.20,217.20,11.92,0.94,0.56,0.44,1.67,0.79,500,62.60,100.65,49.52,53.61,27.78,30.07,224.20,12.31,0.99,0.58,0.47,1.72,0.82,293,75.09,99.25,60.97,55.07,35.16,31.76,229.90,15.05,46500.00,13.33,17.08,217.27,22.73
2025-11-12,Cedric Coward,SG/SF,MEM,BOS,5900,26.48,5.41,29.29,4.96,,,Memphis Grizzlies,Boston Celtics,Cedric Coward,12,0.18,29.40,49.60,27.00,717,10,0.19,29.70,51.60,27.90,614,5.00,0.18,30.80,58.00,29.30,325.00,3.00,0.18,33.60,60.30,29.00,197.00,1.09,0.59,0.49,1.84,0.83,1242,57.73,100.10,47.97,48.65,28.43,28.84,190.10,15.47,1.06,0.58,0.48,1.85,0.84,1020,60.20,99.38,50.27,48.98,28.94,28.19,193.00,15.39,1.05,0.53,0.47,1.98,0.89,514,63.23,99.80,56.31,52.42,29.90,27.84,187.30,16.44,1.16,0.56,0.51,2.08,0.92,311,63.34,99.84,58.07,55.07,32.36,30.68,189.60,17.72,40700.00,14.50,42.09,229.60,10.40
2025-11-12,Deandre Ayton,C,LAL,OKC,6100,31.14,0.70,28.96,4.75,,,Los Angeles Lakers,Oklahoma City Thunder,Deandre Ayton,10,0.20,29.00,46.90,30.50,638,9,0.21,30.40,47.60,30.10,564,4.00,0.21,31.30,44.30,29.10,240.00,3.00,0.17,25.10,39.00,28.70,175.00,0.95,0.62,0.45,1.54,0.74,1108,57.58,100.38,42.49,47.89,26.27,29.61,262.00,11.07,1.01,0.64,0.49,1.58,0.76,1006,56.06,100.62,42.85,49.25,27.37,31.45,268.00,11.34,1.08,0.71,0.52,1.52,0.74,502,47.81,101.25,35.74,47.41,25.25,33.50,259.20,12.08,0.87,0.64,0.43,1.36,0.67,294,59.52,99.83,39.73,42.32,25.57,27.24,241.10,10.41,54600.00,11.17,9.53,237.84,2.16
2025-11-12,Nikola Jovic,PF,MIA,CLE,5300,26.06,2.78,28.86,5.44,,,Miami Heat,Cleveland Cavaliers,Nikola Jović,11,0.19,21.80,41.20,22.60,566,10,0.19,22.70,41.80,22.50,509,5.00,0.22,26.90,42.60,22.90,257.00,3.00,0.23,35.90,50.00,25.70,177.00,0.96,0.53,0.42,1.82,0.80,1186,47.72,104.78,40.04,47.51,21.19,25.14,232.50,9.38,1.01,0.54,0.45,1.86,0.82,1074,47.39,104.44,40.65,48.41,22.07,26.29,234.10,9.70,1.17,0.63,0.52,1.86,0.83,544,47.24,105.16,41.17,48.48,26.00,30.61,251.20,10.71,1.40,0.72,0.61,1.95,0.85,335,52.84,105.26,47.13,50.70,33.84,36.40,277.90,12.92,49600.00,10.69,45.02,241.14,-1.14
2025-11-12,Wendell Carter,C,ORL,NY,5600,30.08,0.16,28.44,5.08,,,Orlando Magic,New York Knicks,Wendell Carter Jr.,11,0.17,26.80,42.50,28.90,676,10,0.17,27.10,43.50,28.90,609,5.00,0.18,28.40,47.20,30.10,316.00,3.00,0.21,29.70,49.70,30.90,192.00,0.93,0.63,0.44,1.47,0.69,1117,60.52,100.95,42.25,44.24,26.64,27.90,218.50,12.27,0.94,0.62,0.44,1.51,0.71,1006,60.54,100.45,43.44,45.28,27.06,28.21,217.20,12.48,0.94,0.60,0.45,1.57,0.75,500,63.20,100.65,47.51,47.17,28.58,28.38,224.20,12.67,0.96,0.60,0.46,1.61,0.78,293,65.53,99.25,50.51,48.39,30.18,28.91,229.90,12.92,46500.00,12.04,17.08,217.27,22.73
2025-11-12,Jaren Jackson,PF/C,MEM,BOS,6400,29.62,13.07,28.43,4.44,,,Memphis Grizzlies,Boston Celtics,Jaren Jackson Jr.,12,0.22,29.60,43.20,28.80,745,10,0.21,28.70,43.10,29.80,636,5.00,0.21,29.60,40.40,29.50,318.00,3.00,0.24,26.60,42.30,29.00,192.00,1.03,0.69,0.48,1.50,0.70,1242,59.98,100.10,41.78,44.43,28.63,30.45,190.10,15.57,0.96,0.67,0.45,1.45,0.68,1020,62.35,99.38,41.99,42.84,27.96,28.53,193.00,14.87,1.00,0.73,0.47,1.37,0.64,514,61.87,99.80,39.22,40.57,28.74,29.72,187.30,15.80,0.92,0.63,0.42,1.46,0.66,311,61.74,99.84,40.74,43.21,25.62,27.17,189.60,14.03,40700.00,15.72,42.09,229.60,10.40
2025-11-12,Davion Mitchell,PG,MIA,CLE,5600,30.64,1.82,28.29,5.05,,,Miami Heat,Cleveland Cavaliers,Davion Mitchell,11,0.14,27.20,69.90,30.10,737,10,0.14,25.00,68.60,29.60,654,5.00,0.13,30.80,73.40,32.40,361.00,3.00,0.13,31.10,74.00,32.10,215.00,0.90,0.39,0.41,2.32,1.04,1186,62.14,104.78,67.93,71.15,26.43,27.68,232.50,11.70,0.84,0.36,0.38,2.32,1.05,1074,60.89,104.44,66.71,71.00,24.31,25.88,234.10,10.68,0.95,0.42,0.43,2.27,1.02,544,66.36,105.16,70.94,69.41,29.77,29.12,251.20,12.26,0.97,0.42,0.43,2.31,1.03,335,64.18,105.26,69.75,70.63,29.32,29.68,277.90,11.19,49600.00,11.29,45.02,241.14,-1.14
2025-11-12,Marcus Smart,SG/SF,LAL,OKC,5000,30.69,0.19,27.92,5.58,,,Los Angeles Lakers,Oklahoma City Thunder,Marcus Smart,9,0.16,23.20,48.70,28.70,554,8,0.16,25.00,49.90,29.50,502,5.00,0.17,29.20,57.20,29.90,319.00,3.00,0.17,30.10,54.30,30.40,190.00,0.81,0.48,0.38,1.70,0.79,1108,50.00,100.38,39.71,52.07,18.92,24.81,262.00,8.85,0.85,0.50,0.40,1.69,0.80,1006,49.90,100.62,39.93,51.91,20.00,26.01,268.00,9.33,0.98,0.51,0.46,1.91,0.90,502,63.55,101.25,57.68,58.71,29.45,29.97,259.20,11.27,0.99,0.55,0.48,1.79,0.86,294,64.63,99.83,55.31,54.81,30.66,30.38,241.10,12.48,54600.00,9.16,9.53,237.84,2.16
2025-11-12,Royce O'Neale,SF/PF,PHO,DAL,5400,28.69,0.33,27.87,5.16,,,Phoenix Suns,Dallas Mavericks,Royce O'Neale,11,0.15,27.50,62.00,30.70,723,10,0.15,28.00,62.60,30.90,658,5.00,0.15,26.70,54.20,27.60,285.00,3.00,0.17,28.20,47.00,26.80,157.00,0.90,0.44,0.42,2.02,0.94,1113,64.96,101.53,62.21,57.94,27.59,25.70,212.50,12.94,0.91,0.45,0.43,2.03,0.95,1011,65.08,101.60,62.91,58.12,28.14,26.00,211.40,13.25,0.97,0.49,0.47,1.96,0.95,487,58.52,99.55,55.40,56.34,27.29,27.75,201.90,13.22,1.05,0.60,0.54,1.75,0.90,285,55.09,98.66,48.81,50.32,29.29,30.19,194.40,14.51,41700.00,12.95,16.91,197.00,43.00
2025-11-12,Jerami Grant,PF/SF,POR,NO,5600,26.86,2.10,27.43,4.90,,,Portland Trail Blazers,New Orleans Pelicans,Jerami Grant,10,0.23,30.10,47.70,28.70,632,10,0.23,30.10,47.70,28.70,632,5.00,0.22,28.80,52.60,29.90,327.00,3.00,0.23,28.40,52.00,28.90,195.00,1.05,0.63,0.48,1.66,0.75,1050,60.19,102.43,46.53,44.64,29.36,28.17,206.50,14.58,1.05,0.63,0.48,1.66,0.75,1050,60.19,102.43,46.53,44.64,29.36,28.17,206.50,14.58,0.96,0.55,0.44,1.76,0.80,519,63.01,101.80,51.59,47.25,28.25,25.87,207.30,13.89,0.98,0.55,0.44,1.80,0.80,319,61.13,103.00,50.37,48.32,27.51,26.39,213.70,13.29,42000.00,13.33,41.52,204.72,35.28
2025-11-12,Moussa Diabate,C,CHA,MIL,4800,22.16,0.31,27.37,5.70,,,Charlotte Hornets,Milwaukee Bucks,Moussa Diabaté,10,0.15,25.00,30.10,20.90,443,10,0.15,25.00,30.10,20.90,443,5.00,0.14,28.00,30.60,21.80,221.00,3.00,0.12,27.40,28.30,22.70,137.00,1.20,0.83,0.56,1.44,0.68,1021,43.39,102.31,30.16,31.92,25.05,26.51,199.00,12.56,1.20,0.83,0.56,1.44,0.68,1021,43.39,102.07,30.09,31.92,24.99,26.51,199.00,12.56,1.28,0.92,0.63,1.40,0.69,500,44.20,101.25,30.98,31.11,28.35,28.47,215.10,13.02,1.21,0.97,0.60,1.25,0.62,298,45.97,101.17,28.82,27.63,27.91,26.75,220.10,12.45,47100.00,10.19,35.66,233.02,6.98
2025-11-12,Brandon Williams,PG,DAL,PHO,4900,28.55,13.24,27.03,5.52,,,Dallas Mavericks,Phoenix Suns,Brandon Williams,9,0.24,19.10,44.30,18.40,361,8,0.25,20.90,47.00,19.20,337,5.00,0.23,23.60,52.80,21.60,233.00,3.00,0.24,28.60,64.00,27.00,172.00,1.04,0.43,0.48,2.41,1.10,1131,31.92,101.53,35.79,68.75,15.43,29.64,206.50,9.25,1.09,0.44,0.50,2.45,1.12,1030,32.72,101.60,37.09,69.90,16.49,31.08,219.10,9.54,1.09,0.45,0.51,2.44,1.13,508,45.87,99.55,51.73,69.80,23.12,31.20,232.10,10.17,1.06,0.45,0.50,2.37,1.12,307,56.03,98.66,61.70,67.69,27.57,30.25,200.10,14.29,47600.00,10.29,33.23,223.73,16.27
2025-11-12,Aaron Gordon,PF,DEN,LAC,5900,29.49,0.57,26.90,4.56,P,,Denver Nuggets,LA Clippers,Aaron Gordon,9,0.22,30.10,49.00,29.60,564,9,0.22,30.10,49.00,29.60,564,4.00,0.23,29.70,47.00,28.80,249.00,2.00,0.23,27.00,43.50,27.10,111.00,1.02,0.61,0.48,1.66,0.78,1020,55.29,98.60,42.63,48.83,26.19,29.99,225.00,13.38,1.02,0.61,0.48,1.66,0.78,1020,55.29,98.60,42.63,48.83,26.19,29.99,225.00,13.38,1.03,0.63,0.48,1.63,0.76,508,49.02,98.85,36.58,48.13,23.12,30.42,232.70,12.76,1.00,0.62,0.49,1.61,0.78,295,37.63,95.75,28.24,47.34,17.53,29.39,221.50,12.19,48400.00,12.19,19.48,218.07,21.93
2025-11-12,Kyle Kuzma,SF/PF,MIL,CHA,5200,32.56,20.40,26.74,5.14,,,Milwaukee Bucks,Charlotte Hornets,Kyle Kuzma,10,0.20,23.00,37.50,25.00,545,9,0.19,22.00,37.00,25.20,492,5.00,0.20,24.30,36.40,26.50,292.00,3.00,0.15,26.60,37.30,29.90,196.00,0.92,0.61,0.42,1.50,0.69,1125,48.44,102.31,34.10,48.84,20.92,29.96,169.70,13.55,0.87,0.59,0.40,1.47,0.68,1018,48.33,102.07,33.39,47.81,19.85,28.43,169.60,12.97,0.92,0.67,0.42,1.37,0.62,511,57.14,101.25,36.06,44.73,24.07,29.86,164.80,14.75,0.89,0.71,0.41,1.25,0.57,307,63.84,101.17,36.88,40.62,26.30,28.97,179.20,14.84,39200.00,13.27,99.45,224.63,15.37
2025-11-12,Donovan Clingan,C,POR,NO,5600,29.13,2.51,26.32,4.70,,,Portland Trail Blazers,New Orleans Pelicans,Donovan Clingan,10,0.12,26.70,32.70,24.70,549,10,0.12,26.70,32.70,24.70,549,5.00,0.11,21.60,29.60,23.40,258.00,3.00,0.12,24.60,31.00,25.10,166.00,1.08,0.82,0.49,1.32,0.60,1050,52.29,102.43,31.90,38.56,26.05,31.48,206.50,12.93,1.08,0.82,0.49,1.32,0.60,1050,52.29,102.43,31.90,38.56,26.05,31.48,206.50,12.93,0.92,0.73,0.42,1.26,0.57,519,49.71,101.80,29.03,36.84,21.18,26.89,207.30,10.42,0.98,0.79,0.44,1.24,0.56,319,52.04,103.00,30.03,35.97,23.83,28.55,213.70,11.51,42000.00,13.33,41.52,204.72,35.28
2025-11-12,Neemias Queta,C,BOS,MEM,4900,25.42,2.12,26.24,5.36,,,Boston Celtics,Memphis Grizzlies,Neemias Queta,12,0.14,26.10,34.80,24.20,586,10,0.13,26.90,34.40,24.40,494,5.00,0.14,27.60,36.00,27.00,271.00,3.00,0.14,23.60,38.70,28.10,168.00,1.08,0.75,0.53,1.44,0.71,1161,50.47,100.10,36.00,36.56,27.00,27.42,214.20,12.18,1.10,0.78,0.54,1.41,0.70,967,51.09,99.38,35.35,35.84,27.65,28.03,220.00,12.23,1.02,0.77,0.51,1.33,0.66,483,56.11,99.80,37.19,33.90,28.51,25.99,225.50,12.24,0.84,0.61,0.42,1.38,0.69,289,58.13,99.84,40.11,35.01,24.46,21.35,215.60,10.95,47600.00,10.29,24.85,227.27,12.73
2025-11-12,Naji Marshall,SF/PF,DAL,PHO,5100,21.89,0.09,26.21,5.14,,,Dallas Mavericks,Phoenix Suns,Naji Marshall,11,0.15,22.00,33.50,24.60,593,10,0.16,23.60,33.90,24.80,546,5.00,0.20,29.70,37.80,25.80,280.00,3.00,0.22,35.20,44.00,27.10,177.00,0.89,0.66,0.41,1.36,0.62,1131,52.43,101.53,33.08,29.81,21.72,19.58,206.50,10.65,0.95,0.70,0.43,1.37,0.62,1030,53.01,101.60,33.44,29.92,23.28,20.83,219.10,10.77,1.15,0.79,0.53,1.47,0.67,508,55.12,99.55,37.04,32.07,29.10,25.20,232.10,12.80,1.30,0.80,0.60,1.62,0.75,307,57.65,98.66,42.42,35.54,33.94,28.43,200.10,17.59,47600.00,10.71,33.23,223.73,16.27
2025-11-12,Ryan Kalkbrenner,C,CHA,MIL,5500,26.62,0.06,25.98,4.72,,,Charlotte Hornets,Milwaukee Bucks,Ryan Kalkbrenner,10,0.12,25.80,29.10,26.60,574,10,0.12,25.80,29.10,26.60,574,5.00,0.12,25.60,25.80,25.60,277.00,3.00,0.14,24.70,27.30,25.50,165.00,0.97,0.89,0.45,1.09,0.51,1021,56.22,102.31,29.16,29.12,25.85,25.82,199.00,12.96,0.97,0.89,0.45,1.09,0.51,1021,56.22,102.07,29.09,29.12,25.79,25.82,199.00,12.96,1.00,0.99,0.46,1.01,0.47,500,55.40,101.25,26.12,26.83,25.92,26.62,215.10,11.90,0.97,0.90,0.45,1.07,0.50,298,55.37,101.17,27.80,28.50,25.16,25.78,220.10,11.22,47100.00,11.68,35.66,233.02,6.98
2025-11-12,Santi Aldama,PF/C,MEM,BOS,5200,25.65,7.00,25.95,4.99,,,Memphis Grizzlies,Boston Celtics,Santi Aldama,12,0.20,27.40,45.80,25.80,685,10,0.20,28.30,47.60,26.60,583,5.00,0.19,26.40,44.60,27.40,308.00,3.00,0.18,28.40,49.30,29.30,199.00,1.06,0.60,0.48,1.78,0.80,1242,55.15,100.10,44.30,45.53,26.50,27.24,190.10,14.41,1.06,0.59,0.49,1.79,0.82,1020,57.16,99.38,46.38,45.90,27.57,27.29,193.00,14.66,0.96,0.59,0.43,1.63,0.72,514,59.92,99.80,43.30,41.75,25.63,24.71,187.30,14.10,0.97,0.58,0.43,1.68,0.74,311,63.99,99.84,47.48,43.16,27.35,24.86,189.60,14.98,40700.00,12.78,42.09,229.60,10.40
2025-11-12,Max Christie,SF/SG,DAL,PHO,5100,29.63,0.06,25.89,5.08,,,Dallas Mavericks,Phoenix Suns,Max Christie,11,0.16,22.40,41.20,29.90,702,10,0.16,23.50,42.80,30.30,647,5.00,0.18,27.10,42.60,29.80,315.00,3.00,0.19,28.50,42.00,29.70,188.00,0.75,0.54,0.35,1.38,0.65,1131,62.07,101.53,40.68,40.83,22.12,22.20,206.50,10.85,0.78,0.55,0.36,1.41,0.66,1030,62.82,101.60,42.22,41.85,23.18,22.98,219.10,10.73,0.91,0.64,0.43,1.43,0.68,508,62.01,99.55,41.74,42.35,26.55,26.94,232.10,11.68,0.96,0.68,0.45,1.41,0.67,307,61.24,98.66,40.49,41.90,27.48,28.43,200.10,14.24,47600.00,10.71,33.23,223.73,16.27
2025-11-12,Zaccharie Risacher,SF/PF,ATL,SAC,5500,26.90,0.03,25.89,4.71,,,Atlanta Hawks,Sacramento Kings,Zaccharie Risacher,9,0.20,22.50,30.60,25.50,497,8,0.20,22.60,30.50,26.10,444,5.00,0.22,28.30,36.60,27.60,293.00,3.00,0.22,28.70,39.70,29.50,186.00,0.88,0.74,0.41,1.20,0.55,1114,44.61,101.87,25.18,32.28,18.52,23.74,216.60,10.39,0.87,0.74,0.41,1.17,0.55,1001,44.36,101.35,24.70,31.44,18.31,23.30,219.80,10.28,1.03,0.77,0.48,1.33,0.62,501,58.48,102.05,37.28,35.68,28.82,27.59,225.00,12.58,0.97,0.72,0.46,1.35,0.64,293,63.48,99.91,40.61,36.21,29.36,26.17,231.80,12.38,48400.00,11.36,36.55,213.61,26.39
2025-11-12,Mitchell Robinson,C,NY,ORL,4300,20.81,0.12,25.68,5.97,,,New York Knicks,Orlando Magic,Mitchell Robinson,4,0.10,23.70,19.80,16.40,133,4,0.10,23.70,19.80,16.40,133,3.00,0.11,25.20,17.00,15.40,94.00,2.00,0.12,31.10,19.00,16.40,65.00,1.45,1.20,0.71,1.21,0.60,1002,13.27,100.95,7.98,25.12,9.55,30.07,248.00,9.56,1.45,1.20,0.71,1.21,0.60,1002,13.27,100.45,7.94,25.12,9.50,30.07,248.00,9.56,1.64,1.48,0.80,1.10,0.54,505,18.61,100.65,10.16,22.97,15.07,34.05,259.40,9.71,1.90,1.64,0.96,1.16,0.58,302,21.52,99.25,12.49,24.11,20.44,39.46,258.50,12.03,50700.00,8.48,17.26,231.18,8.82
2025-11-12,Matas Buzelis,PF/SF,CHI,DET,5400,29.19,9.39,25.22,4.67,,,Chicago Bulls,Detroit Pistons,Matas Buzelis,10,0.20,25.20,45.00,28.10,621,10,0.20,25.20,45.00,28.10,621,5.00,0.18,24.40,43.00,28.00,311.00,3.00,0.20,24.00,44.70,26.00,178.00,0.90,0.56,0.41,1.60,0.72,1033,60.12,102.23,44.53,46.75,24.94,26.18,199.10,12.66,0.90,0.56,0.41,1.60,0.72,1033,60.12,102.03,44.45,46.75,24.89,26.18,199.10,12.66,0.87,0.57,0.39,1.54,0.69,517,60.15,101.85,42.36,44.83,24.03,25.44,200.30,12.18,0.92,0.54,0.40,1.72,0.75,314,56.69,102.82,43.91,50.19,23.58,26.95,204.10,11.76,42200.00,12.80,44.81,216.73,23.27
2025-11-12,Onyeka Okongwu,C/PF,ATL,SAC,6200,23.49,0.74,25.01,4.03,,,Atlanta Hawks,Sacramento Kings,Onyeka Okongwu,11,0.18,30.00,45.40,28.90,672,10,0.18,30.40,45.90,28.80,604,5.00,0.19,25.30,45.40,27.40,291.00,3.00,0.21,27.50,48.00,28.20,172.00,1.04,0.66,0.49,1.57,0.74,1114,60.32,101.87,45.67,36.89,30.18,24.38,216.60,13.85,1.06,0.66,0.50,1.59,0.76,1001,60.34,101.35,46.47,37.43,30.78,24.79,219.80,13.83,0.92,0.56,0.43,1.66,0.78,501,58.08,102.05,46.24,38.91,25.77,21.69,225.00,11.24,0.98,0.57,0.48,1.70,0.84,293,58.70,99.91,49.10,39.98,28.13,22.90,231.80,11.86,48400.00,12.81,36.55,213.61,26.39
2025-11-12,Payton Pritchard,PG/SG,BOS,MEM,5800,30.93,5.12,24.85,4.28,,,Boston Celtics,Memphis Grizzlies,Payton Pritchard,12,0.20,27.80,65.80,32.00,788,10,0.20,28.00,65.20,31.10,640,5.00,0.20,23.90,62.60,31.00,318.00,3.00,0.19,22.00,60.00,32.10,196.00,0.87,0.42,0.42,2.06,1.00,1161,67.87,100.10,68.08,63.60,28.76,26.87,214.20,12.98,0.90,0.43,0.44,2.10,1.02,967,66.18,99.38,67.01,64.84,28.78,27.85,220.00,12.73,0.77,0.38,0.38,2.02,0.98,483,65.84,99.80,64.67,62.46,24.69,23.84,225.50,10.60,0.69,0.37,0.34,1.87,0.92,289,67.82,99.84,62.18,57.81,22.80,21.20,215.60,10.20,47600.00,12.18,24.85,227.27,12.73
2025-11-12,Derik Queen,PF/C,NO,POR,5000,19.29,0.11,24.65,4.93,,,New Orleans Pelicans,Portland Trail Blazers,Derik Queen,10,0.23,22.20,40.20,19.80,407,10,0.23,22.20,40.20,19.80,407,5.00,0.26,26.50,46.80,20.10,208.00,3.00,0.26,28.40,59.30,25.10,156.00,1.12,0.55,0.55,2.03,0.99,1004,40.54,102.43,41.01,39.16,22.65,21.62,180.50,12.30,1.12,0.55,0.55,2.03,0.99,1004,40.54,102.43,41.01,39.16,22.65,21.62,180.50,12.30,1.32,0.57,0.64,2.33,1.12,500,41.60,101.80,47.64,44.91,26.98,25.43,195.40,13.56,1.13,0.48,0.55,2.36,1.14,298,52.35,103.00,61.49,45.57,29.45,21.82,215.90,13.15,43700.00,11.44,18.00,216.26,23.74
2025-11-12,Jeremiah Fears,PG,NO,POR,5500,28.38,4.49,24.40,4.44,,,New Orleans Pelicans,Portland Trail Blazers,Jeremiah Fears,10,0.25,23.90,59.60,26.40,542,10,0.25,23.90,59.60,26.40,542,5.00,0.28,22.60,60.40,26.10,271.00,3.00,0.28,24.50,67.70,29.20,181.00,0.91,0.40,0.44,2.26,1.10,1004,53.98,102.43,60.81,64.07,24.38,25.69,180.50,13.24,0.91,0.40,0.44,2.26,1.10,1004,53.98,102.43,60.81,64.07,24.38,25.69,180.50,13.24,0.87,0.37,0.42,2.31,1.11,500,54.20,101.80,61.49,65.67,23.01,24.57,195.40,11.57,0.84,0.36,0.41,2.32,1.12,298,60.74,103.00,70.20,65.79,25.40,23.81,215.90,11.35,43700.00,12.59,18.00,216.26,23.74
2025-11-12,Cole Anthony,PG/SG,MIL,CHA,4700,23.83,15.84,24.37,5.19,,,Milwaukee Bucks,Charlotte Hornets,Cole Anthony,10,0.24,23.70,48.20,20.10,442,9,0.24,24.00,50.40,21.00,415,5.00,0.23,22.60,51.60,20.80,232.00,3.00,0.27,20.80,50.70,19.00,127.00,1.18,0.49,0.54,2.40,1.09,1125,39.29,102.31,43.83,57.16,21.55,28.10,169.70,13.97,1.14,0.48,0.52,2.40,1.09,1018,40.77,102.07,45.48,57.20,21.66,27.24,169.60,14.15,1.09,0.44,0.49,2.48,1.11,511,45.40,101.25,51.12,59.13,22.39,25.90,164.80,13.71,1.09,0.41,0.49,2.67,1.20,307,41.37,101.17,50.12,63.60,20.56,26.09,179.20,11.61,39200.00,11.99,99.45,224.63,15.37
2025-11-12,James Harden,PG/SG,LAC,DEN,9200,35.35,19.90,24.35,2.65,,,LA Clippers,Denver Nuggets,James Harden,9,0.28,43.50,83.40,34.90,638,9,0.28,43.50,83.40,34.90,638,4.00,0.29,45.20,85.00,37.10,297.00,2.00,0.30,46.50,93.50,39.70,150.00,1.25,0.52,0.61,2.39,1.18,961,66.39,0.00,0.00,84.49,0.00,44.07,172.20,25.26,1.25,0.52,0.61,2.39,1.18,961,66.39,0.00,0.00,84.49,0.00,44.07,172.20,25.26,1.22,0.53,0.61,2.29,1.14,478,62.13,0.00,0.00,81.00,0.00,43.07,181.50,24.90,1.17,0.50,0.62,2.36,1.25,278,53.96,0.00,0.00,83.27,0.00,41.41,190.70,24.38,40900.00,22.49,61.16,209.88,30.12
2025-11-12,Josh Hart,SF/PF,NY,ORL,5300,22.46,0.25,24.33,4.59,,,New York Knicks,Orlando Magic,Josh Hart,9,0.14,22.80,47.60,24.50,464,9,0.14,22.80,47.60,24.50,464,5.00,0.16,28.60,49.80,26.30,280.00,3.00,0.15,27.70,51.00,26.30,169.00,0.93,0.48,0.44,1.94,0.92,1002,46.31,100.95,43.16,43.64,20.67,20.90,248.00,9.19,0.93,0.48,0.44,1.94,0.92,1002,46.31,100.45,42.95,43.64,20.57,20.90,248.00,9.19,1.09,0.57,0.51,1.89,0.89,505,55.45,100.65,49.63,42.53,28.50,24.43,259.40,11.03,1.05,0.54,0.49,1.94,0.91,302,55.96,99.25,50.28,43.56,27.31,23.66,258.50,10.72,50700.00,10.45,17.26,231.18,8.82
2025-11-12,Jonathan Kuminga,SF/PF,GS,SA,6000,29.34,4.47,24.06,4.01,Q,,Golden State Warriors,San Antonio Spurs,Jonathan Kuminga,12,0.23,27.20,51.70,29.00,738,10,0.25,26.50,51.10,27.90,594,5.00,0.26,21.70,51.00,26.20,277.00,3.00,0.25,19.00,45.70,23.60,147.00,0.94,0.53,0.44,1.78,0.84,1220,60.49,100.34,51.03,52.30,26.85,27.52,201.80,13.48,0.95,0.52,0.45,1.83,0.86,1013,58.64,100.58,50.74,53.73,26.31,27.87,194.70,13.61,0.83,0.43,0.39,1.95,0.92,503,55.07,101.10,51.25,57.11,21.81,24.30,192.40,11.28,0.81,0.42,0.39,1.94,0.93,299,49.16,100.41,46.04,56.81,19.14,23.62,170.50,11.14,45000.00,13.33,14.41,205.31,34.69
2025-11-12,Toumani Camara,SF/PF,POR,NO,5400,32.80,11.03,23.95,4.44,,,Portland Trail Blazers,New Orleans Pelicans,Toumani Camara,10,0.16,25.90,55.40,33.70,733,10,0.16,25.90,55.40,33.70,733,5.00,0.17,25.70,57.40,35.00,379.00,3.00,0.15,22.80,58.70,36.80,244.00,0.77,0.47,0.35,1.64,0.76,1050,69.81,102.43,54.04,53.92,25.27,25.21,206.50,12.54,0.77,0.47,0.35,1.64,0.76,1050,69.81,102.43,54.04,53.92,25.27,25.21,206.50,12.54,0.73,0.45,0.34,1.64,0.76,519,73.03,101.80,56.29,53.79,25.20,24.08,207.30,12.40,0.62,0.39,0.28,1.60,0.72,319,76.49,103.00,56.86,52.31,22.09,20.32,213.70,10.67,42000.00,12.86,41.52,204.72,35.28
2025-11-12,Herbert Jones,SF/PF,NO,POR,5000,31.34,3.98,23.79,4.76,,,New Orleans Pelicans,Portland Trail Blazers,Herbert Jones,10,0.15,21.60,49.00,30.00,620,10,0.15,21.60,49.00,30.00,620,5.00,0.13,24.20,49.40,32.30,336.00,3.00,0.13,26.00,55.30,33.90,209.00,0.72,0.44,0.35,1.63,0.79,1004,61.75,102.43,49.99,51.19,22.04,22.57,180.50,11.97,0.72,0.44,0.35,1.63,0.79,1004,61.75,102.43,49.99,51.19,22.04,22.57,180.50,11.97,0.75,0.49,0.36,1.53,0.74,500,67.20,101.80,50.29,47.94,24.64,23.48,195.40,12.38,0.77,0.47,0.37,1.63,0.79,298,70.13,103.00,57.34,51.13,26.96,24.04,215.90,12.04,43700.00,11.44,18.00,216.26,23.74
2025-11-12,Tre Mann,SG/PG,CHA,MIL,5200,24.07,0.28,23.72,4.56,,,Charlotte Hornets,Milwaukee Bucks,Tre Mann,10,0.25,19.70,48.60,22.00,460,10,0.25,19.70,48.60,22.00,460,5.00,0.28,24.80,55.80,24.50,247.00,3.00,0.28,26.50,62.30,25.90,159.00,0.90,0.41,0.43,2.21,1.06,1021,45.05,102.31,48.70,53.17,19.74,21.55,199.00,9.90,0.90,0.41,0.43,2.21,1.06,1021,45.05,102.07,48.59,53.17,19.69,21.55,199.00,9.90,1.01,0.44,0.50,2.28,1.13,500,49.40,101.25,56.50,54.81,25.11,24.36,215.10,11.53,1.02,0.43,0.50,2.41,1.18,298,53.36,101.17,63.45,57.89,26.99,24.62,220.10,12.04,47100.00,11.04,35.66,233.02,6.98
2025-11-12,Stephen Curry,PG,GS,SA,8200,30.85,5.29,23.49,2.86,,,Golden State Warriors,San Antonio Spurs,Stephen Curry,9,0.32,38.00,60.10,29.90,584,7,0.32,33.20,56.40,28.60,439,2.00,0.35,27.80,46.00,26.80,115.00,1.00,0.35,14.20,32.00,20.00,43.00,1.27,0.63,0.59,2.01,0.93,1220,47.87,100.34,44.49,62.01,28.13,39.20,201.80,18.83,1.16,0.59,0.53,1.97,0.90,1013,43.34,100.58,39.20,60.83,23.07,35.81,194.70,17.05,1.04,0.60,0.48,1.72,0.80,503,22.86,101.10,18.49,52.95,11.18,32.00,192.40,14.45,0.71,0.44,0.33,1.60,0.74,299,14.38,100.41,10.75,49.36,4.77,21.90,170.50,8.33,45000.00,18.22,14.41,205.31,34.69
2025-11-12,Collin Gillespie,PG,PHO,DAL,4900,23.27,0.37,23.39,4.77,,,Phoenix Suns,Dallas Mavericks,Collin Gillespie,11,0.18,25.70,53.50,23.90,541,10,0.18,26.20,54.90,24.00,498,5.00,0.21,21.80,48.40,21.60,213.00,3.00,0.19,20.10,46.70,21.70,124.00,1.08,0.48,0.52,2.24,1.09,1113,48.61,101.53,53.68,52.09,25.79,25.02,212.50,12.09,1.09,0.48,0.53,2.29,1.10,1011,49.26,101.60,55.17,53.23,26.33,25.40,211.40,12.39,1.01,0.45,0.51,2.24,1.14,487,43.74,99.55,49.47,52.14,22.28,23.49,201.90,10.80,0.93,0.43,0.49,2.15,1.13,285,43.51,98.66,48.50,50.08,20.87,21.56,194.40,10.34,41700.00,11.75,16.91,197.00,43.00
2025-11-12,Rui Hachimura,SF/PF,LAL,OKC,5300,33.32,0.03,23.28,4.39,,,Los Angeles Lakers,Oklahoma City Thunder,Rui Hachimura,11,0.16,23.80,37.50,34.70,806,10,0.16,24.40,37.40,34.60,730,5.00,0.17,24.10,33.40,32.50,339.00,3.00,0.15,19.30,29.70,31.30,192.00,0.69,0.63,0.32,1.08,0.51,1108,72.74,100.38,37.37,36.01,23.72,22.85,262.00,9.08,0.71,0.65,0.33,1.08,0.51,1006,72.56,100.62,37.41,36.02,24.40,23.50,268.00,9.10,0.74,0.72,0.36,1.03,0.49,502,67.53,101.25,33.68,34.24,24.30,24.71,259.20,9.30,0.62,0.65,0.30,0.95,0.46,294,65.31,99.83,30.25,31.62,19.66,20.55,241.10,8.00,54600.00,9.71,9.53,237.84,2.16
2025-11-12,Christian Braun,SG/SF,DEN,LAC,5300,28.93,0.12,23.26,4.39,,,Denver Nuggets,LA Clippers,Christian Braun,10,0.16,23.80,46.40,30.90,648,10,0.16,23.80,46.40,30.90,648,5.00,0.16,26.50,54.00,31.00,332.00,3.00,0.16,20.70,51.70,29.40,182.00,0.77,0.51,0.37,1.50,0.72,1020,63.53,98.60,44.85,43.44,23.01,22.28,225.00,10.58,0.77,0.51,0.37,1.50,0.72,1020,63.53,98.60,44.85,43.44,23.01,22.28,225.00,10.58,0.85,0.49,0.40,1.74,0.81,508,65.35,98.85,52.54,50.39,25.78,24.73,232.70,11.39,0.70,0.40,0.34,1.76,0.85,295,61.69,95.75,50.34,50.87,20.16,20.37,221.50,9.35,48400.00,10.95,19.48,218.07,21.93
2025-11-12,Saddiq Bey,SF/PF,NO,POR,4700,28.88,3.08,23.23,4.94,,,New Orleans Pelicans,Portland Trail Blazers,Saddiq Bey,10,0.17,20.00,34.80,25.70,539,10,0.17,20.00,34.80,25.70,539,5.00,0.17,21.30,38.00,26.90,279.00,3.00,0.19,27.00,45.00,29.50,180.00,0.78,0.57,0.37,1.35,0.65,1004,53.69,102.43,35.50,39.11,20.40,22.48,180.50,11.08,0.78,0.57,0.37,1.35,0.65,1004,53.69,102.43,35.50,39.11,20.40,22.48,180.50,11.08,0.79,0.56,0.38,1.41,0.68,500,55.80,101.80,38.68,40.80,21.68,22.87,195.40,10.90,0.92,0.60,0.45,1.53,0.75,298,60.40,103.00,46.66,44.06,28.00,26.43,215.90,12.51,43700.00,10.76,18.00,216.26,23.74
2025-11-12,Jake LaRavia,PF/SF,LAL,OKC,5400,24.97,0.01,23.22,4.30,,,Los Angeles Lakers,Oklahoma City Thunder,Jake LaRavia,11,0.15,25.10,48.10,29.30,687,10,0.15,26.80,50.20,30.60,653,5.00,0.16,28.50,53.20,31.30,337.00,3.00,0.15,19.50,43.00,28.50,177.00,0.86,0.52,0.40,1.64,0.77,1108,62.00,100.38,47.93,40.99,25.01,21.39,262.00,9.58,0.88,0.53,0.41,1.64,0.77,1006,64.91,100.62,50.21,40.96,26.81,21.87,268.00,10.00,0.91,0.54,0.42,1.70,0.79,502,67.13,101.25,53.65,42.44,28.74,22.74,259.20,11.00,0.68,0.45,0.33,1.51,0.73,294,60.20,99.83,43.80,37.67,19.86,17.08,241.10,8.09,54600.00,9.89,9.53,237.84,2.16
2025-11-12,Pelle Larsson,SG,MIA,CLE,4500,29.70,1.13,23.21,5.16,,,Miami Heat,Cleveland Cavaliers,Pelle Larsson,11,0.16,17.50,32.00,20.70,510,10,0.16,19.20,34.80,22.40,501,5.00,0.16,21.30,39.40,25.60,289.00,3.00,0.17,24.20,43.70,26.90,188.00,0.85,0.55,0.38,1.55,0.69,1186,43.00,104.78,31.10,45.91,17.01,25.11,232.50,7.53,0.86,0.55,0.38,1.55,0.69,1074,46.65,104.44,33.84,46.14,18.67,25.46,234.10,8.20,0.83,0.54,0.37,1.54,0.68,544,53.12,105.16,38.08,45.71,20.59,24.71,251.20,8.48,0.90,0.55,0.39,1.62,0.70,335,56.12,105.26,41.19,48.24,22.81,26.72,277.90,8.71,49600.00,9.07,45.02,241.14,-1.14
2025-11-12,Jalen Smith,C,CHI,DET,4200,17.18,0.10,22.74,5.41,,,Chicago Bulls,Detroit Pistons,Jalen Smith,10,0.23,19.80,32.60,16.00,345,10,0.23,19.80,32.60,16.00,345,5.00,0.23,23.20,37.40,17.90,194.00,3.00,0.22,27.70,41.70,18.90,120.00,1.24,0.61,0.57,2.04,0.94,1033,33.40,102.23,32.26,35.01,19.59,21.26,199.10,9.94,1.24,0.61,0.57,2.04,0.94,1033,33.40,102.03,32.20,35.01,19.56,21.26,199.10,9.94,1.30,0.62,0.60,2.09,0.96,517,37.52,101.85,36.84,35.90,22.85,22.27,200.30,11.58,1.47,0.66,0.69,2.21,1.04,314,38.22,102.82,40.96,37.91,27.21,25.18,204.10,13.57,42200.00,9.95,44.81,216.73,23.27
2025-11-12,Jock Landale,C,MEM,BOS,4400,27.36,0.46,22.72,5.16,,,Memphis Grizzlies,Boston Celtics,Jock Landale,12,0.14,21.70,30.00,24.80,653,10,0.15,23.00,31.20,25.50,553,5.00,0.15,23.00,32.40,26.60,286.00,3.00,0.14,21.50,31.30,27.60,179.00,0.88,0.72,0.40,1.21,0.55,1242,52.58,100.10,29.01,33.10,20.99,23.94,190.10,11.42,0.90,0.74,0.42,1.22,0.56,1020,54.22,99.38,30.40,33.48,22.41,24.68,193.00,11.92,0.86,0.71,0.40,1.22,0.57,514,55.64,99.80,31.45,33.33,22.33,23.66,187.30,12.28,0.78,0.69,0.36,1.13,0.52,311,57.56,99.84,30.14,31.03,20.71,21.32,189.60,11.34,40700.00,10.81,42.09,229.60,10.40
2025-11-12,Jabari Smith,PF,HOU,WAS,5200,28.67,0.25,22.69,4.36,Confirmed,,Houston Rockets,Washington Wizards,Jabari Smith Jr.,8,0.17,27.40,44.80,32.90,540,8,0.17,27.40,44.80,32.90,540,4.00,0.17,25.00,41.80,29.90,254.00,3.00,0.17,22.20,44.30,31.10,199.00,0.83,0.61,0.41,1.36,0.66,908,59.47,101.43,40.04,39.04,24.49,23.87,233.20,11.75,0.83,0.61,0.41,1.36,0.66,908,59.47,101.30,39.98,39.04,24.45,23.87,233.20,11.75,0.84,0.60,0.39,1.40,0.66,500,50.80,101.48,33.93,40.08,20.30,23.97,229.30,10.90,0.71,0.50,0.33,1.42,0.67,300,66.33,102.28,45.31,40.83,22.71,20.46,228.30,9.72,48900.00,10.63,33.17,214.50,25.50
2025-11-12,Anfernee Simons,SG/PG,BOS,MEM,4600,22.64,0.33,22.65,4.92,,,Boston Celtics,Memphis Grizzlies,Anfernee Simons,12,0.23,21.80,45.30,25.70,630,10,0.25,21.20,45.00,24.90,510,5.00,0.26,23.30,48.00,24.50,253.00,3.00,0.28,24.80,45.00,22.10,139.00,0.85,0.48,0.42,1.76,0.86,1161,54.26,100.10,46.87,39.90,22.55,19.20,214.20,10.18,0.85,0.47,0.42,1.81,0.88,967,52.74,99.38,46.25,40.91,21.79,19.27,220.00,9.64,0.95,0.49,0.46,1.96,0.95,483,52.38,99.80,49.59,44.35,24.07,21.53,225.50,10.33,1.12,0.55,0.54,2.04,0.97,289,48.10,99.84,46.64,46.09,25.70,25.40,215.60,11.50,47600.00,9.66,24.85,227.27,12.73
2025-11-12,Quinten Post,C,GS,SA,4100,22.01,1.19,22.51,5.49,P,,Golden State Warriors,San Antonio Spurs,Quinten Post,12,0.16,15.40,27.40,16.00,400,10,0.17,18.10,31.70,17.90,375,5.00,0.16,23.30,40.60,20.60,216.00,3.00,0.17,21.10,38.70,20.10,125.00,0.96,0.56,0.46,1.71,0.82,1220,32.79,100.34,27.04,37.70,15.20,21.19,201.80,7.63,1.01,0.57,0.48,1.77,0.85,1013,37.02,100.58,31.47,38.98,17.97,22.26,194.70,9.30,1.13,0.57,0.54,1.97,0.94,503,42.94,101.10,40.80,43.39,23.42,24.90,192.40,12.11,1.05,0.55,0.51,1.93,0.93,299,41.81,100.41,38.99,42.38,21.26,23.11,170.50,12.38,45000.00,9.11,14.41,205.31,34.69
2025-11-12,Brandin Podziemski,SG/PG,GS,SA,5400,21.95,0.01,22.37,4.14,,,Golden State Warriors,San Antonio Spurs,Brandin Podziemski,12,0.18,25.60,57.00,28.40,724,10,0.19,26.90,58.20,27.40,587,5.00,0.20,24.90,56.00,26.40,282.00,3.00,0.18,22.30,49.00,25.60,165.00,0.90,0.45,0.42,2.01,0.94,1220,59.34,100.34,56.26,44.05,25.27,19.78,201.80,12.69,0.98,0.46,0.46,2.12,0.99,1013,57.95,100.58,57.79,46.61,26.71,21.55,194.70,13.82,0.94,0.44,0.44,2.12,0.99,503,56.06,101.10,56.28,46.55,25.02,20.70,192.40,12.94,0.87,0.46,0.41,1.91,0.89,299,55.18,100.41,49.37,42.01,22.47,19.12,170.50,13.08,45000.00,12.00,14.41,205.31,34.69
2025-11-12,Ayo Dosunmu,SG,CHI,DET,5500,26.91,1.87,22.35,4.06,,,Chicago Bulls,Detroit Pistons,Ayo Dosunmu,8,0.19,24.40,48.40,25.80,444,8,0.19,24.40,48.40,25.80,444,3.00,0.19,24.20,50.30,25.30,165.00,3.00,0.19,24.20,50.30,25.30,165.00,0.95,0.50,0.44,1.88,0.87,1033,42.98,102.23,38.32,50.49,19.32,25.45,199.10,12.26,0.95,0.50,0.44,1.88,0.87,1033,42.98,102.03,38.24,50.49,19.28,25.45,199.10,12.26,0.96,0.48,0.44,1.99,0.91,517,31.91,101.85,29.73,53.51,14.30,25.74,200.30,12.08,0.96,0.48,0.44,1.99,0.91,314,52.55,102.82,49.41,53.51,23.77,25.74,204.10,11.86,42200.00,13.03,44.81,216.73,23.27
2025-11-12,Cam Spencer,SG/PG,MEM,BOS,3800,23.96,12.92,22.07,5.81,,,Memphis Grizzlies,Boston Celtics,Cam Spencer,12,0.19,17.80,37.00,17.70,458,10,0.20,19.60,38.00,18.50,390,5.00,0.22,19.40,33.80,18.30,198.00,3.00,0.19,18.50,37.30,19.20,126.00,1.01,0.48,0.47,2.09,0.97,1242,36.88,100.10,35.78,50.09,17.22,24.10,190.10,9.36,1.06,0.52,0.50,2.05,0.97,1020,38.24,99.38,37.02,49.22,19.10,25.39,193.00,10.16,1.06,0.57,0.49,1.85,0.85,514,38.52,99.80,32.81,44.26,18.83,25.40,187.30,10.36,0.96,0.50,0.44,1.94,0.89,311,40.51,99.84,35.92,46.55,17.82,23.09,189.60,9.76,40700.00,9.34,42.09,229.60,10.40
2025-11-12,Keldon Johnson,SF/PF,SA,GS,4600,19.79,0.04,21.99,4.78,,,San Antonio Spurs,Golden State Warriors,Keldon Johnson,10,0.17,22.70,38.60,23.50,494,10,0.17,22.70,38.60,23.50,494,5.00,0.19,23.60,40.60,22.90,246.00,3.00,0.18,25.90,39.30,22.00,141.00,0.97,0.59,0.46,1.64,0.78,1012,48.81,100.34,38.27,32.51,22.51,19.12,259.40,8.75,0.97,0.59,0.46,1.64,0.78,1012,48.81,100.58,38.36,32.51,22.56,19.12,259.40,8.75,1.03,0.58,0.48,1.77,0.83,509,48.33,101.10,40.32,35.09,23.44,20.40,255.90,9.22,1.18,0.66,0.55,1.79,0.84,305,46.23,100.41,38.81,35.36,25.58,23.30,268.70,9.64,55400.00,8.30,20.30,232.29,7.71
2025-11-12,Reed Sheppard,PG/SG,HOU,WAS,4600,19.84,0.47,21.95,4.77,,,Houston Rockets,Washington Wizards,Reed Sheppard,9,0.19,22.30,42.80,21.80,416,9,0.19,22.30,42.80,21.80,416,5.00,0.17,21.90,40.40,21.10,222.00,3.00,0.16,26.60,45.00,24.10,155.00,1.02,0.52,0.48,1.96,0.93,908,45.81,101.43,43.03,38.96,22.42,20.30,233.20,9.56,1.02,0.52,0.48,1.96,0.93,908,45.81,101.30,42.97,38.96,22.39,20.30,233.20,9.56,1.04,0.54,0.49,1.91,0.91,500,44.40,101.48,41.00,37.99,22.22,20.60,229.30,9.55,1.10,0.59,0.51,1.87,0.87,300,51.67,102.28,46.03,37.05,27.21,21.90,228.30,11.65,48900.00,9.41,33.17,214.50,25.50
2025-11-12,De'Aaron Fox,PG,SA,GS,7800,32.90,3.58,21.90,2.81,,,San Antonio Spurs,Golden State Warriors,De'Aaron Fox,2,0.24,30.20,65.50,33.70,148,2,0.24,30.20,65.50,33.70,148,2.00,0.24,30.20,65.50,33.70,148.00,2.00,0.24,30.20,65.50,33.70,148.00,0.90,0.46,0.41,1.94,0.89,1012,14.62,100.34,12.99,63.95,5.99,29.49,259.40,11.64,0.90,0.46,0.41,1.94,0.89,1012,14.62,100.58,13.02,63.95,6.00,29.49,259.40,11.64,0.90,0.46,0.41,1.94,0.89,509,29.08,101.10,26.02,63.95,12.00,29.49,255.90,11.80,0.90,0.46,0.41,1.94,0.89,305,48.52,100.41,43.13,63.95,19.88,29.49,268.70,11.24,55400.00,14.08,20.30,232.29,7.71
2025-11-12,Kyshawn George,SF/PF,WAS,HOU,5800,27.76,3.18,21.81,3.76,,,Washington Wizards,Houston Rockets,Kyshawn George,10,0.21,31.70,66.70,30.40,668,9,0.20,30.20,65.70,30.20,594,4.00,0.20,22.70,60.50,29.20,250.00,2.00,0.19,22.90,59.50,29.00,127.00,1.04,0.48,0.47,2.19,1.00,1170,57.09,101.43,57.82,60.90,27.48,28.94,203.40,15.59,1.00,0.46,0.46,2.18,1.00,1063,55.88,101.30,56.35,60.38,25.90,27.76,201.10,15.02,0.78,0.38,0.36,2.07,0.97,525,47.62,101.48,46.78,57.51,17.55,21.58,194.40,11.68,0.79,0.38,0.36,2.05,0.94,323,39.32,102.28,37.68,56.95,14.50,21.92,219.00,10.46,44400.00,13.06,6.42,213.54,26.46
2025-11-12,Dillon Brooks,SF/SG,PHO,DAL,5400,28.34,0.20,21.62,4.00,,,Phoenix Suns,Dallas Mavericks,Dillon Brooks,5,0.28,31.10,47.20,29.00,302,4,0.28,29.30,44.00,27.70,227,2.00,0.26,26.00,34.50,26.70,107.00,2.00,0.26,26.00,34.50,26.70,107.00,1.07,0.66,0.51,1.63,0.78,1113,27.13,101.53,21.53,46.12,14.19,30.39,212.50,14.64,1.06,0.67,0.52,1.59,0.78,1011,22.45,101.60,17.69,45.01,11.78,29.97,211.40,13.86,0.97,0.75,0.49,1.29,0.64,487,21.97,99.55,14.10,36.61,10.63,27.59,201.90,12.88,0.97,0.75,0.49,1.29,0.64,285,37.54,98.66,23.89,36.61,18.00,27.59,194.40,13.37,41700.00,12.95,16.91,197.00,43.00
2025-11-12,Devin Vassell,SF/SG,SA,GS,5400,31.84,0.70,21.52,3.99,,,San Antonio Spurs,Golden State Warriors,Devin Vassell,10,0.18,23.90,48.10,33.00,694,10,0.18,23.90,48.10,33.00,694,5.00,0.15,19.70,41.40,31.20,333.00,3.00,0.15,21.40,34.30,29.10,188.00,0.72,0.50,0.34,1.46,0.69,1012,68.58,100.34,47.69,46.42,23.70,23.06,259.40,9.21,0.72,0.50,0.34,1.46,0.69,1012,68.58,100.58,47.81,46.42,23.75,23.06,259.40,9.21,0.63,0.48,0.30,1.33,0.62,509,65.42,101.10,41.12,42.26,19.56,20.11,255.90,7.70,0.74,0.62,0.34,1.18,0.55,305,61.64,100.41,33.88,37.54,21.14,23.42,268.70,7.96,55400.00,9.75,20.30,232.29,7.71
2025-11-12,Harrison Barnes,PF/SF,SA,GS,4100,27.52,0.14,21.52,5.25,,,San Antonio Spurs,Golden State Warriors,Harrison Barnes,10,0.13,20.50,34.40,30.20,626,10,0.13,20.50,34.40,30.20,626,5.00,0.13,23.90,36.20,30.00,314.00,3.00,0.13,23.70,35.70,31.60,200.00,0.68,0.60,0.33,1.14,0.55,1012,61.86,100.34,34.11,31.35,20.33,18.68,259.40,7.90,0.68,0.60,0.33,1.14,0.55,1012,61.86,100.58,34.19,31.35,20.37,18.68,259.40,7.90,0.80,0.66,0.38,1.21,0.58,509,61.69,101.10,35.95,33.21,23.74,21.93,255.90,9.34,0.75,0.66,0.36,1.13,0.54,305,65.57,100.41,35.26,31.09,23.41,20.64,268.70,8.82,55400.00,7.40,20.30,232.29,7.71
2025-11-12,Moses Moody,SF,GS,SA,4400,21.00,0.07,21.31,4.84,,,Golden State Warriors,San Antonio Spurs,Moses Moody,10,0.20,21.50,31.90,22.60,482,10,0.20,21.50,31.90,22.60,482,5.00,0.20,27.50,38.40,27.00,290.00,3.00,0.20,17.10,31.00,20.80,136.00,0.95,0.67,0.45,1.41,0.66,1220,39.51,100.34,26.24,29.64,17.68,19.98,201.80,10.65,0.95,0.67,0.45,1.41,0.66,1013,47.58,100.58,31.67,29.64,21.35,19.98,194.70,11.04,1.02,0.72,0.47,1.42,0.66,503,57.65,101.10,38.59,29.87,27.64,21.39,192.40,14.29,0.82,0.55,0.38,1.49,0.68,299,45.48,100.41,31.23,31.30,17.23,17.26,170.50,10.03,45000.00,9.78,14.41,205.31,34.69
2025-11-12,Daniel Gafford,C,DAL,PHO,5400,24.10,0.07,21.08,3.90,,,Dallas Mavericks,Phoenix Suns,Daniel Gafford,6,0.15,21.40,24.30,20.20,256,6,0.15,21.40,24.30,20.20,256,5.00,0.15,22.40,24.60,20.80,220.00,3.00,0.14,14.10,23.00,18.10,114.00,1.06,0.88,0.50,1.20,0.57,1131,22.63,101.53,13.09,28.99,11.53,25.53,206.50,10.36,1.06,0.88,0.50,1.20,0.57,1030,24.85,101.60,14.38,28.99,12.67,25.53,219.10,9.77,1.08,0.91,0.51,1.18,0.56,508,43.31,99.55,24.10,28.50,21.95,25.95,232.10,9.65,0.78,0.61,0.37,1.27,0.61,307,37.13,98.66,22.17,30.62,13.59,18.77,200.10,7.05,47600.00,11.34,33.23,223.73,16.27
2025-11-12,Duncan Robinson,SG/SF,DET,CHI,4300,31.00,0.09,20.90,4.86,,,Detroit Pistons,Chicago Bulls,Duncan Robinson,11,0.12,19.60,36.70,32.50,758,10,0.12,21.40,37.60,32.50,688,5.00,0.13,20.40,38.80,33.50,349.00,3.00,0.12,25.50,37.30,33.10,212.00,0.60,0.53,0.28,1.13,0.53,1124,67.44,102.23,36.72,35.00,19.61,18.69,193.70,10.12,0.66,0.57,0.31,1.16,0.55,1019,67.52,102.03,37.65,35.86,21.43,20.41,197.20,10.85,0.61,0.53,0.29,1.16,0.56,514,67.90,101.85,38.44,35.90,20.21,18.88,229.30,8.90,0.77,0.68,0.36,1.13,0.53,315,67.30,102.82,36.53,34.93,24.97,23.88,250.10,10.20,47700.00,9.01,34.23,230.45,9.55
2025-11-12,Tari Eason,SF/PF,HOU,WAS,5300,21.89,0.29,20.87,3.94,,,Houston Rockets,Washington Wizards,Tari Eason,9,0.17,22.60,36.40,24.90,477,9,0.17,22.60,36.40,24.90,477,5.00,0.16,22.70,35.20,25.00,268.00,3.00,0.16,21.20,35.00,25.20,161.00,0.91,0.62,0.43,1.46,0.69,908,52.53,101.43,36.60,32.00,22.72,19.87,233.20,9.69,0.91,0.62,0.43,1.46,0.69,908,52.53,101.30,36.55,32.00,22.69,19.87,233.20,9.69,0.91,0.64,0.42,1.41,0.66,500,53.60,101.48,35.72,30.82,23.04,19.87,229.30,9.90,0.84,0.61,0.40,1.39,0.65,300,53.67,102.28,35.80,30.40,21.68,18.41,228.30,9.29,48900.00,10.84,33.17,214.50,25.50
2025-11-12,Bobby Portis,PF/C,MIL,CHA,4700,26.00,18.17,20.62,4.39,,,Milwaukee Bucks,Charlotte Hornets,Bobby Portis,11,0.19,17.80,36.80,20.50,486,10,0.20,18.60,37.60,20.80,450,5.00,0.14,17.50,34.60,21.30,234.00,3.00,0.12,20.90,34.30,23.50,156.00,0.87,0.48,0.40,1.80,0.83,1125,43.20,102.31,36.81,46.67,17.81,22.58,169.70,10.49,0.89,0.49,0.41,1.81,0.84,1018,44.20,102.07,37.70,47.00,18.65,23.25,169.60,10.97,0.82,0.51,0.37,1.62,0.74,511,45.79,101.25,34.28,42.23,17.34,21.36,164.80,10.62,0.89,0.61,0.40,1.46,0.66,307,50.81,101.17,33.91,37.95,20.66,23.12,179.20,11.66,39200.00,11.99,99.45,224.63,15.37
2025-11-12,Nickeil Alexander-Walker,SG/PG,ATL,SAC,5700,30.44,5.79,20.51,3.60,Q,,Atlanta Hawks,Sacramento Kings,Nickeil Alexander-Walker,9,0.24,28.20,59.30,30.90,598,8,0.24,28.50,60.80,31.20,534,3.00,0.26,23.10,68.30,31.90,210.00,1.00,0.23,23.90,68.00,29.60,64.00,0.91,0.48,0.42,1.92,0.89,1114,53.68,101.87,48.80,58.41,23.21,27.78,216.60,13.02,0.91,0.47,0.43,1.95,0.91,1001,53.35,101.35,49.25,59.31,23.08,27.80,219.80,12.97,0.72,0.34,0.33,2.14,0.98,501,41.92,102.05,41.74,65.17,14.12,22.04,225.00,10.27,0.81,0.35,0.37,2.30,1.06,293,21.84,99.91,23.19,69.92,8.15,24.58,231.80,10.31,48400.00,11.78,36.55,213.61,26.39
2025-11-12,Sam Merrill,SF/SG,CLE,MIA,4300,31.19,16.24,20.39,4.74,,,Cleveland Cavaliers,Miami Heat,Sam Merrill,8,0.17,21.50,40.50,26.00,461,7,0.16,21.20,40.00,25.70,397,4.00,0.14,18.60,38.30,26.30,231.00,3.00,0.15,20.40,41.70,26.20,171.00,0.83,0.53,0.37,1.56,0.70,1143,40.33,104.78,29.70,48.59,15.77,25.80,159.70,13.46,0.82,0.53,0.37,1.56,0.71,1038,38.25,104.44,28.17,48.55,14.93,25.73,162.10,13.08,0.71,0.49,0.32,1.46,0.66,532,43.42,105.16,30.28,45.43,14.71,22.06,168.20,11.06,0.78,0.49,0.36,1.59,0.73,320,53.44,105.26,41.15,49.65,20.13,24.29,162.40,12.56,39300.00,10.94,102.16,225.68,14.32
2025-11-12,Dennis Schroder,PG/SG,SAC,ATL,5500,29.66,0.78,20.07,3.65,,,Sacramento Kings,Atlanta Hawks,Dennis Schröder,11,0.20,26.60,75.20,30.60,711,10,0.20,26.20,73.70,30.70,647,5.00,0.19,20.70,67.40,28.30,302.00,3.00,0.14,9.80,62.30,24.80,153.00,0.87,0.35,0.41,2.46,1.16,1126,63.14,101.87,74.84,72.88,26.47,25.78,198.50,13.40,0.85,0.36,0.40,2.40,1.14,1026,63.06,101.35,72.80,71.19,25.88,25.31,196.30,13.35,0.73,0.31,0.34,2.38,1.12,520,58.08,102.05,66.14,70.63,20.31,21.69,190.10,10.89,0.40,0.16,0.19,2.51,1.22,306,50.00,99.91,61.02,74.50,9.60,11.72,163.20,6.00,43400.00,12.67,37.67,217.95,22.05
2025-11-12,Jose Alvarado,PG,NO,POR,4300,20.22,0.30,20.06,4.67,,,New Orleans Pelicans,Portland Trail Blazers,Jose Alvarado,9,0.14,16.50,38.60,18.50,349,9,0.14,16.50,38.60,18.50,349,5.00,0.14,22.40,47.80,22.30,235.00,3.00,0.15,21.70,44.70,20.80,132.00,0.89,0.43,0.43,2.09,1.00,1004,34.76,102.43,35.44,42.18,15.15,18.03,180.50,9.14,0.89,0.43,0.43,2.09,1.00,1004,34.76,102.43,35.44,42.18,15.15,18.03,180.50,9.14,1.00,0.47,0.48,2.14,1.02,500,47.00,101.80,48.66,43.34,22.80,20.31,195.40,11.46,1.04,0.49,0.49,2.15,1.02,298,44.30,103.00,46.35,43.45,22.50,21.09,215.90,10.05,43700.00,9.84,18.00,216.26,23.74
2025-11-12,Ivica Zubac,C,LAC,DEN,7100,29.75,6.69,20.05,2.82,,,LA Clippers,Denver Nuggets,Ivica Zubac,10,0.20,33.60,53.20,29.60,601,10,0.20,33.60,53.20,29.60,601,5.00,0.21,35.70,54.60,30.30,304.00,3.00,0.24,39.40,58.70,30.80,179.00,1.14,0.63,0.56,1.80,0.89,961,62.54,0.00,0.00,53.47,0.00,33.77,172.20,19.51,1.14,0.63,0.56,1.80,0.89,961,62.54,0.00,0.00,53.47,0.00,33.77,172.20,19.51,1.18,0.65,0.59,1.80,0.90,478,63.60,0.00,0.00,53.61,0.00,35.05,181.50,19.67,1.28,0.67,0.66,1.91,0.98,278,64.39,0.00,0.00,56.70,0.00,38.06,190.70,20.66,40900.00,17.36,61.16,209.88,30.12
2025-11-12,Kentavious Caldwell-Pope,SG/SF,MEM,BOS,3900,28.83,0.60,20.03,5.14,,,Memphis Grizzlies,Boston Celtics,Kentavious Caldwell-Pope,12,0.17,19.00,43.40,23.80,624,10,0.17,18.30,42.30,23.20,500,5.00,0.14,16.50,37.20,22.30,241.00,3.00,0.13,17.60,35.00,20.80,134.00,0.80,0.44,0.37,1.82,0.83,1242,50.24,100.10,41.97,52.57,18.38,23.01,190.10,9.99,0.79,0.43,0.37,1.82,0.85,1020,49.02,99.38,41.21,52.56,17.83,22.74,193.00,9.48,0.74,0.44,0.34,1.67,0.77,514,46.89,99.80,36.11,48.09,16.02,21.33,187.30,8.81,0.85,0.50,0.39,1.68,0.78,311,43.09,99.84,33.71,48.51,16.95,24.39,189.60,9.28,40700.00,9.58,42.09,229.60,10.40
2025-11-12,Goga Bitadze,C,ORL,NY,3900,17.52,0.00,20.00,5.13,,,Orlando Magic,New York Knicks,Goga Bitadze,11,0.10,19.00,20.70,17.00,404,10,0.10,17.90,20.20,16.90,360,5.00,0.10,20.00,21.00,16.20,171.00,3.00,0.09,18.80,21.00,16.00,96.00,1.12,0.92,0.52,1.22,0.56,1117,36.17,100.95,20.58,21.34,18.89,19.59,218.50,8.70,1.06,0.89,0.50,1.20,0.56,1006,35.79,100.45,20.17,20.95,17.87,18.56,217.20,8.24,1.23,0.95,0.58,1.30,0.61,500,34.20,100.65,21.14,22.72,20.13,21.64,224.20,8.92,1.18,0.90,0.59,1.31,0.66,293,32.76,99.25,21.34,23.00,19.10,20.59,229.90,8.18,46500.00,8.39,17.08,217.27,22.73
2025-11-12,Josh Okogie,SG/SF,HOU,WAS,4000,25.69,0.03,19.92,4.98,Confirmed,,Houston Rockets,Washington Wizards,Josh Okogie,9,0.13,16.80,24.20,22.50,408,9,0.13,16.80,24.20,22.50,408,5.00,0.14,18.10,26.60,22.20,224.00,3.00,0.14,20.10,27.00,21.80,132.00,0.75,0.69,0.37,1.08,0.53,908,44.93,101.43,24.33,27.63,16.89,19.18,233.20,7.20,0.75,0.69,0.37,1.08,0.53,908,44.93,101.30,24.30,27.63,16.87,19.18,233.20,7.20,0.82,0.68,0.40,1.20,0.59,500,44.80,101.48,26.99,30.78,18.37,20.95,229.30,7.89,0.92,0.74,0.46,1.24,0.61,300,44.00,102.28,27.62,31.82,20.56,23.69,228.30,8.80,48900.00,8.18,33.17,214.50,25.50
2025-11-12,Javonte Green,SF,DET,CHI,4300,28.99,2.87,19.80,4.60,,,Detroit Pistons,Chicago Bulls,Javonte Green,11,0.13,15.50,29.30,20.40,486,10,0.13,16.40,30.90,21.50,466,5.00,0.12,18.10,34.60,26.00,280.00,3.00,0.14,21.40,39.00,28.60,177.00,0.76,0.53,0.35,1.44,0.66,1124,43.24,102.23,29.31,41.64,15.51,22.03,193.70,8.00,0.76,0.53,0.35,1.44,0.66,1019,45.73,102.03,30.94,41.67,16.42,22.12,197.20,8.32,0.70,0.52,0.32,1.33,0.62,514,54.47,101.85,34.28,38.58,17.93,20.18,229.30,7.89,0.75,0.55,0.36,1.36,0.66,315,56.19,102.82,38.19,39.54,20.96,21.69,250.10,8.56,47700.00,9.01,34.23,230.45,9.55
2025-11-12,Jordan Walsh,SF,BOS,MEM,4000,23.17,0.12,19.67,4.92,,,Boston Celtics,Memphis Grizzlies,Jordan Walsh,8,0.10,13.40,17.00,15.20,240,7,0.11,15.40,19.10,17.00,236,4.00,0.09,22.80,26.30,24.40,193.00,3.00,0.09,22.80,26.00,24.60,144.00,0.88,0.79,0.45,1.12,0.57,1161,20.67,100.10,11.73,25.92,9.24,20.43,214.20,6.26,0.91,0.81,0.46,1.12,0.57,967,24.41,99.38,13.74,26.03,11.08,20.99,220.00,7.00,0.93,0.87,0.47,1.08,0.55,483,39.96,99.80,21.74,24.98,18.84,21.65,225.50,10.11,0.93,0.88,0.48,1.06,0.54,289,49.83,99.84,26.95,24.49,23.63,21.48,215.60,10.58,47600.00,8.40,24.85,227.27,12.73
2025-11-12,Collin Sexton,SG/PG,CHA,MIL,5600,27.16,3.52,19.65,3.51,,,Charlotte Hornets,Milwaukee Bucks,Collin Sexton,9,0.24,24.50,55.20,26.30,513,9,0.24,24.50,55.20,26.30,513,4.00,0.26,19.60,61.80,26.10,221.00,2.00,0.28,19.50,62.50,27.60,114.00,0.93,0.44,0.43,2.10,0.97,1021,50.24,102.31,49.78,57.00,22.10,25.30,199.00,12.31,0.93,0.44,0.43,2.10,0.97,1021,50.24,102.07,49.67,57.00,22.04,25.30,199.00,12.31,0.75,0.32,0.35,2.37,1.12,500,44.20,101.25,50.06,64.30,15.88,20.39,215.10,9.11,0.71,0.31,0.34,2.26,1.10,298,38.26,101.17,42.44,61.50,13.24,19.19,220.10,8.86,47100.00,11.89,35.66,233.02,6.98
2025-11-12,Daniss Jenkins,PG,DET,CHI,4100,19.56,0.01,19.63,4.79,,,Detroit Pistons,Chicago Bulls,Daniss Jenkins,6,0.18,14.40,25.80,13.40,175,6,0.18,14.40,25.80,13.40,175,2.00,0.22,27.70,36.50,19.70,86.00,2.00,0.22,27.70,36.50,19.70,86.00,1.07,0.56,0.49,1.93,0.88,1124,15.57,102.23,14.08,37.65,7.86,21.02,193.70,7.43,1.07,0.56,0.49,1.93,0.88,1019,17.17,102.03,15.50,37.65,8.65,21.02,197.20,7.30,1.41,0.76,0.64,1.85,0.85,514,16.73,101.85,14.47,36.24,10.98,27.50,229.30,12.08,1.41,0.76,0.64,1.85,0.85,315,27.30,102.82,23.83,36.24,18.08,27.50,250.10,11.08,47700.00,8.60,34.23,230.45,9.55
2025-11-12,Anthony Black,PG/SG,ORL,NY,5100,23.48,0.09,19.55,3.83,,,Orlando Magic,New York Knicks,Anthony Black,11,0.19,21.50,50.70,26.70,616,10,0.19,21.90,51.60,27.10,563,5.00,0.16,20.70,52.40,27.10,284.00,3.00,0.17,21.40,55.30,28.30,170.00,0.81,0.42,0.38,1.90,0.91,1117,55.15,100.95,50.40,44.59,21.37,18.91,218.50,9.84,0.81,0.42,0.39,1.90,0.92,1006,55.96,100.45,51.52,44.71,21.87,18.98,217.20,10.08,0.76,0.40,0.36,1.93,0.92,500,56.80,100.65,52.74,45.41,20.83,17.94,224.20,9.23,0.76,0.39,0.38,1.95,0.98,293,58.02,99.25,56.20,45.89,21.75,17.76,229.90,9.31,46500.00,10.97,17.08,217.27,22.73
2025-11-12,Peyton Watson,PF,DEN,LAC,4500,21.34,0.06,19.51,4.33,,,Denver Nuggets,LA Clippers,Peyton Watson,10,0.13,19.10,31.40,20.90,444,10,0.13,19.10,31.40,20.90,444,5.00,0.14,19.00,31.60,20.70,219.00,3.00,0.16,22.20,37.70,23.30,144.00,0.91,0.61,0.43,1.50,0.71,1020,43.53,98.60,30.35,32.07,18.46,19.51,225.00,8.49,0.91,0.61,0.43,1.50,0.71,1020,43.53,98.60,30.35,32.07,18.46,19.51,225.00,8.49,0.92,0.60,0.43,1.53,0.72,508,43.11,98.85,30.74,32.58,18.49,19.59,232.70,8.17,0.95,0.59,0.46,1.62,0.79,295,48.81,95.75,36.71,34.53,21.62,20.34,221.50,10.02,48400.00,9.30,19.48,218.07,21.93
2025-11-12,Ryan Dunn,PF/SF,PHO,DAL,4600,22.37,0.12,19.51,4.24,,,Phoenix Suns,Dallas Mavericks,Ryan Dunn,11,0.15,22.80,34.10,24.40,549,10,0.15,21.40,34.00,24.30,496,5.00,0.15,21.10,36.20,25.40,256.00,3.00,0.14,17.00,31.00,22.70,135.00,0.93,0.67,0.46,1.40,0.68,1113,49.33,101.53,34.22,31.27,22.88,20.91,212.50,10.73,0.88,0.63,0.43,1.40,0.69,1011,49.06,101.60,34.17,31.31,21.51,19.70,211.40,10.12,0.83,0.58,0.41,1.43,0.71,487,52.57,99.55,37.00,31.89,21.57,18.59,201.90,10.45,0.75,0.55,0.38,1.37,0.69,285,47.37,98.66,32.19,30.56,17.65,16.76,194.40,8.74,41700.00,11.03,16.91,197.00,43.00
2025-11-12,Isaac Okoro,SF,CHI,DET,4200,27.55,0.01,19.43,4.63,,,Chicago Bulls,Detroit Pistons,Isaac Okoro,10,0.15,15.40,25.50,23.80,506,10,0.15,15.40,25.50,23.80,506,5.00,0.17,20.00,27.60,25.00,258.00,3.00,0.15,18.00,25.70,23.30,146.00,0.65,0.60,0.30,1.07,0.50,1033,48.98,102.23,25.24,29.52,15.24,17.83,199.10,7.73,0.65,0.60,0.30,1.07,0.50,1033,48.98,102.03,25.19,29.52,15.21,17.83,199.10,7.73,0.80,0.72,0.39,1.10,0.53,517,49.90,101.85,27.19,30.42,19.70,22.04,200.30,9.99,0.77,0.70,0.37,1.10,0.53,314,46.50,102.82,25.25,30.39,17.68,21.29,204.10,8.82,42200.00,9.95,44.81,216.73,23.27
2025-11-12,Cason Wallace,SG/PG,OKC,LAL,4800,28.61,0.96,19.27,4.01,,,Oklahoma City Thunder,Los Angeles Lakers,Cason Wallace,11,0.13,23.80,41.30,29.40,681,10,0.13,22.10,38.50,28.20,603,5.00,0.12,19.00,36.20,28.70,314.00,3.00,0.12,16.00,34.70,27.40,178.00,0.81,0.58,0.38,1.40,0.67,1242,54.83,100.38,36.72,40.19,21.16,23.16,240.00,9.92,0.78,0.57,0.37,1.37,0.64,1008,59.82,100.62,38.43,39.06,22.06,22.42,239.30,9.24,0.66,0.52,0.30,1.26,0.58,513,61.21,101.25,35.72,36.09,18.75,18.94,233.40,8.14,0.58,0.46,0.27,1.27,0.58,306,58.17,99.83,33.96,36.23,15.66,16.71,238.00,6.72,48300.00,9.94,23.39,215.28,24.72
2025-11-12,Jaylen Wells,SG/SF,MEM,BOS,3800,27.39,0.95,19.20,5.05,,,Memphis Grizzlies,Boston Celtics,Jaylen Wells,12,0.17,17.70,28.90,25.40,668,10,0.18,17.30,29.10,25.50,551,5.00,0.18,17.80,28.20,23.60,257.00,3.00,0.18,20.40,32.30,25.70,169.00,0.70,0.61,0.32,1.14,0.52,1242,53.78,100.10,27.95,31.16,17.12,19.09,190.10,9.31,0.68,0.59,0.31,1.14,0.53,1020,54.02,99.38,28.35,31.25,16.86,18.58,193.00,8.96,0.75,0.63,0.35,1.19,0.55,514,50.00,99.80,27.38,32.73,17.28,20.66,187.30,9.50,0.79,0.63,0.36,1.26,0.57,311,54.34,99.84,31.11,34.42,19.65,21.74,189.60,10.76,40700.00,9.34,42.09,229.60,10.40
2025-11-12,AJ Green,SG,MIL,CHA,4100,30.42,0.08,19.14,4.67,,,Milwaukee Bucks,Charlotte Hornets,AJ Green,11,0.13,17.40,46.10,27.70,652,10,0.13,17.60,46.30,27.70,590,5.00,0.12,17.80,45.80,26.90,283.00,3.00,0.12,19.80,50.70,29.40,190.00,0.63,0.38,0.29,1.66,0.78,1125,57.96,102.31,46.12,50.63,17.41,19.11,169.70,10.25,0.64,0.38,0.30,1.67,0.78,1018,57.96,102.07,46.42,50.85,17.65,19.33,169.60,10.38,0.66,0.39,0.31,1.70,0.81,511,55.38,101.25,45.37,51.80,17.63,20.13,164.80,10.80,0.67,0.39,0.31,1.72,0.80,307,61.89,101.17,50.12,52.46,19.57,20.49,179.20,11.05,39200.00,10.46,99.45,224.63,15.37
2025-11-12,Josh Minott,PF/SF,BOS,MEM,4600,22.74,0.22,19.08,4.15,,,Boston Celtics,Memphis Grizzlies,Josh Minott,11,0.15,21.10,21.20,20.80,454,10,0.16,22.50,22.30,21.50,424,5.00,0.14,17.10,19.40,19.70,198.00,3.00,0.11,11.70,16.00,16.50,101.00,1.01,1.00,0.51,1.02,0.51,1161,39.10,100.10,20.11,23.17,20.01,23.06,214.20,9.85,1.05,1.01,0.53,1.04,0.53,967,43.85,99.38,22.92,23.58,23.12,23.79,220.00,10.23,0.87,0.88,0.43,0.98,0.49,483,40.99,99.80,20.04,22.39,17.67,19.74,225.50,7.58,0.71,0.73,0.35,0.97,0.48,289,34.95,99.84,16.58,22.05,12.13,16.12,215.60,5.43,47600.00,9.66,24.85,227.27,12.73
2025-11-12,Julian Champagnie,SG/SF,SA,GS,4200,19.95,0.07,18.98,4.52,,,San Antonio Spurs,Golden State Warriors,Julian Champagnie,10,0.14,21.80,39.20,28.80,614,10,0.14,21.80,39.20,28.80,614,5.00,0.18,22.70,45.40,28.20,300.00,3.00,0.19,24.00,41.70,26.40,169.00,0.76,0.56,0.36,1.36,0.64,1012,60.67,100.34,38.87,27.15,21.61,15.10,259.40,8.40,0.76,0.56,0.36,1.36,0.64,1012,60.67,100.58,38.96,27.15,21.67,15.10,259.40,8.40,0.80,0.50,0.38,1.61,0.76,509,58.94,101.10,45.09,32.12,22.54,16.06,255.90,8.87,0.91,0.58,0.43,1.58,0.74,305,55.41,100.41,41.18,31.51,23.70,18.14,268.70,8.93,55400.00,7.58,20.30,232.29,7.71
2025-11-12,Dru Smith,SG,MIA,CLE,4200,18.46,0.05,18.95,4.51,,,Miami Heat,Cleveland Cavaliers,Dru Smith,11,0.14,17.80,32.40,17.10,425,10,0.14,18.30,33.00,17.50,394,5.00,0.14,17.90,31.00,16.60,187.00,3.00,0.15,19.70,34.70,17.60,121.00,1.04,0.55,0.46,1.89,0.84,1186,35.83,104.78,31.49,34.98,17.30,19.22,232.50,7.66,1.05,0.55,0.46,1.89,0.84,1074,36.69,104.44,32.09,34.82,17.80,19.31,234.10,7.82,1.08,0.58,0.48,1.87,0.83,544,34.38,105.16,29.96,34.48,17.30,19.91,251.20,7.13,1.12,0.57,0.49,1.97,0.86,335,36.12,105.26,32.71,36.40,18.57,20.67,277.90,7.09,49600.00,8.47,45.02,241.14,-1.14
2025-11-12,Marvin Bagley,C,WAS,HOU,4000,15.92,0.00,18.94,4.74,,,Washington Wizards,Houston Rockets,Marvin Bagley III,11,0.17,16.90,23.30,14.60,370,10,0.18,17.80,23.70,14.60,332,5.00,0.20,18.40,24.00,14.30,162.00,3.00,0.20,18.90,25.30,14.90,101.00,1.16,0.73,0.50,1.60,0.69,1170,31.62,101.43,22.22,25.41,16.12,18.43,203.40,8.31,1.22,0.75,0.54,1.62,0.71,1063,31.23,101.30,22.59,25.85,16.96,19.41,201.10,8.85,1.29,0.77,0.57,1.68,0.74,525,30.86,101.48,23.20,26.72,17.78,20.49,194.40,9.47,1.27,0.75,0.56,1.70,0.75,323,31.27,102.28,24.03,27.04,17.95,20.20,219.00,8.63,44400.00,9.01,6.42,213.54,26.46
2025-11-12,Paul Reed,C,DET,CHI,3800,15.68,0.05,18.93,4.98,,,Detroit Pistons,Chicago Bulls,Paul Reed,9,0.16,12.70,16.10,9.50,188,8,0.16,13.70,17.50,10.20,180,5.00,0.12,14.20,17.40,10.30,116.00,3.00,0.12,21.00,23.30,13.10,90.00,1.34,0.79,0.61,1.69,0.77,1124,16.73,102.23,13.18,26.57,10.40,20.96,193.70,6.56,1.34,0.78,0.61,1.72,0.78,1019,17.66,102.03,14.02,26.90,10.97,21.06,197.20,6.95,1.38,0.82,0.61,1.69,0.75,514,22.57,101.85,17.24,26.48,14.07,21.61,229.30,6.19,1.60,0.90,0.70,1.78,0.78,315,28.57,102.82,22.82,27.88,20.56,25.13,250.10,8.40,47700.00,7.97,34.23,230.45,9.55
2025-11-12,Steven Adams,C,HOU,WAS,4100,21.69,0.08,18.93,4.62,,,Houston Rockets,Washington Wizards,Steven Adams,8,0.11,22.70,24.00,22.20,372,8,0.11,22.70,24.00,22.20,372,4.00,0.11,19.40,20.50,20.00,170.00,2.00,0.12,18.40,18.50,21.20,88.00,1.02,0.95,0.49,1.08,0.52,908,40.97,101.43,21.45,23.45,20.29,22.18,233.20,9.73,1.02,0.95,0.49,1.08,0.52,908,40.97,101.30,21.42,23.45,20.26,22.18,233.20,9.73,0.97,0.95,0.46,1.02,0.48,500,34.00,101.48,16.64,22.24,15.75,21.04,229.30,8.46,0.87,0.99,0.42,0.87,0.42,300,29.33,102.28,12.61,18.93,12.55,18.83,228.30,8.06,48900.00,8.38,33.17,214.50,25.50
2025-11-12,Luka Garza,C,BOS,MEM,3900,17.29,0.00,18.83,4.83,,,Boston Celtics,Memphis Grizzlies,Luka Garza,11,0.16,14.50,20.50,13.90,322,10,0.16,15.70,21.80,14.80,308,5.00,0.17,15.90,20.60,13.50,141.00,3.00,0.18,20.60,25.70,16.60,103.00,1.04,0.71,0.50,1.47,0.70,1161,27.73,100.10,19.44,25.50,13.75,18.03,214.20,6.77,1.06,0.72,0.51,1.47,0.71,967,31.85,99.38,22.40,25.47,16.14,18.34,220.00,7.14,1.18,0.77,0.56,1.53,0.73,483,29.19,99.80,21.28,26.38,16.43,20.36,225.50,7.05,1.24,0.80,0.60,1.55,0.75,289,35.64,99.84,26.64,26.77,21.35,21.45,215.60,9.55,47600.00,8.19,24.85,227.27,12.73
2025-11-12,Draymond Green,PF/C,GS,SA,5300,28.08,1.34,18.59,3.51,,,Golden State Warriors,San Antonio Spurs,Draymond Green,11,0.14,23.60,65.60,28.10,656,9,0.14,20.90,62.10,27.40,530,4.00,0.15,18.10,61.50,26.30,223.00,3.00,0.17,16.80,57.70,24.10,154.00,0.84,0.36,0.40,2.33,1.10,1220,53.77,100.34,59.35,65.55,21.35,23.58,201.80,11.69,0.76,0.34,0.35,2.27,1.05,1013,52.32,100.58,55.49,63.64,18.68,21.42,194.70,10.73,0.69,0.29,0.32,2.34,1.10,503,44.33,101.10,49.44,65.66,14.55,19.32,192.40,9.41,0.70,0.29,0.33,2.39,1.12,299,51.51,100.41,58.13,67.23,16.93,19.57,170.50,9.85,45000.00,11.78,14.41,205.31,34.69
2025-11-12,Malik Monk,SG/PG,SAC,ATL,4900,23.83,2.04,18.57,3.79,Q,,Sacramento Kings,Atlanta Hawks,Malik Monk,9,0.20,23.10,39.00,24.80,490,8,0.20,23.10,39.00,24.50,434,4.00,0.20,19.90,39.50,24.30,219.00,3.00,0.17,17.60,40.00,24.00,159.00,0.93,0.59,0.42,1.57,0.72,1126,43.52,101.87,31.76,37.48,18.81,22.20,198.50,11.64,0.94,0.59,0.43,1.59,0.72,1026,42.30,101.35,30.82,37.94,18.25,22.47,196.30,11.77,0.82,0.50,0.36,1.63,0.72,520,42.12,102.05,31.01,38.74,15.62,19.52,190.10,10.47,0.73,0.44,0.33,1.67,0.75,306,51.96,99.91,39.18,39.72,17.24,17.48,163.20,10.78,43400.00,11.29,37.67,217.95,22.05
2025-11-12,Alex Caruso,SF/SG,OKC,LAL,3800,22.17,0.62,18.44,4.85,,,Oklahoma City Thunder,Los Angeles Lakers,Alex Caruso,8,0.15,19.00,33.10,20.60,341,7,0.15,18.30,30.60,19.20,282,4.00,0.15,19.10,32.50,20.50,167.00,3.00,0.16,18.90,34.30,19.40,121.00,0.92,0.57,0.45,1.61,0.78,1242,27.46,100.38,21.40,35.62,12.28,20.44,240.00,7.92,0.95,0.60,0.45,1.59,0.76,1008,27.98,100.62,21.38,35.33,12.79,21.13,239.30,7.65,0.93,0.59,0.46,1.59,0.78,513,32.55,101.25,25.66,35.14,15.08,20.65,233.40,8.18,0.97,0.55,0.47,1.77,0.85,306,39.54,99.83,33.57,39.19,18.50,21.60,238.00,7.94,48300.00,7.87,23.39,215.28,24.72
2025-11-12,Luke Kornet,C,SA,GS,4400,18.77,0.02,18.41,4.18,,,San Antonio Spurs,Golden State Warriors,Luke Kornet,3,0.13,28.00,33.00,23.50,151,3,0.13,28.00,33.00,23.50,151,1.00,0.17,30.40,27.00,20.10,45.00,1.00,0.17,30.40,27.00,20.10,45.00,1.19,0.85,0.56,1.40,0.66,1012,14.92,100.34,9.82,26.36,8.33,22.37,259.40,10.79,1.19,0.85,0.56,1.40,0.66,1012,14.92,100.58,9.84,26.36,8.35,22.37,259.40,10.79,1.51,1.13,0.68,1.34,0.60,509,8.84,101.10,5.36,25.22,6.04,28.39,255.90,11.88,1.51,1.13,0.68,1.34,0.60,305,14.75,100.41,8.89,25.22,10.01,28.39,268.70,11.31,55400.00,7.94,20.30,232.29,7.71
2025-11-12,Vince Williams,SF/SG,MEM,BOS,3700,22.88,1.67,18.35,4.96,,,Memphis Grizzlies,Boston Celtics,Vince Williams Jr.,7,0.18,17.20,38.40,17.50,267,7,0.18,17.20,38.40,17.50,267,5.00,0.16,16.20,37.20,16.80,184.00,3.00,0.15,15.40,42.00,18.10,120.00,0.98,0.45,0.45,2.19,1.01,1242,21.50,100.10,21.66,50.21,9.70,22.49,190.10,9.05,0.98,0.45,0.45,2.19,1.01,1020,26.18,99.38,26.19,50.21,11.73,22.49,193.00,8.91,0.96,0.44,0.44,2.21,1.01,514,35.80,99.80,36.11,50.67,15.73,22.07,187.30,8.65,0.85,0.37,0.39,2.32,1.05,311,38.59,99.84,40.45,53.10,14.83,19.47,189.60,8.12,40700.00,9.09,42.09,229.60,10.40
2025-11-12,Ronald Holland,PF/SF,DET,CHI,4400,28.61,9.35,18.32,4.16,,,Detroit Pistons,Chicago Bulls,Ronald Holland II,11,0.18,20.10,38.50,23.30,551,10,0.18,18.60,37.20,22.90,488,5.00,0.16,17.90,39.20,25.90,281.00,3.00,0.16,12.80,38.00,27.30,175.00,0.86,0.52,0.40,1.65,0.77,1124,49.02,102.23,38.52,47.28,20.11,24.68,193.70,10.38,0.81,0.50,0.38,1.62,0.76,1019,47.89,102.03,37.25,46.48,18.62,23.24,197.20,9.43,0.69,0.46,0.32,1.51,0.70,514,54.67,101.85,38.84,43.30,17.73,19.77,229.30,7.81,0.47,0.34,0.22,1.39,0.65,315,55.56,102.82,37.21,39.83,12.53,13.41,250.10,5.12,47700.00,9.22,34.23,230.45,9.55
2025-11-12,Dean Wade,PF/SF,CLE,MIA,3900,29.96,5.03,18.08,4.64,,,Cleveland Cavaliers,Miami Heat,Dean Wade,10,0.10,15.40,24.40,21.30,464,9,0.11,15.00,24.00,20.50,401,4.00,0.11,13.60,17.30,16.70,146.00,2.00,0.10,15.10,17.00,20.40,86.00,0.72,0.63,0.33,1.15,0.53,1143,40.59,104.78,22.37,34.32,14.12,21.66,159.70,9.64,0.73,0.62,0.34,1.17,0.54,1038,38.63,104.44,21.73,35.07,13.58,21.92,162.10,9.25,0.81,0.79,0.37,1.04,0.47,532,27.44,105.16,13.68,31.03,10.75,24.40,168.20,8.09,0.74,0.89,0.35,0.83,0.40,320,26.88,105.26,11.18,24.96,9.93,22.17,162.40,9.30,39300.00,9.92,102.16,225.68,14.32
2025-11-12,D'Angelo Russell,PG,DAL,PHO,5300,17.93,0.01,17.58,3.32,,,Dallas Mavericks,Phoenix Suns,D'Angelo Russell,11,0.27,22.30,55.30,21.10,498,10,0.27,23.40,57.20,21.70,465,5.00,0.23,17.90,48.80,19.90,214.00,3.00,0.23,14.70,37.70,16.70,109.00,1.06,0.40,0.49,2.62,1.22,1131,44.03,101.53,54.61,46.99,22.02,18.95,206.50,10.80,1.08,0.41,0.50,2.64,1.23,1030,45.15,101.60,56.42,47.26,23.08,19.34,219.10,10.68,0.90,0.37,0.42,2.45,1.14,508,42.13,99.55,47.82,43.97,17.54,16.13,232.10,7.71,0.88,0.39,0.40,2.26,1.04,307,35.50,98.66,36.35,40.48,14.17,15.78,200.10,7.35,47600.00,11.13,33.23,223.73,16.27
2025-11-12,Tre Johnson,SG/PG,WAS,HOU,4200,24.44,0.22,17.56,4.18,,,Washington Wizards,Houston Rockets,Tre Johnson,11,0.19,19.40,30.10,25.70,632,10,0.19,18.60,29.00,25.60,573,5.00,0.19,17.00,25.40,24.70,270.00,3.00,0.19,20.10,27.30,26.10,174.00,0.75,0.64,0.34,1.17,0.52,1170,54.02,101.43,28.70,28.63,18.50,18.45,203.40,9.54,0.73,0.64,0.32,1.13,0.51,1063,53.90,101.30,27.64,27.69,17.73,17.76,201.10,9.25,0.69,0.67,0.31,1.03,0.47,525,51.43,101.48,24.55,25.14,16.43,16.82,194.40,8.74,0.77,0.74,0.35,1.05,0.47,323,53.87,102.28,25.93,25.57,19.09,18.82,219.00,9.18,44400.00,9.46,6.42,213.54,26.46
2025-11-12,Isaiah Joe,SG,OKC,LAL,4000,23.18,0.29,17.52,4.38,,,Oklahoma City Thunder,Los Angeles Lakers,Isaiah Joe,7,0.22,21.40,34.10,25.20,379,7,0.22,21.40,34.10,25.20,379,5.00,0.22,18.90,33.20,25.10,269.00,3.00,0.20,18.30,32.30,26.10,167.00,0.85,0.63,0.40,1.35,0.63,1242,30.52,100.38,19.29,31.37,12.11,19.68,240.00,8.92,0.85,0.63,0.40,1.35,0.63,1008,37.60,100.62,23.83,31.37,14.95,19.68,239.30,8.94,0.75,0.57,0.35,1.32,0.62,513,52.44,101.25,32.76,30.66,18.65,17.45,233.40,8.10,0.70,0.57,0.33,1.24,0.58,306,54.58,99.83,31.61,28.69,17.91,16.25,238.00,7.69,48300.00,8.28,23.39,215.28,24.72
2025-11-12,Bruce Brown,SF/SG,DEN,LAC,3900,22.49,0.34,17.49,4.48,,,Denver Nuggets,LA Clippers,Bruce Brown,10,0.14,16.90,31.70,21.20,450,10,0.14,16.90,31.70,21.20,450,5.00,0.15,18.50,39.00,23.90,253.00,3.00,0.15,18.00,35.70,23.20,143.00,0.80,0.53,0.38,1.50,0.70,1020,44.12,98.60,30.64,33.62,16.34,17.92,225.00,7.51,0.80,0.53,0.38,1.50,0.70,1020,44.12,98.60,30.64,33.62,16.34,17.92,225.00,7.51,0.77,0.47,0.37,1.63,0.77,508,49.80,98.85,37.94,36.69,18.00,17.41,232.70,7.95,0.78,0.50,0.38,1.54,0.75,295,48.47,95.75,34.76,34.60,17.53,17.45,221.50,8.13,48400.00,8.06,19.48,218.07,21.93
2025-11-12,Lonzo Ball,PG,CLE,MIA,3900,25.64,25.18,17.24,4.42,,,Cleveland Cavaliers,Miami Heat,Lonzo Ball,9,0.13,18.40,59.70,23.40,472,8,0.13,19.20,60.50,23.40,416,4.00,0.11,17.40,57.30,22.80,208.00,2.00,0.10,16.30,55.50,20.90,95.00,0.79,0.31,0.35,2.55,1.14,1143,41.29,104.78,49.25,65.42,15.18,20.16,159.70,11.52,0.82,0.32,0.37,2.59,1.16,1038,40.08,104.44,48.70,66.30,15.45,21.04,162.10,11.84,0.76,0.30,0.33,2.51,1.10,532,39.10,105.16,45.31,64.44,13.76,19.57,168.20,10.34,0.78,0.29,0.34,2.66,1.17,320,29.69,105.26,36.51,68.09,10.72,20.00,162.40,10.04,39300.00,9.92,102.16,225.68,14.32
2025-11-12,Jaylin Williams,C/PF,OKC,LAL,3900,20.76,0.25,17.24,4.42,,,Oklahoma City Thunder,Los Angeles Lakers,Jaylin Williams,12,0.14,17.50,39.00,19.00,483,10,0.14,19.50,41.60,20.00,427,5.00,0.13,16.70,42.80,20.50,221.00,3.00,0.14,16.30,50.70,22.70,145.00,0.92,0.45,0.43,2.05,0.97,1242,38.89,100.38,37.82,42.61,16.97,19.12,240.00,7.29,0.97,0.47,0.46,2.08,0.97,1008,42.36,100.62,41.53,43.18,19.47,20.24,239.30,8.15,0.81,0.39,0.38,2.09,0.97,513,43.08,101.25,42.24,43.34,16.48,16.91,233.40,7.16,0.72,0.32,0.34,2.23,1.05,306,47.39,99.83,49.62,46.37,15.95,14.91,238.00,6.85,48300.00,8.07,23.39,215.28,24.72
2025-11-12,Corey Kispert,SF,WAS,HOU,3800,22.27,0.01,17.14,4.51,,,Washington Wizards,Houston Rockets,Corey Kispert,11,0.14,14.40,24.40,19.40,480,10,0.13,14.30,24.80,19.50,439,5.00,0.14,16.90,22.60,19.00,207.00,3.00,0.11,17.80,25.30,22.50,145.00,0.74,0.59,0.33,1.26,0.56,1170,41.03,101.43,23.27,28.01,13.73,16.53,203.40,7.08,0.73,0.58,0.33,1.27,0.56,1063,41.30,101.30,23.63,28.33,13.63,16.33,201.10,7.11,0.89,0.75,0.41,1.19,0.55,525,39.43,101.48,21.84,26.49,16.33,19.81,194.40,8.69,0.79,0.70,0.37,1.12,0.52,323,44.89,102.28,24.03,25.05,16.91,17.62,219.00,8.13,44400.00,8.56,6.42,213.54,26.46
2025-11-12,Precious Achiuwa,PF/C,SAC,ATL,4000,24.07,0.19,16.85,4.21,,,Sacramento Kings,Atlanta Hawks,Precious Achiuwa,4,0.13,15.90,23.00,18.30,161,4,0.13,15.90,23.00,18.30,161,4.00,0.13,15.90,23.00,18.30,161.00,3.00,0.14,18.00,25.00,21.30,140.00,0.87,0.69,0.40,1.26,0.57,1126,14.30,101.87,8.32,30.25,5.75,20.91,198.50,8.01,0.87,0.69,0.40,1.26,0.57,1026,15.69,101.35,9.09,30.25,6.28,20.91,196.30,8.10,0.87,0.69,0.40,1.26,0.57,520,30.96,102.05,18.05,30.25,12.48,20.91,190.10,8.36,0.85,0.72,0.39,1.17,0.54,306,45.75,99.91,24.49,28.25,17.63,20.34,163.20,11.03,43400.00,9.22,37.67,217.95,22.05
2025-11-12,Miles McBride,PG/SG,NY,ORL,3900,20.29,0.25,16.84,4.32,,,New York Knicks,Orlando Magic,Miles McBride,8,0.15,18.00,40.90,22.20,375,8,0.15,18.00,40.90,22.20,375,5.00,0.15,16.40,36.00,18.10,191.00,3.00,0.16,15.90,36.00,17.70,111.00,0.81,0.44,0.38,1.84,0.87,1002,37.43,100.95,32.96,37.39,14.51,16.45,248.00,7.26,0.81,0.44,0.38,1.84,0.87,1002,37.43,100.45,32.80,37.39,14.44,16.45,248.00,7.26,0.91,0.46,0.43,1.99,0.94,505,37.82,100.65,35.88,40.36,16.34,18.39,259.40,6.32,0.90,0.44,0.43,2.03,0.97,302,36.75,99.25,35.49,41.28,15.68,18.23,258.50,6.15,50700.00,7.69,17.26,231.18,8.82
2025-11-12,Jordan Clarkson,SG/PG,NY,ORL,3700,18.38,0.19,16.81,4.54,,,New York Knicks,Orlando Magic,Jordan Clarkson,10,0.23,14.10,23.00,16.30,336,10,0.23,14.10,23.00,16.30,336,5.00,0.21,17.30,24.60,17.90,189.00,3.00,0.20,16.80,22.30,16.90,105.00,0.87,0.61,0.42,1.41,0.68,1002,33.53,100.95,23.17,25.93,14.21,15.90,248.00,5.69,0.87,0.61,0.42,1.41,0.68,1002,33.53,100.45,23.06,25.93,14.14,15.90,248.00,5.69,0.97,0.70,0.46,1.37,0.65,505,37.43,100.65,24.51,25.25,17.24,17.76,259.40,6.67,0.99,0.75,0.48,1.32,0.64,302,34.77,99.25,21.99,24.25,16.56,18.27,258.50,6.50,50700.00,7.30,17.26,231.18,8.82
2025-11-12,Patrick Williams,PF/SF,CHI,DET,3900,22.94,0.34,16.79,4.31,,,Chicago Bulls,Detroit Pistons,Patrick Williams,10,0.14,18.00,35.70,22.90,496,10,0.14,18.00,35.70,22.90,496,5.00,0.13,17.20,35.80,23.70,258.00,3.00,0.12,15.90,36.70,24.00,160.00,0.79,0.50,0.36,1.56,0.72,1033,48.02,102.23,35.33,35.76,17.81,18.03,199.10,9.04,0.79,0.50,0.36,1.56,0.72,1033,48.02,102.03,35.26,35.76,17.78,18.03,199.10,9.04,0.73,0.48,0.33,1.51,0.69,517,49.90,101.85,35.26,34.65,16.94,16.65,200.30,8.59,0.66,0.43,0.30,1.53,0.69,314,50.96,102.82,36.05,35.08,15.62,15.20,204.10,7.79,42200.00,9.24,44.81,216.73,23.27
2025-11-12,Tim Hardaway,SF/SG,DEN,LAC,3900,22.96,0.04,16.38,4.20,,,Denver Nuggets,LA Clippers,Tim Hardaway Jr.,10,0.16,16.30,25.40,23.00,487,10,0.16,16.30,25.40,23.00,487,5.00,0.16,16.60,28.80,22.70,239.00,3.00,0.18,16.40,28.00,22.20,137.00,0.71,0.64,0.33,1.10,0.52,1020,47.75,98.60,24.55,25.36,15.76,16.27,225.00,7.24,0.71,0.64,0.33,1.10,0.52,1020,47.75,98.60,24.55,25.36,15.76,16.27,225.00,7.24,0.73,0.58,0.35,1.27,0.60,508,47.05,98.85,28.02,29.13,16.15,16.79,232.70,7.13,0.74,0.59,0.36,1.26,0.61,295,46.44,95.75,27.26,28.96,15.97,16.96,221.50,7.40,48400.00,8.06,19.48,218.07,21.93
2025-11-12,Gary Trent,SG/SF,MIL,CHA,4200,30.31,8.91,16.16,3.85,,,Milwaukee Bucks,Charlotte Hornets,Gary Trent Jr.,11,0.16,19.50,27.30,28.10,662,10,0.15,18.50,26.80,28.50,605,5.00,0.12,14.20,22.60,26.80,281.00,3.00,0.12,12.80,23.30,26.30,163.00,0.69,0.71,0.32,0.97,0.45,1125,58.84,102.31,27.31,29.45,19.51,21.03,169.70,11.49,0.65,0.69,0.31,0.94,0.44,1018,59.43,102.07,26.87,28.50,18.55,19.67,169.60,10.91,0.53,0.63,0.25,0.84,0.40,511,54.99,101.25,22.39,25.56,14.07,16.06,164.80,8.62,0.49,0.55,0.24,0.89,0.43,307,53.09,101.17,23.04,26.85,12.65,14.75,179.20,7.14,39200.00,10.71,99.45,224.63,15.37
2025-11-12,Simone Fontecchio,SF,MIA,CLE,3800,19.39,0.05,16.07,4.23,,,Miami Heat,Cleveland Cavaliers,Simone Fontecchio,11,0.18,17.40,24.80,19.30,472,10,0.18,17.60,25.20,19.30,429,5.00,0.18,14.60,21.40,17.10,188.00,3.00,0.16,15.10,21.00,17.80,118.00,0.90,0.70,0.41,1.28,0.58,1186,39.80,104.78,24.10,24.92,16.91,17.49,232.50,7.48,0.91,0.70,0.41,1.31,0.59,1074,39.94,104.44,24.51,25.32,17.11,17.69,234.10,7.52,0.85,0.68,0.39,1.25,0.57,544,34.56,105.16,20.68,24.27,14.11,16.56,251.20,5.81,0.85,0.72,0.38,1.18,0.53,335,35.22,105.26,19.80,22.88,14.23,16.45,277.90,5.43,49600.00,7.66,45.02,241.14,-1.14
2025-11-12,Caris LeVert,SG/SF,DET,CHI,4300,22.33,0.09,16.07,3.74,,,Detroit Pistons,Chicago Bulls,Caris LeVert,7,0.17,14.00,29.40,19.40,298,6,0.18,13.90,29.20,19.10,248,4.00,0.18,17.10,32.80,20.10,177.00,2.00,0.17,21.10,32.00,20.40,90.00,0.72,0.48,0.33,1.52,0.69,1124,26.51,102.23,18.72,33.83,8.91,16.11,193.70,7.23,0.73,0.48,0.34,1.53,0.71,1019,24.34,102.03,17.54,34.13,8.35,16.25,197.20,7.05,0.85,0.52,0.39,1.63,0.74,514,34.44,101.85,26.00,36.43,13.55,18.99,229.30,7.46,1.03,0.66,0.47,1.57,0.71,315,28.57,102.82,20.89,35.02,13.77,23.09,250.10,8.44,47700.00,9.01,34.23,230.45,9.55
2025-11-12,Bub Carrington,PG,WAS,HOU,4000,22.80,0.44,15.89,3.97,,,Washington Wizards,Houston Rockets,Bub Carrington,11,0.14,18.40,55.60,28.10,680,10,0.14,18.00,56.10,28.00,614,5.00,0.14,17.60,61.00,29.30,321.00,3.00,0.16,20.90,65.70,30.30,201.00,0.65,0.33,0.30,1.98,0.90,1170,58.12,101.43,53.02,45.11,17.55,14.93,203.40,9.05,0.64,0.32,0.29,2.00,0.91,1063,57.76,101.30,53.46,45.68,17.15,14.66,201.10,8.95,0.60,0.29,0.27,2.08,0.95,525,61.14,101.48,58.96,47.47,17.01,13.69,194.40,9.05,0.69,0.32,0.31,2.17,0.98,323,62.23,102.28,62.41,49.44,19.85,15.73,219.00,9.54,44400.00,9.01,6.42,213.54,26.46
2025-11-12,Jarred Vanderbilt,C/PF,LAL,OKC,4100,17.02,0.01,15.61,3.81,,,Los Angeles Lakers,Oklahoma City Thunder,Jarred Vanderbilt,11,0.12,17.70,30.50,19.90,470,10,0.12,19.00,31.50,20.70,445,5.00,0.10,15.60,29.60,18.50,199.00,3.00,0.11,16.80,32.00,20.60,128.00,0.89,0.58,0.41,1.53,0.71,1108,42.42,100.38,30.39,26.08,17.64,15.14,262.00,6.76,0.92,0.60,0.43,1.52,0.71,1006,44.23,100.62,31.51,25.90,19.00,15.62,268.00,7.09,0.84,0.53,0.39,1.60,0.74,502,39.64,101.25,29.85,27.23,15.73,14.35,259.20,6.02,0.82,0.53,0.39,1.55,0.75,294,43.54,99.83,32.60,26.44,17.11,13.88,241.10,6.97,54600.00,7.51,9.53,237.84,2.16
2025-11-12,Sion James,SF/SG,CHA,MIL,3900,28.59,0.27,15.36,3.94,,,Charlotte Hornets,Milwaukee Bucks,Sion James,10,0.11,15.90,32.20,25.20,536,10,0.11,15.90,32.20,25.20,536,5.00,0.11,15.30,35.00,29.00,306.00,3.00,0.12,13.50,32.30,29.60,190.00,0.63,0.49,0.30,1.28,0.60,1021,52.50,102.31,32.27,36.54,15.93,18.04,199.00,7.99,0.63,0.49,0.30,1.28,0.60,1021,52.50,102.07,32.19,36.54,15.90,18.04,199.00,7.99,0.53,0.44,0.25,1.21,0.57,500,61.20,101.25,35.44,34.51,15.49,15.09,215.10,7.11,0.46,0.42,0.21,1.09,0.51,298,63.76,101.17,32.90,31.20,13.75,13.04,220.10,6.13,47100.00,8.28,35.66,233.02,6.98
2025-11-12,Al Horford,C,GS,SA,3800,21.03,0.03,15.35,4.04,,,Golden State Warriors,San Antonio Spurs,Al Horford,7,0.15,15.50,36.40,21.40,319,5,0.15,14.90,35.00,20.10,214,2.00,0.15,20.90,43.00,22.30,98.00,1.00,0.17,25.30,35.00,18.00,40.00,0.72,0.43,0.34,1.70,0.80,1220,26.15,100.34,20.96,35.77,8.92,15.23,201.80,7.68,0.74,0.43,0.35,1.74,0.82,1013,21.13,100.58,17.38,36.62,7.40,15.59,194.70,7.65,0.94,0.49,0.43,1.93,0.88,503,19.48,101.10,17.29,40.55,8.40,19.71,192.40,10.86,1.41,0.72,0.63,1.94,0.88,299,13.38,100.41,11.75,40.89,8.50,29.56,170.50,14.84,45000.00,8.44,14.41,205.31,34.69
2025-11-12,Keaton Wallace,PG,ATL,SAC,4500,17.99,0.04,15.33,3.41,,,Atlanta Hawks,Sacramento Kings,Keaton Wallace,10,0.13,13.30,36.70,15.80,330,9,0.14,14.50,39.20,16.60,312,4.00,0.14,18.70,51.80,22.70,189.00,3.00,0.14,20.80,59.30,26.60,166.00,0.84,0.36,0.40,2.32,1.11,1114,29.62,101.87,33.56,41.78,12.16,15.14,216.60,6.14,0.87,0.37,0.42,2.36,1.13,1001,31.17,101.35,35.72,42.47,13.21,15.71,219.80,6.60,0.82,0.36,0.40,2.28,1.10,501,37.72,102.05,42.21,41.04,15.24,14.82,225.00,8.31,0.78,0.35,0.38,2.23,1.07,293,56.66,99.91,60.66,40.10,21.28,14.06,231.80,8.97,48400.00,9.30,36.55,213.61,26.39
2025-11-12,Nique Clifford,SG/SF,SAC,ATL,3900,22.67,0.14,15.29,3.92,,,Sacramento Kings,Atlanta Hawks,Nique Clifford,7,0.12,15.50,29.70,20.60,320,6,0.14,14.40,29.50,20.10,269,5.00,0.15,15.90,31.40,20.90,232.00,3.00,0.16,13.60,29.00,17.70,120.00,0.75,0.52,0.34,1.44,0.65,1126,28.42,101.87,18.81,32.69,9.82,17.06,198.50,7.81,0.72,0.49,0.32,1.47,0.66,1026,26.22,101.35,17.48,33.27,8.53,16.24,196.30,7.34,0.76,0.51,0.34,1.50,0.68,520,44.62,102.05,30.81,34.06,15.60,17.25,190.10,8.36,0.77,0.47,0.34,1.64,0.72,306,39.22,99.91,28.41,37.15,13.32,17.42,163.20,8.33,43400.00,8.99,37.67,217.95,22.05
2025-11-12,Cameron Johnson,SF/PF,DEN,LAC,4400,25.73,0.23,15.27,3.47,,,Denver Nuggets,LA Clippers,Cameron Johnson,10,0.14,15.30,30.90,26.10,551,10,0.14,15.30,30.90,26.10,551,5.00,0.14,15.50,31.60,25.50,275.00,3.00,0.12,15.30,29.70,24.90,155.00,0.59,0.50,0.28,1.18,0.56,1020,54.02,98.60,29.87,30.47,14.79,15.09,225.00,6.80,0.59,0.50,0.28,1.18,0.56,1020,54.02,98.60,29.87,30.47,14.79,15.09,225.00,6.80,0.61,0.49,0.28,1.24,0.57,508,54.13,98.85,30.74,31.89,15.08,15.64,232.70,6.66,0.61,0.52,0.30,1.19,0.57,295,52.54,95.75,28.92,30.69,14.90,15.81,221.50,6.91,48400.00,9.09,19.48,218.07,21.93
2025-11-12,Kevon Looney,C,NO,POR,3800,17.56,0.00,14.87,3.91,,,New Orleans Pelicans,Portland Trail Blazers,Kevon Looney,5,0.14,14.20,30.60,15.90,171,5,0.14,14.20,30.60,15.90,171,5.00,0.14,14.20,30.60,15.90,171.00,3.00,0.15,16.90,30.70,16.10,101.00,0.89,0.46,0.42,1.92,0.89,1004,17.03,102.43,15.61,33.80,7.24,15.69,180.50,7.87,0.89,0.46,0.42,1.92,0.89,1004,17.03,102.43,15.61,33.80,7.24,15.69,180.50,7.87,0.89,0.46,0.42,1.92,0.89,500,34.20,101.80,31.15,33.80,14.46,15.69,195.40,7.27,1.05,0.55,0.50,1.91,0.91,298,33.89,103.00,31.83,33.49,17.52,18.44,215.90,7.83,43700.00,8.70,18.00,216.26,23.74
2025-11-12,Tristan da Silva,PF,ORL,NY,3900,19.00,0.06,14.72,3.77,,,Orlando Magic,New York Knicks,Tristan da Silva,11,0.19,18.10,28.50,20.90,490,10,0.18,18.30,28.50,21.10,448,5.00,0.18,15.10,26.40,21.00,218.00,3.00,0.19,12.30,22.30,19.30,114.00,0.87,0.64,0.41,1.36,0.64,1117,43.87,100.95,28.33,25.91,17.99,16.45,218.50,8.28,0.87,0.64,0.41,1.35,0.64,1006,44.53,100.45,28.46,25.66,18.27,16.48,217.20,8.43,0.72,0.57,0.35,1.26,0.61,500,43.60,100.65,26.57,23.88,15.20,13.66,224.20,6.74,0.64,0.55,0.32,1.16,0.59,293,38.91,99.25,22.66,21.95,12.50,12.11,229.90,5.35,46500.00,8.39,17.08,217.27,22.73
2025-11-12,Luke Travers,SF,CLE,MIA,3500,15.05,0.30,14.56,4.16,,,Cleveland Cavaliers,Miami Heat,Luke Travers,4,0.17,7.10,13.80,8.20,72,4,0.17,7.10,13.80,8.20,72,1.00,0.16,15.40,16.00,8.50,20.00,1.00,0.16,15.40,16.00,8.50,20.00,0.87,0.51,0.39,1.68,0.77,1143,6.30,104.78,5.06,25.32,2.60,13.03,159.70,4.45,0.87,0.51,0.39,1.68,0.77,1038,6.94,104.44,5.55,25.32,2.86,13.03,162.10,4.38,1.81,0.96,0.77,1.88,0.80,532,3.76,105.16,3.16,28.32,3.04,27.26,168.20,9.16,1.81,0.96,0.77,1.88,0.80,320,6.25,105.26,5.26,28.32,5.07,27.26,162.40,9.48,39300.00,8.91,102.16,225.68,14.32
2025-11-12,John Collins,PF/C,LAC,DEN,5100,29.02,19.90,14.27,2.80,,,LA Clippers,Denver Nuggets,John Collins,10,0.21,22.80,38.30,25.30,508,10,0.21,22.80,38.30,25.30,508,5.00,0.22,22.10,39.80,26.60,262.00,3.00,0.21,24.80,41.30,27.60,160.00,0.90,0.60,0.45,1.51,0.75,961,52.86,0.00,0.00,43.94,0.00,26.16,172.20,13.24,0.90,0.60,0.45,1.51,0.75,961,52.86,0.00,0.00,43.94,0.00,26.16,172.20,13.24,0.83,0.56,0.42,1.50,0.76,478,54.81,0.00,0.00,43.43,0.00,24.11,181.50,12.18,0.90,0.60,0.46,1.50,0.77,278,57.55,0.00,0.00,43.43,0.00,26.08,190.70,13.00,40900.00,12.47,61.16,209.88,30.12
2025-11-12,Cam Whitmore,SF,WAS,HOU,4200,19.70,0.07,14.26,3.40,,,Washington Wizards,Houston Rockets,Cam Whitmore,11,0.22,14.50,20.50,16.60,409,10,0.22,13.90,19.40,16.30,363,5.00,0.20,11.70,16.60,16.50,177.00,3.00,0.20,16.80,20.70,21.20,137.00,0.87,0.71,0.39,1.23,0.55,1170,34.96,101.43,19.55,24.33,13.83,17.21,203.40,7.13,0.85,0.72,0.38,1.19,0.53,1063,34.15,101.30,18.49,23.44,13.25,16.80,201.10,6.91,0.71,0.70,0.33,1.01,0.47,525,33.71,101.48,16.04,19.82,11.31,13.97,194.40,6.02,0.79,0.81,0.37,0.98,0.45,323,42.41,102.28,19.66,19.23,15.96,15.61,219.00,7.67,44400.00,9.46,6.42,213.54,26.46
2025-11-12,Tyrese Proctor,PG,CLE,MIA,3600,19.55,0.36,13.95,3.87,,,Cleveland Cavaliers,Miami Heat,Tyrese Proctor,9,0.18,8.40,19.60,11.60,219,8,0.19,8.30,19.40,11.00,184,4.00,0.16,10.70,16.30,10.90,91.00,2.00,0.17,16.40,23.00,15.70,65.00,0.72,0.43,0.35,1.69,0.81,1143,19.16,104.78,16.17,33.03,6.93,14.16,159.70,5.26,0.75,0.43,0.36,1.76,0.84,1038,17.73,104.44,15.62,34.48,6.68,14.75,162.10,5.12,0.98,0.66,0.47,1.50,0.72,532,17.11,105.16,12.89,29.23,8.46,19.19,168.20,6.36,1.04,0.71,0.50,1.46,0.71,320,20.31,105.26,15.13,28.64,10.79,20.42,162.40,10.10,39300.00,9.16,102.16,225.68,14.32
2025-11-12,Luke Kennard,SG/PG,ATL,SAC,3900,22.00,0.08,13.43,3.44,,,Atlanta Hawks,Sacramento Kings,Luke Kennard,9,0.14,15.70,29.90,24.60,473,8,0.14,15.70,28.30,23.90,405,3.00,0.15,17.10,25.70,23.80,161.00,1.00,0.20,16.80,28.00,20.10,43.00,0.64,0.53,0.30,1.22,0.57,1114,42.46,101.87,24.61,26.74,12.92,14.04,216.60,7.25,0.66,0.55,0.31,1.18,0.56,1001,40.46,101.35,22.92,26.05,12.72,14.45,219.80,7.14,0.72,0.67,0.32,1.08,0.48,501,32.14,102.05,15.70,23.75,10.45,15.80,225.00,7.60,0.84,0.60,0.39,1.39,0.65,293,14.68,99.91,9.55,30.64,5.73,18.39,231.80,7.25,48400.00,8.06,36.55,213.61,26.39
2025-11-12,Khris Middleton,SG/SF,WAS,HOU,4300,24.88,0.23,12.97,3.02,,,Washington Wizards,Houston Rockets,Khris Middleton,8,0.17,19.50,31.90,24.70,433,7,0.16,17.60,30.30,24.20,368,2.00,0.15,15.00,28.00,24.20,104.00,2.00,0.15,15.00,28.00,24.20,104.00,0.79,0.61,0.36,1.29,0.59,1170,37.01,101.43,22.12,32.14,13.52,19.65,203.40,9.59,0.73,0.58,0.33,1.25,0.58,1063,34.62,101.30,20.21,31.16,11.74,18.10,201.10,8.75,0.62,0.54,0.29,1.16,0.54,525,19.81,101.48,10.82,28.79,5.80,15.42,194.40,7.72,0.62,0.54,0.29,1.16,0.54,323,32.20,102.28,17.73,28.79,9.50,15.42,219.00,6.85,44400.00,9.68,6.42,213.54,26.46
2025-11-12,Klay Thompson,SF/SG,DAL,PHO,3800,18.00,0.05,12.82,3.37,,,Dallas Mavericks,Phoenix Suns,Klay Thompson,10,0.19,14.80,25.10,19.70,436,9,0.19,15.00,25.10,19.40,388,4.00,0.18,14.80,23.50,18.30,160.00,2.00,0.15,12.30,21.00,16.90,75.00,0.75,0.59,0.34,1.27,0.58,1131,38.55,101.53,22.53,22.93,13.29,13.52,206.50,7.17,0.77,0.60,0.35,1.29,0.58,1030,37.67,101.60,22.28,23.29,13.32,13.92,219.10,6.85,0.81,0.63,0.37,1.28,0.59,508,31.50,99.55,18.42,23.12,11.60,14.56,232.10,6.38,0.73,0.59,0.33,1.24,0.56,307,24.43,98.66,13.50,22.37,7.91,13.10,200.10,6.15,47600.00,7.98,33.23,223.73,16.27
2025-11-12,Jaxson Hayes,C,LAL,OKC,3800,15.92,0.00,12.81,3.37,,,Los Angeles Lakers,Oklahoma City Thunder,Jaxson Hayes,8,0.10,14.80,23.30,17.80,298,7,0.10,15.30,23.70,18.30,269,5.00,0.11,14.40,23.80,18.40,194.00,3.00,0.11,12.30,22.00,15.50,96.00,0.83,0.64,0.40,1.31,0.63,1108,26.90,100.38,16.89,20.84,10.73,13.23,262.00,5.65,0.84,0.65,0.40,1.30,0.62,1006,26.74,100.62,16.59,20.61,10.71,13.31,268.00,5.71,0.78,0.61,0.37,1.29,0.61,502,38.65,101.25,24.00,20.59,14.52,12.46,259.20,5.56,0.79,0.56,0.38,1.42,0.69,294,32.65,99.83,22.41,22.59,12.53,12.63,241.10,5.10,54600.00,6.96,9.53,237.84,2.16
2025-11-12,Kris Dunn,PG/SG,LAC,DEN,4100,31.41,13.78,12.69,3.10,,,LA Clippers,Denver Nuggets,Kris Dunn,10,0.13,18.00,51.70,26.00,531,10,0.13,18.00,51.70,26.00,531,5.00,0.12,22.20,60.20,29.30,294.00,3.00,0.12,20.20,66.00,31.10,183.00,0.69,0.35,0.34,1.99,0.97,961,55.25,0.00,0.00,62.47,0.00,21.75,172.20,10.45,0.69,0.35,0.34,1.99,0.97,961,55.25,0.00,0.00,62.47,0.00,21.75,172.20,10.45,0.76,0.37,0.38,2.05,1.02,478,61.51,0.00,0.00,64.54,0.00,23.80,181.50,12.23,0.65,0.31,0.33,2.12,1.08,278,65.83,0.00,0.00,66.67,0.00,20.40,190.70,10.59,40900.00,10.02,61.16,209.88,30.12
2025-11-12,Keon Ellis,SG/SF,SAC,ATL,3600,18.80,0.30,12.69,3.53,,,Sacramento Kings,Atlanta Hawks,Keon Ellis,11,0.12,13.60,22.20,17.70,423,10,0.12,13.70,22.80,18.20,398,5.00,0.10,11.40,19.80,16.10,180.00,3.00,0.11,9.30,15.00,12.80,85.00,0.77,0.61,0.35,1.25,0.58,1126,37.57,101.87,22.09,23.58,13.53,14.44,198.50,6.85,0.75,0.60,0.34,1.25,0.57,1026,38.79,101.35,22.52,23.55,13.53,14.15,196.30,6.98,0.71,0.58,0.32,1.23,0.55,520,34.62,102.05,19.43,23.12,11.19,13.31,190.10,6.00,0.73,0.62,0.33,1.17,0.53,306,27.78,99.91,14.69,22.03,9.11,13.66,163.20,5.70,43400.00,8.29,37.67,217.95,22.05
2025-11-12,John Konchar,SF,MEM,BOS,3600,17.42,0.00,12.58,3.49,,,Memphis Grizzlies,Boston Celtics,John Konchar,10,0.07,10.30,15.90,11.80,265,8,0.08,10.90,17.60,12.80,229,3.00,0.04,7.60,10.30,7.20,48.00,3.00,0.04,7.60,10.30,7.20,48.00,0.87,0.65,0.39,1.35,0.60,1242,21.34,100.10,12.81,23.47,8.30,15.20,190.10,5.42,0.85,0.62,0.38,1.38,0.61,1020,22.45,99.38,13.72,23.95,8.50,14.83,193.00,5.65,1.06,0.74,0.47,1.43,0.64,514,9.34,99.80,6.00,24.92,4.43,18.38,187.30,4.06,1.06,0.74,0.47,1.43,0.64,311,15.43,99.84,9.92,24.92,7.32,18.38,189.60,4.01,40700.00,8.85,42.09,229.60,10.40
2025-11-12,Larry Nance,PF/C,CLE,MIA,3700,20.51,2.61,12.54,3.39,Q,,Cleveland Cavaliers,Miami Heat,Larry Nance Jr.,9,0.15,12.60,21.10,16.60,318,8,0.14,11.90,21.40,16.60,282,3.00,0.15,14.40,23.70,18.00,117.00,1.00,0.08,11.90,11.00,14.30,29.00,0.76,0.60,0.36,1.27,0.60,1143,27.82,104.78,17.41,26.07,10.40,15.57,159.70,7.89,0.72,0.56,0.34,1.29,0.61,1038,27.17,104.44,17.23,26.44,9.58,14.70,162.10,7.34,0.80,0.61,0.37,1.32,0.61,532,21.99,105.16,14.05,27.01,8.54,16.41,168.20,8.56,0.83,1.08,0.41,0.77,0.38,320,9.06,105.26,3.62,15.78,3.91,17.07,162.40,7.33,39300.00,9.41,102.16,225.68,14.32
2025-11-12,Craig Porter,PG,CLE,MIA,3800,21.73,5.70,12.20,3.21,,,Cleveland Cavaliers,Miami Heat,Craig Porter Jr.,11,0.12,12.90,28.00,15.40,364,10,0.12,13.80,29.60,16.20,351,5.00,0.09,8.00,23.40,13.00,146.00,3.00,0.10,4.90,14.30,8.50,55.00,0.84,0.46,0.39,1.82,0.85,1143,31.85,104.78,28.23,39.50,13.01,18.20,159.70,8.08,0.85,0.47,0.39,1.83,0.84,1038,33.82,104.44,29.78,39.70,13.89,18.51,162.10,8.51,0.62,0.34,0.27,1.80,0.80,532,27.44,105.16,23.13,39.11,7.91,13.37,168.20,4.76,0.58,0.34,0.27,1.68,0.78,320,17.19,105.26,14.11,36.55,4.84,12.52,162.40,3.02,39300.00,9.67,102.16,225.68,14.32
2025-11-12,Yves Missi,C,NO,POR,4100,18.71,0.01,12.11,2.95,,,New Orleans Pelicans,Portland Trail Blazers,Yves Missi,5,0.13,20.40,33.00,23.20,244,5,0.13,20.40,33.00,23.20,244,1.00,0.12,19.20,34.00,22.00,45.00,1.00,0.12,19.20,34.00,22.00,45.00,0.88,0.62,0.42,1.42,0.68,1004,24.30,102.43,16.83,26.61,10.41,16.45,180.50,11.30,0.88,0.62,0.42,1.42,0.68,1004,24.30,102.43,16.83,26.61,10.41,16.45,180.50,11.30,0.87,0.56,0.43,1.55,0.76,500,9.00,101.80,6.92,28.92,3.91,16.33,195.40,9.83,0.87,0.56,0.43,1.55,0.76,298,15.10,103.00,11.75,28.92,6.64,16.33,215.90,8.89,43700.00,9.38,18.00,216.26,23.74
2025-11-12,KJ Simpson,PG,CHA,MIL,3700,18.10,0.12,12.01,3.25,,,Charlotte Hornets,Milwaukee Bucks,KJ Simpson,4,0.20,12.70,30.00,15.70,134,4,0.20,12.70,30.00,15.70,134,4.00,0.20,12.70,30.00,15.70,134.00,3.00,0.18,11.30,27.00,15.30,97.00,0.81,0.42,0.38,1.91,0.90,1021,13.12,102.31,12.02,34.58,5.09,14.64,199.00,6.38,0.81,0.42,0.38,1.91,0.90,1021,13.12,102.07,12.00,34.58,5.08,14.64,199.00,6.38,0.81,0.42,0.38,1.91,0.90,500,26.80,101.25,24.30,34.58,10.29,14.64,215.10,5.90,0.74,0.42,0.35,1.76,0.84,298,32.55,101.17,27.50,31.93,11.51,13.36,220.10,5.13,47100.00,7.86,35.66,233.02,6.98
2025-11-12,Kris Murray,SF,POR,NO,3700,21.57,0.05,11.97,3.23,,,Portland Trail Blazers,New Orleans Pelicans,Kris Murray,9,0.10,13.10,19.10,21.80,429,9,0.10,13.10,19.10,21.80,429,5.00,0.12,13.30,20.20,22.00,236.00,3.00,0.11,8.90,17.00,19.30,128.00,0.60,0.69,0.27,0.88,0.40,1050,40.86,102.43,16.77,18.90,11.50,12.96,206.50,6.34,0.60,0.69,0.27,0.88,0.40,1050,40.86,102.43,16.77,18.90,11.50,12.96,206.50,6.34,0.60,0.66,0.28,0.92,0.43,519,45.47,101.80,19.81,19.80,13.04,13.04,207.30,6.42,0.46,0.52,0.21,0.88,0.40,319,40.13,103.00,16.47,19.00,8.62,9.95,213.70,4.16,42000.00,8.81,41.52,204.72,35.28
2025-11-12,Sam Hauser,SF/PF,BOS,MEM,3800,20.45,0.04,11.75,3.09,,,Boston Celtics,Memphis Grizzlies,Sam Hauser,12,0.14,14.90,30.80,22.60,574,10,0.13,14.30,31.30,22.10,470,5.00,0.12,11.20,33.00,21.90,230.00,3.00,0.09,10.10,26.70,19.70,126.00,0.66,0.48,0.31,1.36,0.64,1161,49.44,100.10,31.87,27.87,15.42,13.48,214.20,6.96,0.65,0.46,0.30,1.42,0.67,967,48.60,99.38,32.17,28.96,14.70,13.23,220.00,6.50,0.51,0.34,0.24,1.51,0.72,483,47.62,99.80,34.09,30.82,11.57,10.46,225.50,4.97,0.51,0.38,0.24,1.36,0.64,289,43.60,99.84,27.67,27.72,10.47,10.48,215.60,4.68,47600.00,7.98,24.85,227.27,12.73
2025-11-12,Jeremy Sochan,PF,SA,GS,4800,16.23,0.00,11.72,2.44,,,San Antonio Spurs,Golden State Warriors,Jeremy Sochan,4,0.16,14.20,24.80,17.00,145,4,0.16,14.20,24.80,17.00,145,4.00,0.16,14.20,24.80,17.00,145.00,3.00,0.14,11.70,21.30,15.10,100.00,0.84,0.57,0.39,1.46,0.68,1012,14.33,100.34,9.84,23.68,5.63,13.56,259.40,5.47,0.84,0.57,0.39,1.46,0.68,1012,14.33,100.58,9.86,23.68,5.65,13.56,259.40,5.47,0.84,0.57,0.39,1.46,0.68,509,28.49,101.10,19.70,23.68,11.28,13.56,255.90,5.55,0.77,0.55,0.35,1.41,0.64,305,32.79,100.41,21.04,22.90,11.56,12.58,268.70,4.35,55400.00,8.66,20.30,232.29,7.71
2025-11-12,Derrick Jones,SF/PF,LAC,DEN,4200,28.60,0.65,11.53,2.75,,,LA Clippers,Denver Nuggets,Derrick Jones Jr.,10,0.14,19.20,28.90,25.30,516,10,0.14,19.20,28.90,25.30,516,5.00,0.14,20.10,32.60,27.60,281.00,3.00,0.14,17.00,29.70,27.50,163.00,0.76,0.66,0.37,1.14,0.56,961,53.69,0.00,0.00,32.67,0.00,21.71,172.20,11.15,0.76,0.66,0.37,1.14,0.56,961,53.69,0.00,0.00,32.67,0.00,21.71,172.20,11.15,0.73,0.62,0.36,1.18,0.58,478,58.79,0.00,0.00,33.79,0.00,20.83,181.50,11.07,0.62,0.57,0.31,1.08,0.55,278,58.63,0.00,0.00,30.89,0.00,17.68,190.70,8.91,40900.00,10.27,61.16,209.88,30.12
2025-11-12,Dereck Lively,C,DAL,PHO,4500,16.32,0.02,11.53,2.56,Q,,Dallas Mavericks,Phoenix Suns,Dereck Lively II,3,0.12,20.20,24.00,16.90,119,2,0.12,25.30,32.00,20.10,94,2.00,0.12,25.30,32.00,20.10,94.00,0.00,0.00,0.00,0.00,0.00,0.00,1.20,0.84,0.51,1.42,0.61,1131,10.52,101.53,6.46,23.17,5.44,19.50,206.50,9.78,1.26,0.79,0.54,1.59,0.68,1030,9.13,101.60,6.31,25.98,4.99,20.54,219.10,11.55,1.26,0.79,0.54,1.59,0.68,508,18.50,99.55,12.54,25.98,9.92,20.54,232.10,10.90,0.00,0.00,0.00,0.00,0.00,307,0.00,98.66,0.00,0.00,0.00,0.00,200.10,0.00,47600.00,9.45,33.23,223.73,16.27
2025-11-12,Landry Shamet,SG,NY,ORL,3600,17.82,0.05,11.51,3.20,,,New York Knicks,Orlando Magic,Landry Shamet,10,0.14,11.60,21.50,18.40,390,10,0.14,11.60,21.50,18.40,390,5.00,0.12,12.60,22.40,19.30,206.00,3.00,0.11,10.70,19.00,17.90,112.00,0.63,0.54,0.30,1.17,0.55,1002,38.92,100.95,21.66,20.82,11.69,11.23,248.00,4.68,0.63,0.54,0.30,1.17,0.55,1002,38.92,100.45,21.55,20.82,11.63,11.23,248.00,4.68,0.65,0.56,0.31,1.16,0.54,505,40.79,100.65,22.32,20.68,12.56,11.63,259.40,4.86,0.60,0.56,0.29,1.06,0.51,302,37.09,99.25,18.73,18.91,10.55,10.65,258.50,4.14,50700.00,7.10,17.26,231.18,8.82
2025-11-12,Dalton Knecht,SF/SG,LAL,OKC,3800,15.40,0.02,10.65,2.80,,,Los Angeles Lakers,Oklahoma City Thunder,Dalton Knecht,10,0.17,12.40,21.40,18.20,391,10,0.17,12.40,21.40,18.20,391,5.00,0.17,10.50,20.20,17.20,181.00,3.00,0.19,12.00,19.00,17.10,102.00,0.68,0.58,0.32,1.18,0.55,1108,35.29,100.38,19.39,18.11,11.23,10.49,262.00,4.73,0.68,0.58,0.32,1.18,0.55,1006,38.87,100.62,21.40,18.11,12.40,10.49,268.00,4.63,0.61,0.52,0.29,1.17,0.56,502,36.06,101.25,20.37,18.08,10.59,9.40,259.20,4.05,0.70,0.63,0.35,1.11,0.56,294,34.69,99.83,19.35,17.11,12.22,10.81,241.10,4.98,54600.00,6.96,9.53,237.84,2.16
2025-11-12,Cam Christie,SG,LAC,DEN,3800,18.14,0.15,9.43,2.48,,,LA Clippers,Denver Nuggets,Cam Christie,7,0.19,11.00,19.40,12.30,168,7,0.19,11.00,19.40,12.30,168,4.00,0.18,15.80,26.50,16.90,135.00,3.00,0.17,18.50,32.00,20.30,121.00,0.89,0.57,0.46,1.58,0.81,961,17.48,0.00,0.00,28.61,0.00,16.22,172.20,6.39,0.89,0.57,0.46,1.58,0.81,961,17.48,0.00,0.00,28.61,0.00,16.22,172.20,6.39,0.93,0.60,0.47,1.57,0.79,478,28.24,0.00,0.00,28.44,0.00,16.96,181.50,8.71,0.91,0.58,0.46,1.58,0.79,278,43.53,0.00,0.00,28.59,0.00,16.53,190.70,9.70,40900.00,9.29,61.16,209.88,30.12
2025-11-12,Liam McNeeley,SF,CHA,MIL,3700,16.09,0.01,8.89,2.40,,,Charlotte Hornets,Milwaukee Bucks,Liam McNeeley,8,0.14,8.30,15.10,12.60,221,8,0.14,8.30,15.10,12.60,221,5.00,0.15,7.30,16.60,13.80,149.00,3.00,0.15,10.80,21.00,16.70,106.00,0.66,0.55,0.30,1.20,0.55,1021,21.65,102.31,12.10,19.28,6.65,10.60,199.00,4.17,0.66,0.55,0.30,1.20,0.55,1021,21.65,102.07,12.08,19.28,6.64,10.60,199.00,4.17,0.53,0.44,0.24,1.20,0.56,500,29.80,101.25,16.81,19.35,7.39,8.51,215.10,3.39,0.65,0.51,0.31,1.26,0.59,298,35.57,101.17,21.39,20.23,11.00,10.41,220.10,4.91,47100.00,7.86,35.66,233.02,6.98
2025-11-12,Brook Lopez,C,LAC,DEN,3800,17.40,0.03,7.72,2.03,,,LA Clippers,Denver Nuggets,Brook Lopez,10,0.22,13.50,20.80,15.90,320,10,0.22,13.50,20.80,15.90,320,5.00,0.23,11.60,19.20,15.50,157.00,3.00,0.23,12.20,20.00,15.80,94.00,0.85,0.65,0.42,1.31,0.65,961,33.30,0.00,0.00,22.76,0.00,14.77,172.20,7.84,0.85,0.65,0.42,1.31,0.65,961,33.30,0.00,0.00,22.76,0.00,14.77,172.20,7.84,0.75,0.60,0.37,1.24,0.61,478,32.85,0.00,0.00,21.55,0.00,13.02,181.50,6.39,0.77,0.61,0.39,1.27,0.64,278,33.81,0.00,0.00,22.02,0.00,13.43,190.70,6.40,40900.00,9.29,61.16,209.88,30.12
2025-11-12,Chaz Lanier,SG,DET,CHI,3500,15.20,0.97,7.15,2.04,,,Detroit Pistons,Chicago Bulls,Chaz Lanier,7,0.12,5.10,6.90,8.80,139,7,0.12,5.10,6.90,8.80,139,2.00,0.10,9.40,8.50,14.80,68.00,2.00,0.10,9.40,8.50,14.80,68.00,0.58,0.74,0.26,0.78,0.35,1124,12.37,102.23,4.39,11.92,3.25,8.81,193.70,2.63,0.58,0.74,0.26,0.78,0.35,1019,13.64,102.03,4.84,11.92,3.57,8.81,197.20,2.59,0.64,1.11,0.28,0.57,0.25,514,13.23,101.85,3.37,8.73,3.73,9.65,229.30,4.10,0.64,1.11,0.28,0.57,0.25,315,21.59,102.82,5.55,8.73,6.14,9.65,250.10,3.76,47700.00,7.34,34.23,230.45,9.55
2025-11-12,Jordan Hawkins,SG,NO,POR,3600,16.98,0.08,6.66,1.85,,,New Orleans Pelicans,Portland Trail Blazers,Jordan Hawkins,9,0.16,6.80,16.30,15.10,278,9,0.16,6.80,16.30,15.10,278,5.00,0.16,5.50,18.20,15.60,162.00,3.00,0.19,8.00,22.30,18.00,113.00,0.45,0.42,0.22,1.08,0.53,1004,27.69,102.43,14.97,18.33,6.24,7.65,180.50,3.77,0.45,0.42,0.22,1.08,0.53,1004,27.69,102.43,14.97,18.33,6.24,7.65,180.50,3.77,0.35,0.30,0.17,1.17,0.56,500,32.40,101.80,18.53,19.81,5.60,5.99,195.40,2.81,0.44,0.36,0.21,1.24,0.59,298,37.92,103.00,23.12,21.04,8.30,7.55,215.90,3.71,43700.00,8.24,18.00,216.26,23.74
2025-11-12,Nicolas Batum,SF,LAC,DEN,3600,20.20,0.06,6.44,1.79,,,LA Clippers,Denver Nuggets,Nicolas Batum,10,0.11,10.60,25.10,16.20,333,10,0.11,10.60,25.10,16.20,333,5.00,0.12,8.80,27.40,17.60,176.00,3.00,0.13,12.10,30.70,21.10,123.00,0.65,0.42,0.32,1.55,0.75,961,34.65,0.00,0.00,31.30,0.00,13.22,172.20,6.16,0.65,0.42,0.32,1.55,0.75,961,34.65,0.00,0.00,31.30,0.00,13.22,172.20,6.16,0.50,0.32,0.25,1.56,0.78,478,36.82,0.00,0.00,31.45,0.00,10.10,181.50,4.85,0.57,0.39,0.30,1.45,0.75,278,44.24,0.00,0.00,29.39,0.00,11.58,190.70,6.35,40900.00,8.80,61.16,209.88,30.12
2025-11-12,Amir Coffey,SF,MIL,CHA,3600,18.48,0.00,4.40,1.22,,,Milwaukee Bucks,Charlotte Hornets,Amir Coffey,11,0.06,4.00,8.60,10.30,243,10,0.07,3.90,8.40,10.10,217,5.00,0.05,2.50,7.60,9.50,104.00,3.00,0.05,2.80,7.70,11.20,71.00,0.39,0.47,0.18,0.83,0.39,1125,21.60,102.31,8.60,15.43,4.00,7.18,169.70,2.36,0.39,0.46,0.18,0.83,0.39,1018,21.32,102.07,8.42,15.37,3.91,7.14,169.60,2.30,0.26,0.33,0.12,0.80,0.37,511,20.35,101.25,7.53,14.78,2.48,4.86,164.80,1.52,0.25,0.36,0.12,0.69,0.33,307,23.13,101.17,7.61,12.70,2.77,4.62,179.20,1.56,39200.00,9.18,99.45,224.63,15.37
