game_date,player,pos,team,opp,salary,proj_mins,ownership,fp_proj,projected_value,status,game_info,team_full_name,opp_full_name,db_player,gp_sl,usg_pct_sl,fp_sl,touches_sl,min_sl,poss_sl,gp_l10,usg_pct_l10,fp_l10,touches_l10,min_l10,poss_l10,gp_l5,usg_pct_l5,fp_l5,touches_l5,min_l5,poss_l5,gp_l3,usg_pct_l3,fp_l3,touches_l3,min_l3,poss_l3,fppm_sl,fppt_sl,fppp_sl,tpm_sl,tpp_sl,team_poss_sl,poss_pct_sl,implied_poss_sl,touches_ip_sl,touches_tpm_sl,fp_proj_it_sl,fp_proj_tpm_sl,team_fp_sl,fp_per_sl,fppm_l10,fppt_l10,fppp_l10,tpm_l10,tpp_l10,team_poss_l10,poss_pct_l10,implied_poss_l10,touches_ip_l10,touches_tpm_l10,fp_proj_it_l10,fp_proj_tpm_l10,team_fp_l10,fp_per_l10,fppm_l5,fppt_l5,fppp_l5,tpm_l5,tpp_l5,team_poss_l5,poss_pct_l5,implied_poss_l5,touches_ip_l5,touches_tpm_l5,fp_proj_it_l5,fp_proj_tpm_l5,team_fp_l5,fp_per_l5,fppm_l3,fppt_l3,fppp_l3,tpm_l3,tpp_l3,team_poss_l3,poss_pct_l3,implied_poss_l3,touches_ip_l3,touches_tpm_l3,fp_proj_it_l3,fp_proj_tpm_l3,team_fp_l3,fp_per_l3,team_salary,salary_share,team_ownership,team_minutes,minutes_avail
2025-11-28,Nikola Jokic,C,DEN,SA,12700,34.68,14.34,63.79,5.02,,,Denver Nuggets,San Antonio Spurs,Nikola Jokić,17.00,0.28,65.20,99.10,34.80,1262.00,10.00,0.31,65.30,98.80,34.60,737.00,5.00,0.32,65.20,102.20,36.50,388.00,3.00,0.30,63.90,103.70,36.50,223.00,1.87,0.66,0.88,2.85,1.33,1721,73.33,100.34,98.22,98.75,64.62,64.97,185.10,35.22,1.89,0.66,0.89,2.86,1.34,996,74.00,100.25,99.44,99.03,65.73,65.45,193.80,33.69,1.79,0.64,0.84,2.80,1.32,501,77.45,100.05,102.05,97.10,65.10,61.95,202.80,32.15,1.75,0.62,0.86,2.84,1.40,288,77.43,98.16,106.03,98.53,65.34,60.71,204.70,31.22,43100.00,29.47,66.58,206.53,33.47
2025-11-28,Luka Doncic,PG,LAL,DAL,12600,36.15,8.62,61.46,4.88,,,Los Angeles Lakers,Dallas Mavericks,Luka Dončić,13.00,0.37,62.80,94.20,37.20,1019.00,9.00,0.35,60.50,90.10,36.70,702.00,5.00,0.35,64.50,92.40,38.20,409.00,3.00,0.39,66.50,95.30,37.60,244.00,1.69,0.67,0.80,2.53,1.20,1717,59.35,101.84,72.63,91.53,48.42,61.02,243.40,25.80,1.65,0.67,0.78,2.46,1.16,1004,69.92,101.57,82.03,88.74,55.08,59.59,227.70,26.57,1.69,0.70,0.79,2.42,1.13,506,80.83,101.80,92.95,87.43,64.88,61.03,236.50,27.27,1.77,0.70,0.82,2.53,1.17,306,79.74,100.92,94.29,91.62,65.80,63.93,226.10,29.41,52700.00,23.91,13.67,211.38,28.62
2025-11-28,Shai Gilgeous-Alexander,PG,OKC,PHO,11100,28.54,1.05,50.83,4.58,,,Oklahoma City Thunder,Phoenix Suns,Shai Gilgeous-Alexander,19.00,0.33,53.80,68.00,33.20,1322.00,10.00,0.32,53.80,61.60,31.30,663.00,5.00,0.31,53.70,64.00,32.30,340.00,3.00,0.32,57.40,64.50,32.30,203.00,1.62,0.79,0.77,2.05,0.98,1945,67.97,100.20,66.56,58.46,52.66,46.26,235.10,22.88,1.72,0.87,0.81,1.97,0.93,1009,65.71,99.90,60.99,56.18,53.27,49.06,224.50,23.96,1.66,0.84,0.79,1.98,0.94,505,67.33,100.05,63.40,56.56,53.19,47.46,217.20,24.72,1.78,0.89,0.85,2.00,0.95,301,67.44,98.09,63.06,57.00,56.12,50.73,222.20,25.83,56100.00,19.79,10.91,228.31,11.69
2025-11-28,Cade Cunningham,PG,DET,ORL,10600,34.88,12.22,49.35,4.66,,,Detroit Pistons,Orlando Magic,Cade Cunningham,15.00,0.32,51.90,97.70,36.40,1157.00,7.00,0.35,57.20,97.60,36.60,547.00,4.00,0.34,52.50,96.50,34.60,298.00,3.00,0.34,53.30,93.70,34.90,222.00,1.43,0.53,0.67,2.68,1.27,1831,63.19,101.00,80.84,93.63,42.94,49.74,228.70,22.69,1.56,0.59,0.73,2.67,1.25,1022,53.52,100.25,67.02,93.02,39.28,54.52,235.10,24.33,1.52,0.54,0.70,2.79,1.30,503,59.24,101.35,77.78,97.29,42.31,52.93,218.80,23.99,1.53,0.57,0.72,2.68,1.27,298,74.50,100.25,94.56,93.66,53.79,53.28,207.70,25.66,49600.00,21.37,19.07,203.05,36.95
2025-11-28,Tyrese Maxey,PG,PHI,BKN,10400,36.09,6.91,48.71,4.68,,,Philadelphia 76ers,Brooklyn Nets,Tyrese Maxey,17.00,0.29,53.40,104.00,39.90,1425.00,10.00,0.30,50.70,103.10,38.50,808.00,5.00,0.29,51.60,106.60,38.90,414.00,3.00,0.29,52.80,113.30,38.30,254.00,1.34,0.51,0.64,2.61,1.24,1728,82.47,98.91,101.20,94.08,51.96,48.30,189.20,28.22,1.32,0.49,0.63,2.68,1.28,1014,79.68,98.28,99.93,96.65,49.14,47.53,193.60,26.19,1.33,0.48,0.62,2.74,1.29,515,80.39,98.20,101.63,98.91,49.20,47.88,195.80,26.35,1.38,0.47,0.62,2.96,1.34,322,78.88,99.20,104.71,106.77,48.80,49.76,189.90,27.80,45400.00,22.91,36.62,215.25,24.75
2025-11-28,Jalen Johnson,PF/SF,ATL,CLE,10100,34.13,7.91,46.28,4.58,,,Atlanta Hawks,Cleveland Cavaliers,Jalen Johnson,17.00,0.24,46.40,84.40,33.90,1249.00,9.00,0.25,52.10,90.20,35.50,683.00,5.00,0.26,47.90,94.60,36.20,382.00,3.00,0.25,44.60,92.30,34.70,219.00,1.37,0.55,0.63,2.49,1.15,1932,64.65,101.93,75.70,84.97,41.62,46.71,214.90,21.59,1.47,0.58,0.69,2.54,1.19,1010,67.62,101.25,81.38,86.72,47.01,50.09,229.70,22.68,1.32,0.51,0.63,2.61,1.24,499,76.55,99.85,94.65,89.19,47.92,45.16,219.90,21.78,1.29,0.48,0.61,2.66,1.26,297,73.74,99.50,92.77,90.78,44.83,43.87,217.20,20.53,46000.00,21.96,31.82,192.34,47.66
2025-11-28,De'Aaron Fox,PG,SA,DEN,8700,33.03,17.27,45.27,5.20,,,San Antonio Spurs,Denver Nuggets,De'Aaron Fox,9.00,0.28,41.30,75.80,33.50,652.00,9.00,0.28,41.30,75.80,33.50,652.00,5.00,0.31,47.80,78.00,33.10,355.00,3.00,0.31,50.70,78.00,32.60,212.00,1.23,0.54,0.57,2.26,1.05,1717,37.97,100.34,39.87,74.73,21.72,40.72,195.70,21.10,1.23,0.54,0.57,2.26,1.05,1010,64.55,100.25,67.71,74.73,36.89,40.72,195.20,21.16,1.44,0.61,0.67,2.36,1.10,501,70.86,100.05,77.88,77.83,47.73,47.70,220.20,21.71,1.56,0.65,0.72,2.39,1.10,301,70.43,98.16,76.31,79.03,49.60,51.37,222.70,22.77,43800.00,19.86,43.39,214.72,25.28
2025-11-28,Karl-Anthony Towns,C/PF,NY,MIL,9600,33.57,7.75,44.04,4.59,,,New York Knicks,Milwaukee Bucks,Karl-Anthony Towns,17.00,0.26,44.70,56.80,33.40,1206.00,10.00,0.27,45.70,56.40,33.40,709.00,5.00,0.28,43.90,54.00,34.00,355.00,3.00,0.28,43.50,48.70,34.20,208.00,1.34,0.79,0.63,1.70,0.80,1706,70.69,100.60,56.94,57.09,44.81,44.93,213.80,20.91,1.37,0.81,0.64,1.69,0.80,1006,70.48,99.81,55.96,56.69,45.34,45.93,224.00,20.40,1.29,0.81,0.62,1.59,0.76,501,70.86,99.81,53.79,53.32,43.73,43.35,237.70,18.47,1.27,0.89,0.63,1.42,0.70,293,70.99,98.50,49.12,47.80,43.87,42.70,230.30,18.89,49400.00,19.43,51.16,221.27,18.73
2025-11-28,Donovan Mitchell,SG/PG,CLE,ATL,9300,32.82,9.47,43.34,4.66,,,Cleveland Cavaliers,Atlanta Hawks,Donovan Mitchell,17.00,0.31,45.90,77.70,34.00,1255.00,9.00,0.32,46.80,83.90,35.00,675.00,5.00,0.32,44.00,73.60,34.10,360.00,3.00,0.32,45.40,72.00,33.50,215.00,1.35,0.59,0.62,2.29,1.05,1953,64.26,101.93,68.94,75.00,40.73,44.30,232.30,19.76,1.34,0.56,0.62,2.40,1.12,1025,65.85,101.25,74.59,78.67,41.61,43.88,233.70,20.03,1.29,0.60,0.61,2.16,1.02,500,72.00,99.85,73.49,70.83,43.93,42.35,220.90,19.92,1.36,0.63,0.63,2.15,1.00,302,71.19,99.50,71.17,70.53,44.87,44.48,231.10,19.65,50700.00,18.34,29.60,206.78,33.22
2025-11-28,Josh Giddey,PG/SG,CHI,CHA,9700,32.58,13.68,42.07,4.34,,,Chicago Bulls,Charlotte Hornets,Josh Giddey,15.00,0.26,47.30,100.10,34.10,1124.00,8.00,0.24,46.10,102.30,34.00,609.00,5.00,0.22,43.10,96.20,32.40,367.00,3.00,0.22,45.00,100.70,33.60,232.00,1.39,0.47,0.63,2.94,1.34,1802,62.38,102.42,85.34,95.65,40.33,45.20,262.30,18.03,1.36,0.45,0.61,3.01,1.34,1083,56.23,102.01,77.09,98.04,34.74,44.18,256.30,17.99,1.33,0.45,0.59,2.97,1.31,537,68.34,102.85,92.12,96.75,41.27,43.34,235.70,18.29,1.34,0.45,0.58,3.00,1.30,327,70.95,102.25,94.46,97.65,42.21,43.64,228.70,19.68,53500.00,18.13,33.58,227.20,12.80
2025-11-28,Keyonte George,PG/SG,UTA,SAC,7700,35.33,12.77,41.68,5.41,,,Utah Jazz,Sacramento Kings,Keyonte George,17.00,0.27,39.60,86.30,34.70,1258.00,10.00,0.27,38.90,83.50,34.70,750.00,5.00,0.28,46.30,91.80,37.30,406.00,3.00,0.25,42.10,80.00,35.70,236.00,1.14,0.46,0.54,2.49,1.17,1781,70.63,102.45,84.39,87.87,38.73,40.32,199.90,19.81,1.12,0.47,0.52,2.41,1.11,1063,70.56,102.81,80.76,85.02,37.62,39.61,210.30,18.50,1.24,0.50,0.57,2.46,1.13,544,74.63,101.94,86.01,86.95,43.38,43.86,213.90,21.65,1.18,0.53,0.54,2.24,1.02,313,75.40,100.97,77.42,79.17,40.74,41.66,191.90,21.94,44200.00,17.42,42.18,204.66,35.34
2025-11-28,Franz Wagner,SF/PF,ORL,DET,8300,34.08,10.71,40.50,4.88,,,Orlando Magic,Detroit Pistons,Franz Wagner,19.00,0.25,38.70,62.40,34.50,1411.00,10.00,0.26,40.90,65.30,34.50,732.00,5.00,0.24,37.60,62.20,30.90,344.00,3.00,0.25,39.10,62.30,29.30,195.00,1.12,0.62,0.52,1.81,0.84,1928,73.18,101.00,62.11,61.64,38.52,38.23,197.50,19.59,1.19,0.63,0.56,1.89,0.89,1005,72.84,100.25,65.14,64.51,40.80,40.40,213.00,19.20,1.22,0.60,0.55,2.01,0.90,511,67.32,101.35,61.68,68.60,37.29,41.47,223.80,16.80,1.33,0.63,0.60,2.13,0.96,302,64.57,100.25,62.04,72.46,38.94,45.48,210.60,18.57,46200.00,17.97,42.67,213.37,26.63
2025-11-28,Jamal Murray,PG/SG,DEN,SA,8500,34.38,15.70,40.32,4.74,,,Denver Nuggets,San Antonio Spurs,Jamal Murray,16.00,0.25,40.90,76.90,35.10,1180.00,9.00,0.24,42.00,85.00,36.40,682.00,5.00,0.24,42.40,89.20,37.70,394.00,3.00,0.23,44.30,91.00,38.20,233.00,1.17,0.53,0.55,2.19,1.04,1721,68.56,100.34,71.74,75.31,38.15,40.06,185.10,22.10,1.15,0.49,0.55,2.34,1.12,996,68.47,100.25,77.00,80.27,38.05,39.66,193.80,21.67,1.12,0.48,0.54,2.37,1.13,501,78.64,100.05,89.07,81.34,42.34,38.66,202.80,20.91,1.16,0.49,0.57,2.38,1.17,288,80.90,98.16,93.05,81.89,45.30,39.87,204.70,21.64,43100.00,19.72,66.58,206.53,33.47
2025-11-28,Austin Reaves,SG/SF,LAL,DAL,8200,33.25,2.17,39.63,4.83,,,Los Angeles Lakers,Dallas Mavericks,Austin Reaves,14.00,0.28,46.50,79.70,36.30,1075.00,7.00,0.26,40.90,68.60,34.70,513.00,5.00,0.26,43.90,68.80,36.70,382.00,3.00,0.24,42.30,65.00,36.20,226.00,1.28,0.58,0.61,2.20,1.04,1717,62.61,101.84,66.18,73.00,38.61,42.59,243.40,19.10,1.18,0.60,0.56,1.98,0.94,1004,51.10,101.57,48.58,65.73,28.96,39.19,227.70,17.96,1.20,0.64,0.57,1.87,0.90,506,75.49,101.80,69.21,62.33,44.16,39.77,236.50,18.56,1.17,0.65,0.56,1.80,0.86,306,73.86,100.92,64.31,59.70,41.85,38.85,226.10,18.71,52700.00,15.56,13.67,211.38,28.62
2025-11-28,Jalen Brunson,PG,NY,MIL,9300,33.77,7.18,38.93,4.19,,,New York Knicks,Milwaukee Bucks,Jalen Brunson,15.00,0.31,42.00,93.30,34.10,1073.00,8.00,0.31,41.20,89.80,34.10,564.00,4.00,0.32,42.60,87.00,34.60,284.00,3.00,0.33,42.00,87.00,34.50,209.00,1.23,0.45,0.59,2.74,1.30,1706,62.90,100.60,82.53,92.40,37.15,41.60,213.80,19.64,1.21,0.46,0.58,2.63,1.27,1006,56.06,99.81,71.28,88.94,32.70,40.80,224.00,18.39,1.23,0.49,0.60,2.51,1.23,501,56.69,99.81,69.33,84.92,33.95,41.58,237.70,17.92,1.22,0.48,0.60,2.52,1.25,293,71.33,98.50,87.74,85.16,42.36,41.11,230.30,18.24,49400.00,18.83,51.16,221.27,18.73
2025-11-28,Mikal Bridges,SG/SF,NY,MIL,7700,34.22,0.39,38.47,5.00,,,New York Knicks,Milwaukee Bucks,Mikal Bridges,17.00,0.16,37.70,63.10,35.20,1260.00,10.00,0.17,38.20,61.50,35.10,733.00,5.00,0.17,41.30,59.00,36.40,381.00,3.00,0.17,37.90,53.30,35.80,217.00,1.07,0.60,0.51,1.79,0.85,1706,73.86,100.60,63.26,61.34,37.79,36.65,213.80,17.63,1.09,0.62,0.52,1.75,0.84,1006,72.86,99.81,61.02,59.96,37.90,37.24,224.00,17.05,1.13,0.70,0.54,1.62,0.77,501,76.05,99.81,58.77,55.46,41.14,38.82,237.70,17.37,1.06,0.71,0.52,1.49,0.74,293,74.06,98.50,53.75,50.95,38.22,36.23,230.30,16.46,49400.00,15.59,51.16,221.27,18.73
2025-11-28,Lauri Markkanen,PF/SF,UTA,SAC,8400,34.15,4.89,38.45,4.58,,,Utah Jazz,Sacramento Kings,Lauri Markkanen,17.00,0.27,42.30,55.90,35.60,1304.00,10.00,0.26,40.70,53.00,34.80,759.00,5.00,0.26,42.90,54.00,36.30,395.00,3.00,0.22,33.40,44.00,34.40,224.00,1.19,0.76,0.55,1.57,0.73,1781,73.22,102.45,54.66,53.63,41.37,40.58,199.90,21.16,1.17,0.77,0.54,1.52,0.70,1063,71.40,102.81,51.26,52.02,39.36,39.94,210.30,19.35,1.18,0.79,0.54,1.49,0.68,544,72.61,101.94,50.60,50.81,40.20,40.36,213.90,20.06,0.97,0.76,0.45,1.28,0.59,313,71.57,100.97,42.58,43.69,32.32,33.16,191.90,17.40,44200.00,19.00,42.18,204.66,35.34
2025-11-28,Pascal Siakam,PF/C,IND,WAS,9100,33.89,9.56,37.60,4.13,,,Indiana Pacers,Washington Wizards,Pascal Siakam,17.00,0.28,41.70,75.60,34.90,1273.00,9.00,0.25,37.00,69.40,34.20,654.00,5.00,0.25,39.00,71.00,34.60,366.00,3.00,0.24,37.20,71.50,34.10,216.00,1.19,0.55,0.56,2.17,1.01,1862,68.37,102.69,70.88,73.42,39.10,40.50,201.00,20.75,1.08,0.53,0.51,2.03,0.96,1020,64.12,102.02,62.47,68.78,33.31,36.67,194.50,19.02,1.13,0.55,0.53,2.05,0.97,507,72.19,101.75,71.25,69.55,39.13,38.20,208.80,18.68,1.09,0.52,0.52,2.10,0.99,304,71.05,103.09,72.74,71.07,37.84,36.97,206.60,18.01,45100.00,20.18,78.92,217.02,22.98
2025-11-28,Giannis Antetokounmpo,PF,MIL,NY,11500,30.97,6.08,37.54,3.26,Q,,Milwaukee Bucks,New York Knicks,Giannis Antetokounmpo,13.00,0.35,57.10,80.20,31.80,882.00,5.00,0.36,48.70,83.80,31.60,331.00,1.00,0.46,25.00,45.00,13.00,28.00,1.00,0.46,25.00,45.00,13.00,28.00,1.80,0.71,0.84,2.52,1.18,1935,45.58,100.60,54.20,78.11,38.59,55.61,232.10,24.60,1.54,0.58,0.74,2.65,1.27,1011,32.74,99.81,41.37,82.14,24.04,47.73,228.00,21.36,1.92,0.56,0.89,3.46,1.61,509,5.50,99.81,8.82,107.21,4.90,59.56,216.50,11.55,1.92,0.56,0.89,3.46,1.61,299,9.36,98.50,14.82,107.21,8.24,59.56,216.60,11.54,52900.00,21.74,9.69,229.54,10.46
2025-11-28,Devin Booker,PG/SG,PHO,OKC,9100,34.32,2.88,37.10,4.08,,,Phoenix Suns,Oklahoma City Thunder,Devin Booker,19.00,0.29,41.50,71.20,35.70,1439.00,10.00,0.29,38.40,67.00,34.80,731.00,5.00,0.27,37.10,63.80,35.60,376.00,3.00,0.26,38.30,64.50,38.10,234.00,1.16,0.58,0.55,1.99,0.94,1916,75.10,100.20,70.75,68.45,41.24,39.90,189.60,21.89,1.10,0.57,0.53,1.93,0.92,993,73.62,99.90,67.40,66.08,38.63,37.87,191.90,20.01,1.04,0.58,0.49,1.79,0.85,498,75.50,100.05,64.09,61.51,37.27,35.77,204.30,18.16,1.01,0.59,0.49,1.69,0.83,290,80.69,98.09,65.45,58.10,38.86,34.50,209.10,18.32,40900.00,22.25,21.34,192.47,47.53
2025-11-28,Josh Hart,SF/PF,NY,MIL,6800,33.53,16.87,36.74,5.40,,,New York Knicks,Milwaukee Bucks,Josh Hart,16.00,0.16,28.30,56.40,27.30,917.00,10.00,0.17,33.10,62.80,29.50,622.00,5.00,0.17,37.60,67.80,32.90,342.00,3.00,0.16,37.00,66.70,33.40,200.00,1.04,0.50,0.49,2.07,0.98,1706,53.75,100.60,53.21,69.27,26.70,34.76,213.80,13.24,1.12,0.53,0.53,2.13,1.01,1006,61.83,99.81,62.31,71.38,32.84,37.62,224.00,14.78,1.14,0.55,0.55,2.06,0.99,501,68.26,99.81,67.54,69.10,37.45,38.32,237.70,15.82,1.11,0.55,0.55,2.00,1.00,293,68.26,98.50,67.27,66.96,37.32,37.14,230.30,16.07,49400.00,13.77,51.16,221.27,18.73
2025-11-28,Ryan Rollins,PG/SG,MIL,NY,7600,30.78,2.88,36.43,4.79,,,Milwaukee Bucks,New York Knicks,Ryan Rollins,19.00,0.25,35.20,70.90,32.10,1275.00,10.00,0.28,36.80,75.00,33.10,679.00,5.00,0.32,41.40,79.30,34.90,366.00,3.00,0.30,37.60,72.00,35.20,221.00,1.10,0.50,0.52,2.21,1.06,1935,65.89,100.60,70.04,67.98,34.77,33.75,232.10,15.17,1.11,0.49,0.54,2.27,1.10,1011,67.16,99.81,74.04,69.74,36.33,34.22,228.00,16.14,1.19,0.52,0.57,2.27,1.08,509,71.91,99.81,77.75,69.93,40.59,36.51,216.50,19.12,1.07,0.52,0.51,2.05,0.98,299,73.91,98.50,71.16,62.96,37.16,32.88,216.60,17.36,52900.00,14.37,9.69,229.54,10.46
2025-11-28,Jalen Duren,C,DET,ORL,8000,29.65,4.62,36.14,4.52,,,Detroit Pistons,Orlando Magic,Jalen Duren,16.00,0.23,39.70,49.90,29.00,978.00,8.00,0.23,41.60,55.80,31.60,533.00,5.00,0.25,37.90,52.60,29.10,307.00,3.00,0.23,30.60,51.00,29.30,183.00,1.37,0.80,0.65,1.72,0.82,1831,53.41,101.00,44.04,51.01,35.04,40.58,228.70,17.36,1.32,0.75,0.62,1.77,0.84,1022,52.15,100.25,43.79,52.35,32.65,39.03,235.10,17.69,1.30,0.72,0.62,1.81,0.86,503,61.03,101.35,52.99,53.59,38.18,38.61,218.80,17.32,1.04,0.60,0.50,1.74,0.84,298,61.41,100.25,51.47,51.60,30.88,30.96,207.70,14.73,49600.00,16.13,19.07,203.05,36.95
2025-11-28,Nic Claxton,C,BKN,PHI,6600,30.36,10.99,35.33,5.35,,,Brooklyn Nets,Philadelphia 76ers,Nic Claxton,17.00,0.19,34.10,51.40,29.70,1028.00,10.00,0.19,36.70,54.40,30.80,620.00,5.00,0.19,34.80,54.20,30.50,305.00,3.00,0.18,34.10,54.00,30.80,183.00,1.15,0.66,0.56,1.73,0.85,1654,62.15,98.91,52.25,52.54,34.67,34.86,166.70,20.46,1.19,0.67,0.59,1.77,0.88,961,64.52,98.28,55.63,53.62,37.53,36.17,175.60,20.90,1.14,0.64,0.57,1.78,0.89,478,63.81,98.20,55.67,53.95,35.75,34.64,180.20,19.31,1.11,0.63,0.56,1.75,0.89,284,64.44,99.20,56.59,53.23,35.73,33.61,177.50,19.21,39600.00,16.67,88.17,227.77,12.23
2025-11-28,Desmond Bane,SG/SF,ORL,DET,7000,33.31,11.99,35.18,5.03,,,Orlando Magic,Detroit Pistons,Desmond Bane,19.00,0.23,30.30,58.40,32.40,1303.00,10.00,0.23,34.00,64.20,34.60,723.00,5.00,0.24,36.10,60.20,31.90,344.00,3.00,0.25,32.90,56.70,29.90,192.00,0.94,0.52,0.44,1.80,0.85,1928,67.58,101.00,58.13,60.04,30.16,31.15,197.50,15.34,0.98,0.53,0.47,1.86,0.89,1005,71.94,100.25,64.04,61.81,33.92,32.73,213.00,15.96,1.13,0.60,0.52,1.89,0.88,511,67.32,101.35,59.70,62.86,35.80,37.70,223.80,16.13,1.10,0.58,0.51,1.90,0.89,302,63.58,100.25,56.47,63.17,32.76,36.65,210.60,15.62,46200.00,15.15,42.67,213.37,26.63
2025-11-28,Evan Mobley,PF/C,CLE,ATL,8700,32.32,6.97,34.95,4.02,,,Cleveland Cavaliers,Atlanta Hawks,Evan Mobley,18.00,0.23,40.20,71.30,34.20,1313.00,9.00,0.21,36.80,68.40,34.90,664.00,5.00,0.21,34.20,63.60,34.40,365.00,3.00,0.20,40.50,61.30,33.50,213.00,1.18,0.56,0.55,2.08,0.98,1953,67.23,101.93,66.98,67.38,37.77,37.99,232.30,17.31,1.05,0.54,0.50,1.96,0.93,1025,64.78,101.25,60.81,63.35,32.72,34.08,233.70,15.75,0.99,0.54,0.47,1.85,0.87,500,73.00,99.85,63.50,59.76,34.15,32.13,220.90,15.48,1.21,0.66,0.57,1.83,0.86,302,70.53,99.50,60.59,59.14,40.03,39.08,231.10,17.52,50700.00,17.16,29.60,206.78,33.22
2025-11-28,P.J. Washington,PF/SF,DAL,LAL,6900,31.74,0.82,34.85,5.05,,,Dallas Mavericks,Los Angeles Lakers,P.J. Washington,18.00,0.22,32.40,57.10,31.50,1221.00,9.00,0.23,31.80,53.60,29.40,569.00,5.00,0.23,35.70,60.00,32.40,342.00,3.00,0.25,40.30,65.30,34.60,219.00,1.03,0.57,0.48,1.81,0.84,1982,61.60,101.84,52.81,57.54,29.97,32.65,240.90,13.45,1.08,0.59,0.50,1.82,0.85,1058,53.78,101.57,46.31,57.87,27.48,34.34,256.50,12.40,1.10,0.60,0.52,1.85,0.88,510,67.06,101.80,59.88,58.79,35.63,34.98,194.50,18.35,1.16,0.62,0.55,1.89,0.89,301,72.76,100.92,65.68,59.91,40.54,36.97,197.80,20.37,52900.00,13.04,4.08,219.71,20.29
2025-11-28,Jalen Suggs,PG/SG,ORL,DET,6700,30.34,17.84,34.47,5.14,,,Orlando Magic,Detroit Pistons,Jalen Suggs,14.00,0.22,29.50,52.90,23.30,722.00,7.00,0.24,34.80,60.90,27.00,411.00,4.00,0.24,36.90,62.00,26.40,242.00,2.00,0.25,32.30,58.50,23.70,109.00,1.27,0.56,0.57,2.27,1.03,1928,37.45,101.00,38.80,68.89,21.64,38.42,197.50,14.94,1.29,0.57,0.59,2.26,1.04,1005,40.90,100.25,42.52,68.44,24.30,39.11,213.00,16.34,1.40,0.60,0.61,2.35,1.02,511,47.36,101.35,49.19,71.26,29.27,42.41,223.80,16.49,1.36,0.55,0.59,2.47,1.07,302,36.09,100.25,38.84,74.90,21.44,41.36,210.60,15.34,46200.00,14.50,42.67,213.37,26.63
2025-11-28,Mark Williams,C,PHO,OKC,5800,26.76,2.82,34.35,5.92,,,Phoenix Suns,Oklahoma City Thunder,Mark Williams,16.00,0.16,31.20,35.00,25.60,875.00,8.00,0.16,31.00,34.10,26.00,437.00,4.00,0.20,38.90,35.00,26.20,221.00,2.00,0.19,45.70,36.00,28.60,116.00,1.22,0.89,0.57,1.37,0.64,1916,45.67,100.20,29.29,36.59,26.11,32.62,189.60,16.46,1.19,0.91,0.57,1.31,0.62,993,44.01,99.90,27.44,35.10,24.95,31.91,191.90,16.15,1.48,1.11,0.70,1.34,0.63,498,44.38,100.05,28.13,35.75,31.26,39.74,204.30,19.04,1.60,1.27,0.79,1.26,0.62,290,40.00,98.09,24.35,33.69,30.92,42.76,209.10,21.86,40900.00,14.18,21.34,192.47,47.53
2025-11-28,Dyson Daniels,SG/PG,ATL,CLE,7300,32.08,3.97,34.23,4.69,,,Atlanta Hawks,Cleveland Cavaliers,Dyson Daniels,19.00,0.15,31.70,64.60,33.00,1331.00,10.00,0.15,32.80,68.20,33.20,699.00,5.00,0.19,35.40,68.40,33.30,353.00,3.00,0.21,36.60,68.30,32.80,207.00,0.96,0.49,0.45,1.96,0.92,1932,68.89,101.93,64.76,62.81,31.78,30.82,214.90,14.75,0.99,0.48,0.47,2.05,0.98,1010,69.21,101.25,68.37,65.91,32.88,31.70,229.70,14.28,1.06,0.52,0.50,2.05,0.97,499,70.74,99.85,68.43,65.90,35.42,34.11,219.90,16.10,1.12,0.54,0.53,2.08,0.99,297,69.70,99.50,68.64,66.81,36.78,35.80,217.20,16.85,46000.00,15.87,31.82,192.34,47.66
2025-11-28,Miles Bridges,PF/SF,CHA,CHI,7900,32.57,2.40,33.71,4.27,,,Charlotte Hornets,Chicago Bulls,Miles Bridges,18.00,0.25,36.90,61.80,34.90,1328.00,10.00,0.25,37.50,65.40,36.00,743.00,5.00,0.25,34.90,58.00,34.70,359.00,3.00,0.26,29.10,51.30,33.20,200.00,1.06,0.60,0.50,1.77,0.84,1815,73.17,102.42,62.77,57.67,37.48,34.43,243.30,15.17,1.04,0.57,0.50,1.82,0.88,992,74.90,102.01,67.25,59.16,38.56,33.92,240.00,15.62,1.01,0.60,0.49,1.67,0.81,492,72.97,102.85,60.62,54.43,36.48,32.75,218.90,15.94,0.88,0.57,0.44,1.55,0.77,288,69.44,102.25,54.64,50.32,30.99,28.54,193.60,15.03,53300.00,14.82,26.94,228.40,11.60
2025-11-28,CJ McCollum,SG/PG,WAS,IND,6100,28.96,12.91,33.36,5.47,,,Washington Wizards,Indiana Pacers,CJ McCollum,17.00,0.24,28.60,54.10,29.70,1098.00,10.00,0.26,32.90,57.70,30.40,651.00,5.00,0.26,33.80,55.80,30.60,322.00,3.00,0.29,38.30,57.30,29.90,194.00,0.96,0.53,0.44,1.82,0.84,1777,61.79,102.69,53.15,52.76,28.10,27.89,207.50,13.78,1.08,0.57,0.51,1.90,0.89,1030,63.20,102.02,57.15,54.97,32.59,31.34,212.30,15.50,1.10,0.61,0.52,1.82,0.87,507,63.51,101.75,55.99,52.82,33.92,31.99,221.40,15.27,1.28,0.67,0.59,1.92,0.89,312,62.18,103.09,56.80,55.50,37.96,37.10,233.10,16.43,46900.00,13.01,45.18,218.86,21.14
2025-11-28,Russell Westbrook,PG,SAC,UTA,7400,29.17,15.10,33.33,4.50,,,Sacramento Kings,Utah Jazz,Russell Westbrook,19.00,0.23,32.30,63.10,28.30,1170.00,10.00,0.23,30.30,63.40,27.50,592.00,5.00,0.23,32.70,67.30,27.90,292.00,3.00,0.24,35.20,75.00,29.80,184.00,1.14,0.51,0.52,2.23,1.02,1946,60.12,102.45,63.12,65.03,32.31,33.29,206.80,15.62,1.10,0.48,0.51,2.31,1.07,1022,57.93,102.81,63.78,67.24,30.48,32.13,191.20,15.85,1.17,0.49,0.56,2.41,1.15,506,57.71,101.94,67.79,70.35,32.94,34.18,201.00,16.27,1.18,0.47,0.57,2.52,1.22,303,60.73,100.97,74.98,73.40,35.19,34.45,218.20,16.13,44000.00,16.82,57.88,213.75,26.25
2025-11-28,Keegan Murray,PF/SF,SAC,UTA,6200,35.87,13.26,32.50,5.24,,,Sacramento Kings,Utah Jazz,Keegan Murray,4.00,0.19,36.90,46.70,38.00,313.00,4.00,0.19,36.90,46.70,38.00,313.00,4.00,0.19,36.90,46.70,38.00,313.00,3.00,0.19,44.10,48.50,39.70,243.00,0.97,0.79,0.47,1.23,0.60,1946,16.08,102.45,9.83,44.08,7.77,34.83,206.80,17.84,0.97,0.79,0.47,1.23,0.60,1022,30.63,102.81,18.79,44.08,14.85,34.83,191.20,19.30,0.97,0.79,0.47,1.23,0.60,506,61.86,101.94,37.63,44.08,29.74,34.83,201.00,18.36,1.11,0.91,0.54,1.22,0.60,303,80.20,100.97,48.49,43.82,44.09,39.84,218.20,20.21,44000.00,14.09,57.88,213.75,26.25
2025-11-28,Kristaps Porzingis,C/PF,ATL,CLE,7000,27.08,13.86,31.94,4.56,Q,,Atlanta Hawks,Cleveland Cavaliers,Kristaps Porziņģis,12.00,0.25,35.70,38.80,26.40,681.00,5.00,0.24,37.10,39.00,26.70,284.00,3.00,0.23,38.30,40.30,28.00,183.00,2.00,0.27,43.30,43.00,27.40,117.00,1.35,0.92,0.63,1.47,0.68,1932,35.25,101.93,24.56,39.80,22.60,36.62,214.90,16.61,1.39,0.95,0.65,1.46,0.69,1010,28.12,101.25,19.55,39.56,18.60,37.63,229.70,16.15,1.37,0.95,0.63,1.44,0.66,499,36.67,99.85,24.19,38.98,22.99,37.05,219.90,17.42,1.58,1.01,0.74,1.57,0.74,297,39.39,99.50,28.81,42.50,29.01,42.80,217.20,19.94,46000.00,15.22,31.82,192.34,47.66
2025-11-28,Alex Sarr,C/PF,WAS,IND,8200,29.69,4.28,31.76,3.87,,,Washington Wizards,Indiana Pacers,Alex Sarr,15.00,0.26,40.10,61.60,29.50,949.00,8.00,0.27,40.60,64.50,31.00,526.00,3.00,0.26,33.20,53.70,29.60,185.00,2.00,0.26,42.70,63.00,32.80,139.00,1.36,0.65,0.63,2.09,0.97,1777,53.40,102.69,53.40,62.00,34.76,40.36,207.50,19.33,1.31,0.63,0.62,2.08,0.98,1030,51.07,102.02,51.11,61.78,32.17,38.89,212.30,19.12,1.12,0.62,0.54,1.81,0.87,507,36.49,101.75,32.33,53.87,19.99,33.30,221.40,15.00,1.30,0.68,0.61,1.92,0.91,312,44.55,103.09,41.63,57.03,28.22,38.66,233.10,18.32,46900.00,17.48,45.18,218.86,21.14
2025-11-28,Myles Turner,C,MIL,NY,6500,29.15,0.12,31.56,4.86,,,Milwaukee Bucks,New York Knicks,Myles Turner,19.00,0.18,30.80,35.90,30.10,1211.00,10.00,0.18,31.50,35.30,31.30,652.00,5.00,0.19,33.60,37.80,31.90,338.00,3.00,0.20,34.70,37.00,31.20,199.00,1.02,0.86,0.48,1.19,0.56,1935,62.58,100.60,35.46,34.77,30.42,29.83,232.10,13.27,1.01,0.89,0.48,1.13,0.54,1011,64.49,99.81,34.85,32.88,31.10,29.34,228.00,13.82,1.05,0.89,0.50,1.18,0.56,509,66.40,99.81,37.06,34.54,32.94,30.70,216.50,15.52,1.11,0.94,0.52,1.19,0.56,299,66.56,98.50,36.57,34.57,34.29,32.42,216.60,16.02,52900.00,12.29,9.69,229.54,10.46
2025-11-28,Collin Gillespie,PG,PHO,OKC,6000,28.78,4.64,31.47,5.24,,,Phoenix Suns,Oklahoma City Thunder,Collin Gillespie,19.00,0.18,27.60,55.00,25.90,1034.00,10.00,0.19,28.30,54.60,27.00,568.00,5.00,0.20,33.90,61.30,31.20,331.00,3.00,0.20,33.40,63.00,31.10,198.00,1.07,0.50,0.51,2.12,1.01,1916,53.97,100.20,54.65,61.13,27.42,30.67,189.60,14.56,1.05,0.52,0.50,2.02,0.96,993,57.20,99.90,54.93,58.21,28.47,30.17,191.90,14.75,1.09,0.55,0.51,1.96,0.93,498,66.47,100.05,61.58,56.55,34.05,31.28,204.30,16.59,1.07,0.53,0.51,2.03,0.95,290,68.28,98.09,63.93,58.31,33.89,30.91,209.10,15.97,40900.00,14.67,21.34,192.47,47.53
2025-11-28,Vince Williams,SG/PG,MEM,LAC,6200,26.27,0.41,31.44,5.07,,,Memphis Grizzlies,LA Clippers,Vince Williams Jr.,14.00,0.19,24.20,53.40,22.20,663.00,10.00,0.18,26.40,61.20,24.20,516.00,5.00,0.18,35.10,71.80,27.30,287.00,3.00,0.17,34.30,67.50,27.70,171.00,1.09,0.45,0.51,2.41,1.13,1942,34.14,99.31,38.23,63.20,17.33,28.64,218.50,11.08,1.09,0.43,0.51,2.53,1.19,1011,51.04,98.30,59.51,66.44,25.67,28.66,223.20,11.83,1.29,0.49,0.61,2.63,1.25,498,57.63,97.59,70.35,69.10,34.39,33.78,243.10,14.44,1.24,0.51,0.60,2.44,1.18,301,56.81,96.48,64.91,64.03,32.98,32.53,246.40,13.92,49500.00,12.53,14.22,222.77,17.23
2025-11-28,Chet Holmgren,C/PF,OKC,PHO,7400,28.76,8.08,31.07,4.20,,,Oklahoma City Thunder,Phoenix Suns,Chet Holmgren,15.00,0.23,34.40,45.10,29.40,925.00,10.00,0.23,31.60,41.40,27.40,582.00,5.00,0.24,31.80,47.00,29.00,301.00,3.00,0.22,28.40,37.00,27.10,166.00,1.17,0.76,0.56,1.53,0.73,1945,47.56,100.20,34.85,44.12,26.58,33.66,235.10,14.63,1.15,0.76,0.54,1.51,0.71,1009,57.68,99.90,40.99,43.46,31.29,33.17,224.50,14.08,1.10,0.68,0.53,1.62,0.78,505,59.60,100.05,46.56,46.62,31.50,31.54,217.20,14.64,1.05,0.77,0.51,1.37,0.67,301,55.15,98.09,36.17,39.27,27.77,30.14,222.20,12.78,56100.00,13.19,10.91,228.31,11.69
2025-11-28,Andrew Nembhard,PG/SG,IND,WAS,6900,32.50,4.61,31.05,4.50,Q,,Indiana Pacers,Washington Wizards,Andrew Nembhard,11.00,0.24,29.80,84.70,30.80,722.00,10.00,0.25,31.90,88.10,32.20,684.00,5.00,0.24,30.30,92.00,34.10,353.00,3.00,0.23,36.10,89.50,35.10,217.00,0.97,0.35,0.45,2.75,1.29,1862,38.78,102.69,51.38,89.38,18.08,31.45,201.00,14.83,0.99,0.36,0.47,2.74,1.29,1020,67.06,102.02,88.12,88.92,31.91,32.20,194.50,16.40,0.89,0.33,0.43,2.70,1.30,507,69.63,101.75,92.32,87.68,30.40,28.88,208.80,14.51,1.03,0.40,0.50,2.55,1.24,304,71.38,103.09,91.05,82.87,36.73,33.43,206.60,17.47,45100.00,15.30,78.92,217.02,22.98
2025-11-28,Santi Aldama,PF/C,MEM,LAC,6600,23.83,0.16,31.03,4.70,,,Memphis Grizzlies,LA Clippers,Santi Aldama,19.00,0.20,30.30,49.90,26.50,1089.00,10.00,0.20,33.10,55.20,28.20,603.00,5.00,0.22,35.90,63.80,29.10,299.00,3.00,0.21,36.60,72.00,30.60,187.00,1.14,0.61,0.53,1.88,0.87,1942,56.08,99.31,48.48,44.86,29.44,27.24,218.50,13.87,1.17,0.60,0.55,1.96,0.92,1011,59.64,98.30,53.67,46.64,32.18,27.97,223.20,14.83,1.23,0.56,0.60,2.19,1.07,498,60.04,97.59,62.51,52.24,35.18,29.39,243.10,14.77,1.20,0.51,0.59,2.35,1.16,301,62.13,96.48,69.23,56.06,35.19,28.50,246.40,14.85,49500.00,13.33,14.22,222.77,17.23
2025-11-28,Zach Edey,C,MEM,LAC,6300,26.83,1.27,30.84,4.90,,,Memphis Grizzlies,LA Clippers,Zach Edey,6.00,0.18,30.20,26.20,23.60,304.00,6.00,0.18,30.20,26.20,23.60,304.00,5.00,0.17,29.70,25.30,23.30,249.00,3.00,0.18,31.60,18.50,22.30,140.00,1.28,1.15,0.60,1.11,0.52,1942,15.65,99.31,8.04,29.79,9.27,34.34,218.50,13.82,1.28,1.15,0.60,1.11,0.52,1011,30.07,98.30,15.28,29.79,17.62,34.34,223.20,13.53,1.27,1.17,0.60,1.09,0.51,498,50.00,97.59,24.79,29.14,29.10,34.20,243.10,12.22,1.42,1.71,0.68,0.83,0.40,301,46.51,96.48,17.79,22.26,30.39,38.02,246.40,12.82,49500.00,12.73,14.22,222.77,17.23
2025-11-28,LeBron James,PF/SF,LAL,DAL,8800,30.49,2.42,30.73,3.49,,,Los Angeles Lakers,Dallas Mavericks,LeBron James,3.00,0.22,38.70,68.00,32.10,206.00,3.00,0.22,38.70,68.00,32.10,206.00,3.00,0.22,38.70,68.00,32.10,206.00,3.00,0.22,38.70,68.00,32.10,206.00,1.21,0.57,0.56,2.12,0.99,1717,12.00,101.84,12.10,64.58,6.89,36.76,243.40,15.90,1.21,0.57,0.56,2.12,0.99,1004,20.52,101.57,20.64,64.58,11.75,36.76,227.70,17.00,1.21,0.57,0.56,2.12,0.99,506,40.71,101.80,41.04,64.58,23.36,36.76,236.50,16.36,1.21,0.57,0.56,2.12,0.99,306,67.32,100.92,67.28,64.58,38.29,36.76,226.10,17.12,52700.00,16.70,13.67,211.38,28.62
2025-11-28,Cooper Flagg,PG/SG/SF,DAL,LAL,6800,32.09,0.59,30.41,4.47,,,Dallas Mavericks,Los Angeles Lakers,Cooper Flagg,18.00,0.21,32.10,60.90,33.60,1301.00,9.00,0.22,35.00,61.90,34.80,672.00,4.00,0.23,30.50,61.30,31.60,268.00,3.00,0.24,34.60,63.30,33.20,210.00,0.96,0.53,0.44,1.81,0.84,1982,65.64,101.84,56.33,58.16,29.69,30.66,240.90,13.33,1.01,0.57,0.47,1.78,0.83,1058,63.52,101.57,53.48,57.08,30.24,32.28,256.50,13.65,0.97,0.50,0.46,1.94,0.91,510,52.55,101.80,48.94,62.25,24.35,30.97,194.50,15.68,1.04,0.55,0.49,1.91,0.90,301,69.77,100.92,63.67,61.19,34.80,33.44,197.80,17.49,52900.00,12.85,4.08,219.71,20.29
2025-11-28,Kon Knueppel,SF/SG,CHA,CHI,6600,29.53,0.28,30.11,4.56,,,Charlotte Hornets,Chicago Bulls,Kon Knueppel,18.00,0.21,30.20,54.20,33.30,1277.00,10.00,0.22,34.80,59.50,35.70,749.00,5.00,0.21,33.60,58.20,35.10,370.00,3.00,0.22,27.40,50.00,32.70,201.00,0.91,0.56,0.43,1.63,0.76,1815,70.36,102.42,55.05,48.06,30.68,26.78,243.30,12.41,0.97,0.58,0.46,1.67,0.79,992,75.50,102.01,61.19,49.21,35.79,28.78,240.00,14.50,0.96,0.58,0.45,1.66,0.79,492,75.20,102.85,60.83,48.96,35.12,28.26,218.90,15.35,0.84,0.55,0.41,1.53,0.75,288,69.79,102.25,53.26,45.15,29.18,24.74,193.60,14.15,53300.00,12.38,26.94,228.40,11.60
2025-11-28,Peyton Watson,PF,DEN,SA,5100,32.06,22.10,30.06,5.90,,,Denver Nuggets,San Antonio Spurs,Peyton Watson,17.00,0.15,22.80,39.60,25.60,920.00,10.00,0.17,26.30,47.20,29.60,620.00,5.00,0.18,32.80,56.20,33.90,359.00,3.00,0.19,31.00,55.00,33.80,207.00,0.89,0.58,0.42,1.55,0.73,1721,53.46,100.34,39.25,49.60,22.60,28.56,185.10,12.32,0.89,0.56,0.42,1.59,0.76,996,62.25,100.25,47.51,51.13,26.47,28.49,193.80,13.57,0.97,0.58,0.46,1.66,0.78,501,71.66,100.05,56.12,53.16,32.75,31.02,202.80,16.17,0.92,0.56,0.45,1.63,0.80,288,71.88,98.16,56.24,52.18,31.70,29.41,204.70,15.14,43100.00,11.83,66.58,206.53,33.47
2025-11-28,Deandre Ayton,C,LAL,DAL,6200,28.22,0.22,30.06,4.85,,,Los Angeles Lakers,Dallas Mavericks,Deandre Ayton,15.00,0.20,29.30,43.20,29.20,923.00,9.00,0.20,30.50,39.60,27.80,525.00,4.00,0.19,34.30,37.80,26.90,228.00,2.00,0.16,26.00,28.50,21.70,95.00,1.00,0.68,0.48,1.48,0.70,1717,53.76,101.84,38.43,41.76,26.07,28.32,243.40,12.04,1.10,0.77,0.52,1.42,0.68,1004,52.29,101.57,36.06,40.20,27.77,30.96,227.70,13.39,1.28,0.91,0.60,1.41,0.66,506,45.06,101.80,30.42,39.66,27.60,35.99,236.50,14.50,1.20,0.91,0.55,1.31,0.60,306,31.05,100.92,18.80,37.07,17.15,33.82,226.10,11.50,52700.00,11.76,13.67,211.38,28.62
2025-11-28,Noah Clowney,PF,BKN,PHI,4900,33.28,24.77,29.99,6.12,,,Brooklyn Nets,Philadelphia 76ers,Noah Clowney,17.00,0.20,21.30,37.60,27.20,946.00,10.00,0.21,27.00,41.90,31.00,632.00,5.00,0.21,29.60,41.80,33.10,337.00,3.00,0.24,34.90,50.30,37.80,227.00,0.78,0.57,0.38,1.38,0.68,1654,57.19,98.91,38.22,46.00,21.65,26.06,166.70,12.78,0.87,0.64,0.43,1.35,0.66,961,65.76,98.28,42.85,44.98,27.61,28.99,175.60,15.38,0.89,0.71,0.44,1.26,0.62,478,70.50,98.20,42.94,42.03,30.41,29.76,180.20,16.43,0.92,0.69,0.46,1.33,0.66,284,79.93,99.20,52.71,44.28,36.57,30.73,177.50,19.66,39600.00,12.37,88.17,227.77,12.23
2025-11-28,Devin Vassell,SF/SG,SA,DEN,6400,32.99,6.83,29.94,4.68,,,San Antonio Spurs,Denver Nuggets,Devin Vassell,17.00,0.18,26.00,48.60,33.30,1195.00,10.00,0.17,26.70,44.30,32.40,689.00,5.00,0.20,32.30,56.30,34.10,355.00,3.00,0.20,31.50,52.50,33.90,213.00,0.78,0.53,0.37,1.46,0.69,1717,69.60,100.34,48.28,48.14,25.83,25.75,195.70,13.29,0.82,0.60,0.39,1.37,0.64,1010,68.22,100.25,43.97,45.10,26.50,27.18,195.20,13.68,0.95,0.57,0.45,1.65,0.79,501,70.86,100.05,56.22,54.46,32.25,31.24,220.20,14.67,0.93,0.60,0.44,1.55,0.74,301,70.76,98.16,51.36,51.08,30.82,30.65,222.70,14.14,43800.00,14.61,43.39,214.72,25.28
2025-11-28,DeMar DeRozan,SF/PF,SAC,UTA,6700,31.23,6.66,29.73,4.44,,,Sacramento Kings,Utah Jazz,DeMar DeRozan,19.00,0.20,30.40,40.70,32.90,1338.00,10.00,0.19,27.70,35.30,30.20,637.00,5.00,0.21,29.00,35.80,29.90,314.00,3.00,0.22,32.00,42.00,33.10,207.00,0.92,0.75,0.43,1.24,0.58,1946,68.76,102.45,40.71,38.64,30.41,28.86,206.80,14.70,0.92,0.78,0.43,1.17,0.55,1022,62.33,102.81,35.51,36.51,27.87,28.65,191.20,14.49,0.97,0.81,0.46,1.20,0.57,506,62.06,101.94,36.06,37.40,29.21,30.29,201.00,14.43,0.97,0.76,0.46,1.27,0.61,303,68.32,100.97,41.99,39.63,31.99,30.19,218.20,14.67,44000.00,15.23,57.88,213.75,26.25
2025-11-28,Nikola Vucevic,C,CHI,CHA,7400,29.23,0.72,29.70,4.01,Q,,Chicago Bulls,Charlotte Hornets,Nikola Vučević,16.00,0.21,34.90,70.70,30.60,1063.00,9.00,0.22,30.30,68.90,29.60,581.00,4.00,0.25,32.80,70.00,27.50,241.00,2.00,0.25,29.40,57.50,23.80,105.00,1.14,0.49,0.53,2.31,1.06,1802,58.99,102.42,64.29,67.54,31.74,33.34,262.30,13.31,1.02,0.44,0.47,2.33,1.07,1083,53.65,102.01,58.41,68.05,25.69,29.92,256.30,11.82,1.19,0.47,0.54,2.55,1.16,537,44.88,102.85,53.63,74.41,25.13,34.87,235.70,13.92,1.24,0.51,0.56,2.42,1.10,327,32.11,102.25,35.96,70.63,18.39,36.11,228.70,12.86,53500.00,13.83,33.58,227.20,12.80
2025-11-28,Nickeil Alexander-Walker,SG/PG,ATL,CLE,6300,32.87,4.91,29.70,4.71,,,Atlanta Hawks,Cleveland Cavaliers,Nickeil Alexander-Walker,17.00,0.23,30.90,61.10,31.90,1169.00,8.00,0.22,33.90,63.10,32.90,571.00,5.00,0.21,33.10,67.80,35.40,377.00,3.00,0.18,25.30,66.30,35.50,223.00,0.97,0.51,0.45,1.92,0.89,1932,60.51,101.93,54.80,62.95,27.71,31.84,214.90,14.38,1.03,0.54,0.47,1.92,0.88,1010,56.53,101.25,50.60,63.04,27.19,33.87,229.70,14.76,0.94,0.49,0.44,1.92,0.90,499,75.55,99.85,67.83,62.95,33.12,30.73,219.90,15.05,0.71,0.38,0.34,1.87,0.89,297,75.08,99.50,66.63,61.38,25.43,23.42,217.20,11.65,46000.00,13.70,31.82,192.34,47.66
2025-11-28,Kyshawn George,SF/SG,WAS,IND,6900,29.84,6.87,29.51,4.28,Q,,Washington Wizards,Indiana Pacers,Kyshawn George,15.00,0.22,34.00,69.20,31.60,1029.00,8.00,0.23,31.50,68.40,32.00,546.00,4.00,0.25,37.30,73.00,33.50,284.00,2.00,0.20,32.80,70.50,32.40,146.00,1.08,0.49,0.50,2.19,1.01,1777,57.91,102.69,59.98,65.36,29.47,32.11,207.50,16.39,0.98,0.46,0.46,2.14,1.00,1030,53.01,102.02,54.20,63.79,24.96,29.38,212.30,14.84,1.11,0.51,0.53,2.18,1.03,507,56.02,101.75,58.60,65.03,29.94,33.23,221.40,16.85,1.01,0.47,0.45,2.18,0.97,312,46.79,103.09,46.59,64.94,21.68,30.21,233.10,14.07,46900.00,14.71,45.18,218.86,21.14
2025-11-28,Andre Drummond,C,PHI,BKN,6900,26.77,3.41,28.77,4.17,,,Philadelphia 76ers,Brooklyn Nets,Andre Drummond,16.00,0.13,26.40,25.40,24.20,803.00,10.00,0.14,31.30,31.60,29.80,616.00,5.00,0.14,31.40,33.00,30.10,312.00,3.00,0.15,29.60,30.00,26.20,171.00,1.09,1.04,0.53,1.05,0.51,1728,46.47,98.91,23.26,28.10,24.18,29.21,189.20,13.95,1.05,0.99,0.51,1.06,0.51,1014,60.75,98.28,30.63,28.39,30.34,28.12,193.60,16.17,1.04,0.95,0.50,1.10,0.53,515,60.58,98.20,31.46,29.35,29.94,27.93,195.80,16.04,1.13,0.99,0.52,1.15,0.53,322,53.11,99.20,27.73,30.66,27.36,30.25,189.90,15.59,45400.00,15.20,36.62,215.25,24.75
2025-11-28,LaMelo Ball,PG,CHA,CHI,8800,27.56,1.61,28.56,3.25,,,Charlotte Hornets,Chicago Bulls,LaMelo Ball,11.00,0.31,41.80,80.70,30.40,726.00,5.00,0.33,32.80,71.60,26.80,286.00,4.00,0.34,32.90,71.50,26.70,227.00,2.00,0.30,26.80,64.00,26.00,107.00,1.38,0.52,0.63,2.65,1.22,1815,40.00,102.42,50.09,73.16,25.95,37.89,243.30,17.18,1.22,0.46,0.57,2.67,1.25,992,28.83,102.01,36.81,73.63,16.86,33.73,240.00,13.67,1.23,0.46,0.58,2.68,1.26,492,46.14,102.85,59.79,73.80,27.51,33.96,218.90,15.03,1.03,0.42,0.50,2.46,1.20,288,37.15,102.25,45.44,67.84,19.03,28.41,193.60,13.84,53300.00,16.51,26.94,228.40,11.60
2025-11-28,James Harden,PG/SG,LAC,MEM,9800,35.07,12.91,28.38,2.90,,,LA Clippers,Memphis Grizzlies,James Harden,17.00,0.30,47.90,81.60,35.60,1243.00,10.00,0.33,51.70,82.30,36.90,755.00,5.00,0.36,49.50,73.80,34.30,352.00,3.00,0.35,50.00,76.30,34.60,209.00,1.35,0.59,0.66,2.29,1.12,1766,70.39,0.00,0.00,80.39,0.00,47.19,194.00,24.69,1.40,0.63,0.68,2.23,1.09,986,76.57,0.00,0.00,78.22,0.00,49.14,195.50,26.45,1.44,0.67,0.70,2.15,1.05,488,72.13,0.00,0.00,75.46,0.00,50.61,193.30,25.61,1.45,0.66,0.72,2.21,1.10,288,72.57,0.00,0.00,77.34,0.00,50.68,196.10,25.50,45000.00,21.78,46.82,206.72,33.28
2025-11-28,Jusuf Nurkic,C,UTA,SAC,6100,28.13,11.33,28.28,4.64,,,Utah Jazz,Sacramento Kings,Jusuf Nurkić,17.00,0.17,27.70,52.00,24.70,933.00,10.00,0.14,30.80,56.50,28.00,617.00,5.00,0.13,29.30,56.20,28.80,317.00,3.00,0.14,25.10,50.00,25.70,166.00,1.12,0.53,0.50,2.11,0.95,1781,52.39,102.45,50.85,59.23,27.09,31.55,199.90,13.86,1.10,0.55,0.50,2.02,0.92,1063,58.04,102.81,54.65,56.77,29.79,30.95,210.30,14.65,1.02,0.52,0.46,1.95,0.89,544,58.27,101.94,52.66,54.90,27.45,28.62,213.90,13.70,0.98,0.50,0.45,1.95,0.90,313,53.04,100.97,48.39,54.73,24.29,27.48,191.90,13.08,44200.00,13.80,42.18,204.66,35.34
2025-11-28,Anthony Black,PG/SG,ORL,DET,5600,25.56,0.66,27.67,4.94,,,Orlando Magic,Detroit Pistons,Anthony Black,19.00,0.20,24.40,50.20,27.20,1083.00,10.00,0.20,25.30,50.50,27.40,572.00,5.00,0.22,31.70,52.20,29.30,316.00,3.00,0.23,30.70,50.70,28.20,181.00,0.90,0.49,0.43,1.85,0.88,1928,56.17,101.00,49.97,47.18,24.29,22.93,197.50,12.35,0.92,0.50,0.44,1.84,0.88,1005,56.92,100.25,50.37,47.11,25.24,23.60,213.00,11.88,1.08,0.61,0.50,1.78,0.83,511,61.84,101.35,51.77,45.54,31.44,27.66,223.80,14.16,1.09,0.61,0.51,1.80,0.84,302,59.93,100.25,50.49,45.96,30.57,27.83,210.60,14.58,46200.00,12.12,42.67,213.37,26.63
2025-11-28,Coby White,SG/PG,CHI,CHA,7200,31.49,11.61,27.62,3.84,P,,Chicago Bulls,Charlotte Hornets,Coby White,4.00,0.29,37.30,65.00,31.10,277.00,4.00,0.29,37.30,65.00,31.10,277.00,3.00,0.29,35.10,61.70,31.30,210.00,2.00,0.28,32.80,64.00,33.30,148.00,1.20,0.57,0.54,2.09,0.94,1802,15.37,102.42,14.78,65.81,8.48,37.76,262.30,14.22,1.20,0.57,0.54,2.09,0.94,1083,25.58,102.01,24.49,65.81,14.05,37.76,256.30,14.55,1.12,0.57,0.50,1.97,0.88,537,39.11,102.85,35.45,62.07,20.17,35.31,235.70,14.89,0.98,0.51,0.44,1.92,0.86,327,45.26,102.25,40.02,60.51,20.51,31.01,228.70,14.34,53500.00,13.46,33.58,227.20,12.80
2025-11-28,Jaren Jackson,PF/C,MEM,LAC,7300,30.01,8.88,27.41,3.76,,,Memphis Grizzlies,LA Clippers,Jaren Jackson Jr.,17.00,0.25,30.40,44.40,29.40,1070.00,8.00,0.28,30.00,45.60,30.10,517.00,3.00,0.27,33.60,46.50,32.60,208.00,2.00,0.28,37.10,42.00,32.30,137.00,1.03,0.68,0.48,1.51,0.71,1942,55.10,99.31,38.60,45.33,26.43,31.03,218.50,13.91,1.00,0.66,0.46,1.51,0.71,1011,51.14,98.30,35.47,45.47,23.34,29.91,223.20,13.44,1.03,0.72,0.48,1.43,0.67,498,41.77,97.59,27.34,42.81,19.75,30.93,243.10,13.82,1.15,0.88,0.54,1.30,0.61,301,45.51,96.48,26.92,39.03,23.78,34.47,246.40,15.06,49500.00,14.75,14.22,222.77,17.23
2025-11-28,Dillon Brooks,SF/SG,PHO,OKC,6400,30.87,1.87,27.33,4.27,,,Phoenix Suns,Oklahoma City Thunder,Dillon Brooks,13.00,0.28,31.30,50.10,31.00,845.00,10.00,0.27,30.30,48.20,31.10,650.00,5.00,0.27,27.70,52.00,32.60,341.00,3.00,0.30,26.60,54.00,33.50,202.00,1.01,0.62,0.48,1.62,0.77,1916,44.10,100.20,34.06,49.89,21.28,31.17,189.60,16.51,0.97,0.63,0.47,1.55,0.74,993,65.46,99.90,48.49,47.84,30.48,30.08,191.90,15.79,0.85,0.53,0.41,1.60,0.76,498,68.47,100.05,52.23,49.24,27.83,26.23,204.30,13.56,0.79,0.49,0.40,1.61,0.80,290,69.66,98.09,54.80,49.76,26.99,24.51,209.10,12.72,40900.00,15.65,21.34,192.47,47.53
2025-11-28,Keldon Johnson,SF/PF,SA,DEN,5800,23.63,0.49,27.06,4.66,,,San Antonio Spurs,Denver Nuggets,Keldon Johnson,17.00,0.18,24.50,40.60,24.20,871.00,10.00,0.19,26.70,42.40,24.30,518.00,5.00,0.20,30.00,47.50,26.60,285.00,3.00,0.18,28.90,45.00,26.70,174.00,1.01,0.60,0.48,1.68,0.79,1717,50.73,100.34,40.33,39.64,24.34,23.92,195.70,12.52,1.10,0.63,0.52,1.74,0.82,1010,51.29,100.25,42.09,41.23,26.50,25.96,195.20,13.68,1.13,0.63,0.53,1.79,0.83,501,56.89,100.05,47.43,42.20,29.96,26.65,220.20,13.62,1.08,0.64,0.50,1.69,0.78,301,57.81,98.16,44.03,39.83,28.27,25.58,222.70,12.98,43800.00,13.24,43.39,214.72,25.28
2025-11-28,Bennedict Mathurin,SG/SF,IND,WAS,7100,32.41,14.46,26.89,3.79,,,Indiana Pacers,Washington Wizards,Bennedict Mathurin,7.00,0.27,32.90,64.20,33.10,490.00,5.00,0.27,29.80,60.30,31.80,334.00,5.00,0.27,29.80,60.30,31.80,334.00,3.00,0.26,24.90,61.00,33.20,209.00,0.99,0.51,0.47,1.94,0.92,1862,26.32,102.69,24.78,62.87,12.70,32.22,201.00,16.37,0.94,0.49,0.45,1.90,0.90,1020,32.75,102.02,30.16,61.46,14.90,30.38,194.50,15.32,0.94,0.49,0.45,1.90,0.90,507,65.88,101.75,60.51,61.46,29.90,30.38,208.80,14.27,0.75,0.41,0.36,1.84,0.88,304,68.75,103.09,62.06,59.56,25.33,24.31,206.60,12.05,45100.00,15.74,78.92,217.02,22.98
2025-11-28,Paul George,SF/PF,PHI,BKN,6300,27.10,2.91,25.89,4.11,Q,,Philadelphia 76ers,Brooklyn Nets,Paul George,3.00,0.26,28.40,51.30,22.00,140.00,3.00,0.26,28.40,51.30,22.00,140.00,3.00,0.26,28.40,51.30,22.00,140.00,2.00,0.26,29.20,51.00,22.50,97.00,1.29,0.55,0.61,2.33,1.10,1728,8.10,98.91,8.81,63.20,4.88,34.99,189.20,15.01,1.29,0.55,0.61,2.33,1.10,1014,13.81,98.28,14.92,63.20,8.26,34.99,193.60,14.67,1.29,0.55,0.61,2.33,1.10,515,27.18,98.20,29.35,63.20,16.25,34.99,195.80,14.50,1.30,0.57,0.60,2.27,1.05,322,30.12,99.20,31.42,61.43,17.99,35.17,189.90,15.38,45400.00,13.88,36.62,215.25,24.75
2025-11-28,Harrison Barnes,PF/SF,SA,DEN,4800,32.61,5.87,25.80,5.38,,,San Antonio Spurs,Denver Nuggets,Harrison Barnes,17.00,0.15,22.60,36.80,30.80,1089.00,10.00,0.16,25.00,39.10,31.50,663.00,5.00,0.18,28.30,45.30,33.50,350.00,3.00,0.17,24.00,47.50,35.00,220.00,0.73,0.61,0.35,1.19,0.57,1717,63.42,100.34,36.56,38.96,22.45,23.93,195.70,11.55,0.79,0.64,0.38,1.24,0.59,1010,65.64,100.25,38.81,40.47,24.81,25.88,195.20,12.81,0.84,0.62,0.40,1.35,0.65,501,69.86,100.05,45.23,44.09,28.26,27.55,220.20,12.85,0.69,0.51,0.33,1.36,0.65,301,73.09,98.16,46.47,44.25,23.48,22.36,222.70,10.78,43800.00,10.96,43.39,214.72,25.28
2025-11-28,T.J. McConnell,PG,IND,WAS,4600,21.75,24.81,25.78,5.60,,,Indiana Pacers,Washington Wizards,T.J. McConnell,8.00,0.25,21.20,47.90,17.10,299.00,8.00,0.25,21.20,47.90,17.10,299.00,5.00,0.23,24.60,48.80,18.70,205.00,3.00,0.27,28.20,58.00,21.30,139.00,1.24,0.44,0.57,2.80,1.28,1862,16.06,102.69,21.13,60.94,9.35,26.97,201.00,10.55,1.24,0.44,0.57,2.80,1.28,1020,29.31,102.02,38.33,60.94,16.96,26.97,194.50,10.90,1.32,0.50,0.60,2.61,1.19,507,40.43,101.75,48.97,56.77,24.68,28.62,208.80,11.78,1.32,0.49,0.61,2.72,1.25,304,45.72,103.09,59.01,59.23,28.69,28.80,206.60,13.65,45100.00,10.20,78.92,217.02,22.98
2025-11-28,Brandon Williams,PG,DAL,LAL,5500,24.31,0.76,25.76,4.68,,,Dallas Mavericks,Los Angeles Lakers,Brandon Williams,17.00,0.25,23.20,50.90,21.90,803.00,10.00,0.25,28.90,60.20,26.70,568.00,5.00,0.28,25.80,58.00,25.10,261.00,3.00,0.26,27.80,63.30,27.00,166.00,1.06,0.46,0.49,2.32,1.08,1982,40.51,101.84,44.46,56.49,20.27,25.75,240.90,9.63,1.08,0.48,0.51,2.25,1.06,1058,53.69,101.57,57.79,54.80,27.74,26.31,256.50,11.27,1.03,0.44,0.49,2.31,1.11,510,51.18,101.80,57.89,56.17,25.75,24.98,194.50,13.26,1.03,0.44,0.50,2.34,1.14,301,55.15,100.92,63.67,56.99,27.96,25.03,197.80,14.05,52900.00,10.40,4.08,219.71,20.29
2025-11-28,De'Andre Hunter,SF/PF,CLE,ATL,6300,27.59,0.27,25.65,4.07,,,Cleveland Cavaliers,Atlanta Hawks,De'Andre Hunter,15.00,0.23,29.10,50.20,28.90,930.00,9.00,0.23,29.40,50.70,29.60,570.00,4.00,0.24,27.50,45.00,28.40,239.00,2.00,0.23,31.90,46.00,28.80,120.00,1.01,0.58,0.47,1.74,0.81,1953,47.62,101.93,39.30,47.92,22.78,27.78,232.30,12.53,0.99,0.58,0.46,1.71,0.80,1025,55.61,101.25,45.07,47.26,26.14,27.40,233.70,12.58,0.97,0.61,0.46,1.58,0.75,500,47.80,99.85,35.95,43.71,21.97,26.71,220.90,12.45,1.11,0.69,0.53,1.60,0.77,302,39.74,99.50,30.31,44.07,21.02,30.56,231.10,13.80,50700.00,12.43,29.60,206.78,33.22
2025-11-28,Bobby Portis,PF/C,MIL,NY,5900,22.96,0.06,25.31,4.29,,,Milwaukee Bucks,New York Knicks,Bobby Portis,19.00,0.21,20.40,40.20,21.80,872.00,10.00,0.20,23.90,43.20,23.80,498.00,5.00,0.22,27.60,53.00,25.40,264.00,3.00,0.24,28.50,55.50,24.20,152.00,0.94,0.51,0.44,1.84,0.88,1935,45.06,100.60,39.71,42.34,20.15,21.49,232.10,8.79,1.00,0.55,0.48,1.82,0.87,1011,49.26,99.81,42.65,41.68,23.60,23.06,228.00,10.48,1.09,0.52,0.52,2.09,1.00,509,51.87,99.81,51.96,47.91,27.06,24.95,216.50,12.75,1.18,0.51,0.56,2.29,1.10,299,50.84,98.50,54.85,52.66,28.17,27.04,216.60,13.16,52900.00,11.15,9.69,229.54,10.46
2025-11-28,Julian Champagnie,SG/SF,SA,DEN,4700,28.96,10.84,25.26,5.37,,,San Antonio Spurs,Denver Nuggets,Julian Champagnie,17.00,0.15,21.60,37.00,27.90,1019.00,10.00,0.17,22.20,36.10,26.60,574.00,5.00,0.17,24.20,40.30,28.80,312.00,3.00,0.18,31.80,51.00,31.20,204.00,0.77,0.58,0.36,1.33,0.62,1717,59.35,100.34,36.76,38.41,21.46,22.42,195.70,11.04,0.83,0.61,0.39,1.36,0.63,1010,56.83,100.25,35.83,39.31,22.04,24.17,195.20,11.37,0.84,0.60,0.39,1.40,0.65,501,62.28,100.05,40.24,40.53,24.16,24.34,220.20,10.99,1.02,0.62,0.47,1.63,0.75,301,67.77,98.16,49.90,47.34,31.11,29.52,222.70,14.28,43800.00,10.73,43.39,214.72,25.28
2025-11-28,Jordan Goodwin,SG,PHO,OKC,5100,24.09,3.46,25.22,4.95,,,Phoenix Suns,Oklahoma City Thunder,Jordan Goodwin,16.00,0.17,20.10,34.40,19.90,668.00,10.00,0.17,26.00,41.10,23.60,495.00,5.00,0.17,27.30,48.30,26.90,275.00,3.00,0.18,26.30,51.50,27.90,169.00,1.01,0.58,0.48,1.73,0.82,1916,34.86,100.20,28.78,41.64,16.82,24.33,189.60,10.60,1.10,0.63,0.53,1.74,0.83,993,49.85,99.90,41.35,41.95,26.16,26.54,191.90,13.55,1.01,0.57,0.50,1.80,0.88,498,55.22,100.05,48.52,43.25,27.42,24.44,204.30,13.36,0.94,0.51,0.47,1.85,0.91,290,58.28,98.09,52.26,44.46,26.69,22.70,209.10,12.58,40900.00,12.47,21.34,192.47,47.53
2025-11-28,Matas Buzelis,PF/SF,CHI,CHA,5700,25.74,0.34,25.22,4.42,,,Chicago Bulls,Charlotte Hornets,Matas Buzelis,17.00,0.20,26.60,45.80,27.40,1026.00,10.00,0.20,27.20,46.20,26.20,583.00,5.00,0.20,24.40,42.00,23.40,256.00,3.00,0.20,23.00,40.70,23.10,153.00,0.97,0.58,0.44,1.67,0.76,1802,56.94,102.42,44.25,43.02,25.70,24.99,262.30,10.14,1.04,0.59,0.47,1.76,0.79,1083,53.83,102.01,43.52,45.38,25.62,26.72,256.30,10.61,1.04,0.58,0.48,1.79,0.82,537,47.67,102.85,40.22,46.20,23.37,26.84,235.70,10.35,1.00,0.57,0.45,1.76,0.80,327,46.79,102.25,38.18,45.35,21.58,25.63,228.70,10.06,53500.00,10.65,33.58,227.20,12.80
2025-11-28,Tyrese Martin,SG/SF,BKN,PHI,4000,23.76,9.89,25.21,6.30,,,Brooklyn Nets,Philadelphia 76ers,Tyrese Martin,17.00,0.18,18.00,43.20,21.40,744.00,10.00,0.19,20.10,46.60,22.40,458.00,5.00,0.23,26.50,50.60,23.00,233.00,3.00,0.24,26.30,53.30,23.60,142.00,0.84,0.42,0.41,2.02,0.99,1654,44.98,98.91,43.92,47.97,18.30,19.99,166.70,10.80,0.90,0.43,0.44,2.08,1.02,961,47.66,98.28,47.66,49.43,20.56,21.32,175.60,11.45,1.15,0.52,0.57,2.20,1.09,478,48.74,98.20,51.98,52.28,27.22,27.38,180.20,14.71,1.11,0.49,0.56,2.26,1.13,284,50.00,99.20,55.85,53.67,27.56,26.48,177.50,14.82,39600.00,10.10,88.17,227.77,12.23
2025-11-28,Jay Huff,C,IND,WAS,4100,22.81,5.08,25.05,6.11,,,Indiana Pacers,Washington Wizards,Jay Huff,18.00,0.17,18.10,20.90,16.70,662.00,10.00,0.19,22.00,24.20,18.60,403.00,5.00,0.19,24.90,26.30,21.50,231.00,3.00,0.17,25.40,29.50,24.10,156.00,1.08,0.87,0.49,1.25,0.57,1862,35.55,102.69,20.75,28.55,17.97,24.73,201.00,9.00,1.18,0.91,0.55,1.30,0.60,1020,39.51,102.02,24.20,29.68,22.00,26.98,194.50,11.31,1.16,0.95,0.54,1.22,0.57,507,45.56,101.75,26.39,27.91,24.99,26.42,208.80,11.93,1.05,0.86,0.49,1.22,0.57,304,51.32,103.09,30.01,27.92,25.84,24.04,206.60,12.29,45100.00,9.09,78.92,217.02,22.98
2025-11-28,Ace Bailey,SG/SF,UTA,SAC,4900,27.19,12.00,24.70,5.04,,,Utah Jazz,Sacramento Kings,Ace Bailey,17.00,0.19,18.20,23.60,21.60,795.00,10.00,0.20,23.70,27.80,24.40,532.00,5.00,0.20,22.20,25.40,23.20,251.00,3.00,0.19,28.00,31.30,27.30,175.00,0.84,0.77,0.39,1.09,0.50,1781,44.64,102.45,23.08,29.71,17.80,22.91,199.90,9.10,0.97,0.85,0.45,1.14,0.52,1063,50.05,102.81,26.89,30.98,22.92,26.41,210.30,11.27,0.96,0.87,0.44,1.09,0.51,544,46.14,101.94,23.80,29.77,20.80,26.02,213.90,10.38,1.03,0.89,0.48,1.15,0.54,313,55.91,100.97,30.29,31.17,27.10,27.89,191.90,14.59,44200.00,11.09,42.18,204.66,35.34
2025-11-28,Ayo Dosunmu,SG,CHI,CHA,5000,27.13,6.22,24.68,4.94,,,Chicago Bulls,Charlotte Hornets,Ayo Dosunmu,15.00,0.20,24.90,49.70,26.50,874.00,10.00,0.20,25.00,51.00,26.70,595.00,5.00,0.19,26.60,50.40,28.60,325.00,3.00,0.20,26.50,52.00,31.20,216.00,0.94,0.50,0.43,1.88,0.85,1802,48.50,102.42,42.37,50.88,21.23,25.49,262.30,9.49,0.94,0.49,0.42,1.91,0.86,1083,54.94,102.01,48.04,51.82,23.55,25.40,256.30,9.75,0.93,0.53,0.41,1.76,0.78,537,60.52,102.85,48.26,47.81,25.47,25.23,235.70,11.29,0.85,0.51,0.37,1.67,0.72,327,66.06,102.25,48.78,45.21,24.86,23.04,228.70,11.59,53500.00,9.35,33.58,227.20,12.80
2025-11-28,Cameron Johnson,SF/PF,DEN,SA,5100,33.07,9.51,24.55,4.81,,,Denver Nuggets,San Antonio Spurs,Cameron Johnson,16.00,0.14,18.30,34.10,27.80,932.00,9.00,0.14,20.70,36.10,28.70,536.00,5.00,0.15,26.90,45.20,35.10,365.00,3.00,0.16,26.70,43.70,35.30,210.00,0.66,0.54,0.31,1.23,0.59,1721,54.15,100.34,31.81,40.57,17.07,21.77,185.10,9.89,0.72,0.57,0.35,1.26,0.61,996,53.82,100.25,32.70,41.60,18.75,23.85,193.80,10.68,0.77,0.60,0.37,1.29,0.62,501,72.85,100.05,45.13,42.59,26.86,25.35,202.80,13.26,0.76,0.61,0.38,1.24,0.62,288,72.92,98.16,44.68,40.94,27.30,25.02,204.70,13.04,43100.00,11.83,66.58,206.53,33.47
2025-11-28,Brandon Miller,SF/SG,CHA,CHI,6100,28.39,17.36,24.35,3.99,,,Charlotte Hornets,Chicago Bulls,Brandon Miller,4.00,0.32,26.50,46.00,23.30,195.00,2.00,0.30,31.00,51.50,26.60,109.00,2.00,0.30,31.00,51.50,26.60,109.00,2.00,0.30,31.00,51.50,26.60,109.00,1.14,0.58,0.54,1.97,0.94,1815,10.74,102.42,10.38,56.05,5.98,32.29,243.30,10.89,1.17,0.60,0.57,1.94,0.94,992,10.99,102.01,10.59,54.96,6.38,33.08,240.00,12.92,1.17,0.60,0.57,1.94,0.94,492,22.15,102.85,21.53,54.96,12.96,33.08,218.90,14.16,1.17,0.60,0.57,1.94,0.94,288,37.85,102.25,36.57,54.96,22.01,33.08,193.60,16.01,53300.00,11.44,26.94,228.40,11.60
2025-11-28,Onyeka Okongwu,C/PF,ATL,CLE,7100,22.02,0.08,24.28,3.42,,,Atlanta Hawks,Cleveland Cavaliers,Onyeka Okongwu,18.00,0.21,32.40,47.30,29.10,1114.00,9.00,0.24,34.90,51.20,29.40,561.00,4.00,0.25,29.30,45.30,28.30,236.00,2.00,0.28,28.80,43.00,27.20,115.00,1.11,0.68,0.52,1.63,0.76,1932,57.66,101.93,44.92,35.78,30.77,24.51,214.90,15.08,1.19,0.68,0.56,1.74,0.82,1010,55.54,101.25,46.19,38.34,31.49,26.13,229.70,15.19,1.04,0.65,0.50,1.60,0.77,499,47.29,99.85,36.26,35.24,23.45,22.79,219.90,13.32,1.06,0.67,0.50,1.58,0.75,297,38.72,99.50,28.81,34.80,19.30,23.31,217.20,13.26,46000.00,15.43,31.82,192.34,47.66
2025-11-28,Jaylen Wells,SG/SF,MEM,LAC,4300,26.72,0.85,24.25,5.64,,,Memphis Grizzlies,LA Clippers,Jaylen Wells,19.00,0.17,19.30,30.10,26.10,1060.00,10.00,0.17,21.70,32.40,26.80,561.00,5.00,0.18,26.20,35.30,28.50,287.00,3.00,0.17,30.50,40.00,32.40,195.00,0.74,0.64,0.35,1.15,0.54,1942,54.58,99.31,29.25,30.82,18.75,19.76,218.50,8.83,0.81,0.67,0.39,1.21,0.58,1011,55.49,98.30,31.50,32.31,21.10,21.64,223.20,9.72,0.92,0.74,0.46,1.24,0.61,498,57.63,97.59,34.59,33.10,25.67,24.57,243.10,10.78,0.94,0.76,0.47,1.23,0.62,301,64.78,96.48,38.46,32.99,29.33,25.16,246.40,12.38,49500.00,8.69,14.22,222.77,17.23
2025-11-28,Ajay Mitchell,PG/SG,OKC,PHO,5800,19.86,0.01,23.88,4.12,,,Oklahoma City Thunder,Phoenix Suns,Ajay Mitchell,19.00,0.24,30.20,52.80,27.50,1111.00,10.00,0.23,30.90,53.90,27.80,589.00,5.00,0.23,25.90,51.30,25.40,270.00,3.00,0.22,27.00,45.50,23.90,153.00,1.10,0.57,0.52,1.92,0.90,1945,57.12,100.20,51.68,38.13,29.56,21.81,235.10,12.85,1.11,0.57,0.52,1.94,0.92,1009,58.37,99.90,53.37,38.50,30.59,22.07,224.50,13.76,1.02,0.50,0.48,2.02,0.95,505,53.47,100.05,50.82,40.11,25.66,20.25,217.20,11.92,1.13,0.59,0.53,1.90,0.89,301,50.83,98.09,44.48,37.81,26.40,22.44,222.20,12.15,56100.00,10.34,10.91,228.31,11.69
2025-11-28,Wendell Carter,C,ORL,DET,5500,30.24,1.02,23.73,4.31,,,Orlando Magic,Detroit Pistons,Wendell Carter Jr.,18.00,0.15,26.20,41.30,29.40,1124.00,9.00,0.15,26.50,42.30,30.30,575.00,4.00,0.14,25.30,39.00,27.60,241.00,2.00,0.14,18.70,27.50,21.80,94.00,0.89,0.63,0.42,1.40,0.66,1928,58.30,101.00,38.94,42.47,24.71,26.94,197.50,13.27,0.87,0.63,0.41,1.40,0.66,1005,57.21,100.25,37.98,42.21,23.79,26.44,213.00,12.44,0.92,0.65,0.42,1.41,0.65,511,47.16,101.35,30.94,42.72,20.07,27.72,223.80,11.30,0.86,0.68,0.40,1.26,0.59,302,31.13,100.25,18.26,38.14,12.42,25.94,210.60,8.88,46200.00,11.90,42.67,213.37,26.63
2025-11-28,Quentin Grimes,SG/SF,PHI,BKN,5600,33.13,17.19,23.49,4.19,,,Philadelphia 76ers,Brooklyn Nets,Quentin Grimes,17.00,0.20,27.90,61.40,31.70,1139.00,10.00,0.19,24.90,56.40,31.80,673.00,5.00,0.18,25.00,59.60,33.60,351.00,3.00,0.18,19.60,61.70,33.50,218.00,0.88,0.45,0.42,1.94,0.92,1728,65.91,98.91,59.75,64.17,27.15,29.16,189.20,14.75,0.78,0.44,0.37,1.77,0.84,1014,66.37,98.28,54.66,58.76,24.13,25.94,193.60,12.86,0.74,0.42,0.36,1.77,0.85,515,68.16,98.20,56.82,58.77,23.83,24.65,195.80,12.77,0.59,0.32,0.27,1.84,0.85,322,67.70,99.20,57.02,61.02,18.11,19.38,189.90,10.32,45400.00,12.33,36.62,215.25,24.75
2025-11-28,Kyle Kuzma,SF/PF,MIL,NY,5500,24.04,0.15,23.35,4.25,,,Milwaukee Bucks,New York Knicks,Kyle Kuzma,18.00,0.21,24.40,40.90,26.30,1007.00,10.00,0.21,26.40,44.10,28.40,597.00,5.00,0.22,25.00,42.50,26.90,282.00,3.00,0.22,23.40,33.50,24.30,154.00,0.93,0.60,0.44,1.56,0.73,1935,52.04,100.60,38.27,37.39,22.83,22.30,232.10,10.51,0.93,0.60,0.44,1.55,0.74,1011,59.05,99.81,43.54,37.33,26.06,22.35,228.00,11.58,0.93,0.59,0.44,1.58,0.75,509,55.40,99.81,41.67,37.98,24.51,22.34,216.50,11.55,0.96,0.70,0.46,1.38,0.65,299,51.51,98.50,33.11,33.14,23.13,23.15,216.60,10.80,52900.00,10.40,9.69,229.54,10.46
2025-11-28,Isaiah Jackson,C,IND,WAS,4600,25.65,3.36,23.28,5.06,,,Indiana Pacers,Washington Wizards,Isaiah Jackson,18.00,0.15,19.30,24.40,19.20,748.00,10.00,0.14,21.00,26.20,20.20,438.00,5.00,0.13,21.90,24.30,20.80,222.00,3.00,0.14,16.80,22.50,20.40,131.00,1.01,0.79,0.46,1.27,0.59,1862,40.17,102.69,24.22,32.60,19.16,25.78,201.00,9.60,1.04,0.80,0.48,1.30,0.60,1020,42.94,102.02,26.21,33.27,21.00,26.67,194.50,10.80,1.05,0.90,0.49,1.17,0.55,507,43.79,101.75,24.38,29.97,21.98,27.01,208.80,10.49,0.82,0.75,0.38,1.10,0.52,304,43.09,103.09,22.89,28.29,17.09,21.12,206.60,8.13,45100.00,10.20,78.92,217.02,22.98
2025-11-28,Daniel Gafford,C,DAL,LAL,5700,21.62,0.63,23.25,4.08,,,Dallas Mavericks,Los Angeles Lakers,Daniel Gafford,13.00,0.15,26.30,28.80,24.00,662.00,9.00,0.15,28.30,31.60,25.80,496.00,4.00,0.13,27.10,31.30,26.30,224.00,3.00,0.14,28.90,33.70,26.90,174.00,1.10,0.91,0.52,1.20,0.57,1982,33.40,101.84,19.24,25.94,17.57,23.69,240.90,10.92,1.10,0.90,0.51,1.22,0.57,1058,46.88,101.57,27.30,26.48,24.45,23.71,256.50,11.03,1.03,0.87,0.48,1.19,0.56,510,43.92,101.80,24.99,25.73,21.64,22.28,194.50,13.93,1.07,0.86,0.50,1.25,0.58,301,57.81,100.92,33.90,27.08,29.07,23.22,197.80,14.61,52900.00,10.78,4.08,219.71,20.29
2025-11-28,Cam Spencer,SG/PG,MEM,LAC,4600,22.42,0.27,23.14,5.03,,,Memphis Grizzlies,LA Clippers,Cam Spencer,19.00,0.18,19.10,45.30,20.10,808.00,10.00,0.17,20.60,53.70,22.60,476.00,5.00,0.19,24.80,68.00,23.90,247.00,3.00,0.19,27.20,74.50,23.90,147.00,0.95,0.42,0.45,2.25,1.07,1942,41.61,99.31,44.01,50.52,18.56,21.30,218.50,8.74,0.91,0.38,0.43,2.38,1.13,1011,47.08,98.30,52.21,53.26,20.03,20.43,223.20,9.23,1.04,0.36,0.50,2.85,1.38,498,49.60,97.59,66.63,63.78,24.30,23.26,243.10,10.20,1.14,0.37,0.56,3.12,1.52,301,48.84,96.48,71.64,69.88,26.16,25.51,246.40,11.04,49500.00,9.29,14.22,222.77,17.23
2025-11-28,Jalen Smith,C,CHI,CHA,4300,18.29,0.52,23.13,5.38,,,Chicago Bulls,Charlotte Hornets,Jalen Smith,17.00,0.21,21.30,34.80,17.00,645.00,10.00,0.20,24.70,39.10,18.70,420.00,5.00,0.20,25.20,39.60,19.90,227.00,3.00,0.18,25.80,46.30,23.20,159.00,1.25,0.61,0.56,2.05,0.92,1802,35.79,102.42,33.62,37.44,20.58,22.92,262.30,8.12,1.32,0.63,0.59,2.09,0.93,1083,38.78,102.01,36.83,38.24,23.27,24.16,256.30,9.64,1.27,0.64,0.56,1.99,0.87,537,42.27,102.85,37.92,36.40,24.13,23.16,235.70,10.69,1.11,0.56,0.49,2.00,0.87,327,48.62,102.25,43.43,36.50,24.20,20.34,228.70,11.28,53500.00,8.04,33.58,227.20,12.80
2025-11-28,Moussa Diabate,C,CHA,CHI,5600,22.25,0.09,22.87,4.08,,,Charlotte Hornets,Chicago Bulls,Moussa Diabaté,18.00,0.14,25.60,32.80,22.70,846.00,10.00,0.12,27.00,35.50,25.00,502.00,5.00,0.12,22.30,30.60,21.90,222.00,3.00,0.10,18.50,31.70,21.90,130.00,1.13,0.78,0.54,1.44,0.70,1815,46.61,102.42,33.32,32.15,26.00,25.10,243.30,10.52,1.08,0.76,0.54,1.42,0.71,992,50.60,102.01,36.51,31.60,27.76,24.03,240.00,11.25,1.02,0.73,0.50,1.40,0.69,492,45.12,102.85,31.98,31.09,23.31,22.66,218.90,10.19,0.84,0.58,0.43,1.45,0.73,288,45.14,102.25,33.76,32.21,19.70,18.80,193.60,9.56,53300.00,10.51,26.94,228.40,11.60
2025-11-28,Ivica Zubac,C,LAC,MEM,7200,32.35,13.28,22.74,3.16,,,LA Clippers,Memphis Grizzlies,Ivica Zubac,18.00,0.20,36.50,54.20,31.80,1168.00,10.00,0.21,39.60,55.80,34.20,691.00,5.00,0.21,40.90,53.20,33.00,339.00,3.00,0.23,44.80,58.30,33.20,199.00,1.15,0.67,0.56,1.70,0.84,1766,66.14,0.00,0.00,55.13,0.00,37.13,194.00,18.81,1.16,0.71,0.57,1.63,0.81,986,70.08,0.00,0.00,52.78,0.00,37.46,195.50,20.26,1.24,0.77,0.60,1.61,0.78,488,69.47,0.00,0.00,52.15,0.00,40.09,193.30,21.16,1.35,0.77,0.68,1.76,0.88,288,69.10,0.00,0.00,56.80,0.00,43.65,196.10,22.85,45000.00,16.00,46.82,206.72,33.28
2025-11-28,Cedric Coward,SG/SF,MEM,LAC,6000,27.53,2.17,22.66,3.78,,,Memphis Grizzlies,LA Clippers,Cedric Coward,19.00,0.19,27.00,51.40,26.80,1114.00,10.00,0.20,26.10,56.90,27.30,594.00,5.00,0.19,23.00,52.80,27.30,291.00,3.00,0.16,18.40,51.50,28.70,182.00,1.01,0.53,0.46,1.92,0.88,1942,57.36,99.31,49.94,52.79,26.23,27.73,218.50,12.36,0.96,0.46,0.44,2.08,0.96,1011,58.75,98.30,55.32,57.37,25.38,26.32,223.20,11.69,0.84,0.44,0.40,1.93,0.91,498,58.43,97.59,51.73,53.24,22.54,23.19,243.10,9.46,0.64,0.36,0.30,1.79,0.85,301,60.47,96.48,49.52,49.39,17.69,17.65,246.40,7.47,49500.00,12.12,14.22,222.77,17.23
2025-11-28,Dennis Schroder,PG/SG,SAC,UTA,5400,22.48,0.09,22.62,4.19,Q,,Sacramento Kings,Utah Jazz,Dennis Schröder,18.00,0.21,27.00,70.90,29.20,1119.00,9.00,0.20,23.00,61.90,26.50,509.00,4.00,0.25,25.40,59.80,24.90,210.00,2.00,0.21,29.80,61.50,21.30,88.00,0.92,0.38,0.43,2.43,1.14,1946,57.50,102.45,67.19,54.58,25.59,20.79,206.80,13.06,0.87,0.37,0.41,2.34,1.09,1022,49.80,102.81,56.04,52.51,20.82,19.51,191.20,12.03,1.02,0.42,0.48,2.40,1.14,506,41.50,101.94,48.19,53.99,20.47,22.93,201.00,12.64,1.40,0.48,0.68,2.89,1.40,303,29.04,100.97,40.99,64.91,19.86,31.45,218.20,13.66,44000.00,12.27,57.88,213.75,26.25
2025-11-28,Jock Landale,C,MEM,LAC,4500,19.02,0.05,22.58,5.02,,,Memphis Grizzlies,LA Clippers,Jock Landale,19.00,0.18,21.80,31.20,22.50,924.00,10.00,0.21,21.90,32.80,21.30,450.00,5.00,0.29,22.90,33.00,17.20,176.00,3.00,0.31,22.30,33.50,18.00,109.00,0.97,0.70,0.45,1.39,0.64,1942,47.58,99.31,30.31,26.37,21.18,18.43,218.50,9.98,1.03,0.67,0.49,1.54,0.73,1011,44.51,98.30,31.89,29.29,21.29,19.55,223.20,9.81,1.33,0.69,0.65,1.92,0.94,498,35.34,97.59,32.33,36.49,22.44,25.32,243.10,9.42,1.24,0.67,0.61,1.86,0.92,301,36.21,96.48,32.21,35.39,21.44,23.56,246.40,9.05,49500.00,9.09,14.22,222.77,17.23
2025-11-28,Royce O'Neale,SF/PF,PHO,OKC,4800,30.64,5.61,22.51,4.69,,,Phoenix Suns,Oklahoma City Thunder,Royce O'Neale,19.00,0.14,24.50,58.30,30.20,1223.00,10.00,0.14,22.40,50.40,28.80,599.00,5.00,0.14,22.40,54.30,32.20,337.00,3.00,0.13,23.30,56.00,32.90,200.00,0.81,0.42,0.38,1.93,0.91,1916,63.83,100.20,57.93,59.15,24.34,24.86,189.60,12.92,0.78,0.44,0.37,1.75,0.84,993,60.32,99.90,50.70,53.62,22.54,23.83,191.90,11.67,0.70,0.41,0.33,1.69,0.81,498,67.67,100.05,54.55,51.67,22.50,21.32,204.30,10.96,0.71,0.42,0.35,1.70,0.84,290,68.97,98.09,56.82,52.15,23.64,21.70,209.10,11.14,40900.00,11.74,21.34,192.47,47.53
2025-11-28,Tobias Harris,PF/SF,DET,ORL,5400,26.27,0.16,22.31,4.13,,,Detroit Pistons,Orlando Magic,Tobias Harris,9.00,0.17,26.50,46.70,29.90,573.00,3.00,0.15,26.20,34.70,25.30,156.00,3.00,0.15,26.20,34.70,25.30,156.00,3.00,0.15,26.20,34.70,25.30,156.00,0.89,0.57,0.42,1.56,0.73,1831,31.29,101.00,23.18,41.04,13.16,23.29,228.70,11.59,1.04,0.76,0.50,1.37,0.67,1022,15.26,100.25,10.21,36.04,7.71,27.21,235.10,11.14,1.04,0.76,0.50,1.37,0.67,503,31.01,101.35,20.98,36.04,15.84,27.21,218.80,11.97,1.04,0.76,0.50,1.37,0.67,298,52.35,100.25,35.02,36.04,26.44,27.21,207.70,12.61,49600.00,10.89,19.07,203.05,36.95
2025-11-28,Jarace Walker,PF/C,IND,WAS,4500,26.88,16.96,22.27,4.95,,,Indiana Pacers,Washington Wizards,Jarace Walker,18.00,0.19,21.90,48.40,28.00,1094.00,10.00,0.19,18.10,41.00,25.60,557.00,5.00,0.16,20.70,35.80,25.00,271.00,3.00,0.19,25.30,36.00,23.60,155.00,0.78,0.45,0.36,1.73,0.80,1862,58.75,102.69,48.05,46.46,21.74,21.02,201.00,10.90,0.71,0.44,0.32,1.60,0.74,1020,54.61,102.02,41.01,43.05,18.10,19.00,194.50,9.31,0.83,0.58,0.38,1.43,0.66,507,53.45,101.75,35.92,38.49,20.77,22.26,208.80,9.91,1.07,0.70,0.49,1.53,0.70,304,50.99,103.09,36.62,41.00,25.74,28.81,206.60,12.25,45100.00,9.98,78.92,217.02,22.98
2025-11-28,Zaccharie Risacher,SF/PF,ATL,CLE,4400,26.09,0.92,21.95,4.99,,,Atlanta Hawks,Cleveland Cavaliers,Zaccharie Risacher,16.00,0.19,22.10,29.30,24.50,855.00,9.00,0.19,23.00,30.80,24.50,477.00,4.00,0.18,20.10,28.80,23.70,206.00,3.00,0.17,25.20,29.30,24.70,161.00,0.90,0.75,0.41,1.20,0.55,1932,44.25,101.93,24.73,31.20,18.66,23.53,214.90,10.28,0.94,0.75,0.43,1.26,0.58,1010,47.23,101.25,27.79,32.80,20.75,24.49,229.70,10.01,0.85,0.70,0.39,1.22,0.56,499,41.28,99.85,23.05,31.70,16.09,22.12,219.90,9.14,1.02,0.86,0.47,1.19,0.55,297,54.21,99.50,29.45,30.95,25.33,26.62,217.20,11.60,46000.00,9.57,31.82,192.34,47.66
2025-11-28,Tristan da Silva,SF/PF,ORL,DET,4800,28.00,0.43,21.79,4.54,,,Orlando Magic,Detroit Pistons,Tristan da Silva,19.00,0.18,20.60,31.50,23.80,960.00,10.00,0.17,21.50,32.90,26.30,550.00,5.00,0.17,21.20,30.80,25.60,284.00,3.00,0.13,18.00,25.30,23.00,149.00,0.87,0.65,0.41,1.32,0.62,1928,49.79,101.00,31.35,37.07,20.50,24.24,197.50,10.43,0.82,0.65,0.39,1.25,0.60,1005,54.73,100.25,32.82,35.03,21.45,22.89,213.00,10.09,0.83,0.69,0.37,1.20,0.54,511,55.58,101.35,30.54,33.69,21.02,23.19,223.80,9.47,0.78,0.71,0.36,1.10,0.51,302,49.34,100.25,25.20,30.81,17.93,21.92,210.60,8.55,46200.00,10.39,42.67,213.37,26.63
2025-11-28,Duncan Robinson,SG/SF,DET,ORL,4600,28.46,0.06,21.70,4.72,,,Detroit Pistons,Orlando Magic,Duncan Robinson,18.00,0.13,21.80,37.40,31.90,1214.00,10.00,0.15,25.30,38.20,31.50,668.00,5.00,0.14,22.60,36.80,31.30,331.00,3.00,0.13,21.10,32.30,30.40,191.00,0.68,0.58,0.32,1.17,0.55,1831,66.30,101.00,37.13,33.37,21.65,19.45,228.70,9.53,0.80,0.66,0.38,1.21,0.57,1022,65.36,100.25,37.47,34.52,24.82,22.86,235.10,10.76,0.72,0.61,0.34,1.18,0.56,503,65.81,101.35,37.07,33.46,22.77,20.55,218.80,10.33,0.69,0.65,0.33,1.06,0.51,298,64.09,100.25,32.60,30.24,21.29,19.76,207.70,10.16,49600.00,9.27,19.07,203.05,36.95
2025-11-28,Naji Marshall,SF/PF,DAL,LAL,4900,22.71,0.07,21.60,4.41,,,Dallas Mavericks,Los Angeles Lakers,Naji Marshall,19.00,0.17,23.40,38.10,26.40,1097.00,10.00,0.18,27.60,43.60,28.80,626.00,5.00,0.18,21.80,43.60,26.30,286.00,3.00,0.15,23.60,44.00,24.90,160.00,0.89,0.61,0.41,1.44,0.66,1982,55.35,101.84,37.20,32.78,22.84,20.13,240.90,9.71,0.96,0.63,0.44,1.51,0.70,1058,59.17,101.57,41.86,34.38,26.50,21.77,256.50,10.76,0.83,0.50,0.38,1.66,0.76,510,56.08,101.80,43.51,37.65,21.76,18.83,194.50,11.21,0.95,0.54,0.44,1.77,0.82,301,53.16,100.92,44.26,40.13,23.74,21.53,197.80,11.93,52900.00,9.26,4.08,219.71,20.29
2025-11-28,Khris Middleton,SG/SF,WAS,IND,4600,26.78,17.15,21.49,4.67,,,Washington Wizards,Indiana Pacers,Khris Middleton,13.00,0.17,21.20,33.50,25.40,716.00,7.00,0.15,21.40,33.70,25.90,387.00,4.00,0.16,25.50,38.00,27.50,235.00,2.00,0.14,25.90,42.00,27.60,122.00,0.83,0.63,0.38,1.32,0.61,1777,40.29,102.69,25.17,35.32,15.93,22.35,207.50,10.22,0.83,0.64,0.39,1.30,0.61,1030,37.57,102.02,23.37,34.85,14.84,22.13,212.30,10.08,0.93,0.67,0.43,1.38,0.65,507,46.35,101.75,30.50,37.01,20.47,24.84,221.40,11.52,0.94,0.62,0.42,1.52,0.69,312,39.10,103.09,27.75,40.76,17.12,25.13,233.10,11.11,46900.00,9.81,45.18,218.86,21.14
2025-11-28,Egor Demin,PG/SG,BKN,PHI,4300,26.96,19.78,21.39,4.97,,,Brooklyn Nets,Philadelphia 76ers,Egor Dëmin,16.00,0.17,18.20,50.60,22.20,731.00,10.00,0.19,20.20,54.60,23.60,478.00,5.00,0.18,20.40,56.80,25.70,264.00,3.00,0.17,21.80,64.30,28.50,171.00,0.82,0.36,0.40,2.28,1.11,1654,44.20,98.91,48.41,61.45,17.41,22.10,166.70,10.92,0.86,0.37,0.42,2.31,1.14,961,49.74,98.28,55.84,62.37,20.66,23.08,175.60,11.50,0.79,0.36,0.39,2.21,1.08,478,55.23,98.20,58.34,59.59,20.95,21.40,180.20,11.32,0.76,0.34,0.38,2.26,1.13,284,60.21,99.20,67.38,60.83,22.84,20.62,177.50,12.28,39600.00,10.86,88.17,227.77,12.23
2025-11-28,Luke Kornet,C,SA,DEN,4900,27.12,1.79,21.34,4.35,,,San Antonio Spurs,Denver Nuggets,Luke Kornet,10.00,0.11,21.70,31.20,24.10,519.00,8.00,0.10,20.40,29.90,23.90,413.00,5.00,0.09,22.00,36.00,26.30,283.00,3.00,0.10,21.00,37.50,26.20,170.00,0.90,0.70,0.42,1.29,0.60,1717,30.23,100.34,18.23,35.11,12.68,24.42,195.70,11.09,0.85,0.68,0.40,1.25,0.58,1010,40.89,100.25,23.74,33.93,16.20,23.15,195.20,10.45,0.84,0.61,0.39,1.37,0.64,501,56.49,100.05,35.95,37.12,21.97,22.69,220.20,9.99,0.80,0.56,0.37,1.43,0.66,301,56.48,98.16,36.69,38.82,20.55,21.74,222.70,9.43,43800.00,11.19,43.39,214.72,25.28
2025-11-28,Ausar Thompson,SF/SG,DET,ORL,5900,26.24,1.83,20.85,3.53,,,Detroit Pistons,Orlando Magic,Ausar Thompson,14.00,0.18,29.90,50.40,28.50,834.00,6.00,0.15,26.60,42.80,29.20,360.00,4.00,0.13,22.10,36.30,27.00,220.00,3.00,0.14,22.70,35.00,28.10,171.00,1.05,0.59,0.50,1.77,0.85,1831,45.55,101.00,38.92,46.40,23.09,27.53,228.70,13.07,0.91,0.62,0.44,1.47,0.71,1022,35.23,100.25,25.19,38.46,15.66,23.90,235.10,11.31,0.82,0.61,0.40,1.34,0.66,503,43.74,101.35,29.26,35.28,17.81,21.48,218.80,10.10,0.81,0.65,0.40,1.25,0.61,298,57.38,100.25,35.32,32.68,22.91,21.20,207.70,10.93,49600.00,11.90,19.07,203.05,36.95
2025-11-28,Goga Bitadze,C,ORL,DET,4600,16.50,0.01,20.80,4.52,,,Orlando Magic,Detroit Pistons,Goga Bitadze,18.00,0.12,19.90,23.30,16.90,653.00,9.00,0.13,21.10,25.90,16.60,314.00,4.00,0.15,24.30,29.00,17.20,154.00,2.00,0.16,26.40,32.50,19.30,86.00,1.18,0.85,0.55,1.38,0.64,1928,33.87,101.00,21.97,22.75,18.76,19.43,197.50,10.08,1.27,0.81,0.60,1.56,0.74,1005,31.24,100.25,23.25,25.75,18.94,20.97,213.00,9.91,1.41,0.84,0.63,1.69,0.75,511,30.14,101.35,23.01,27.82,19.28,23.31,223.80,10.86,1.37,0.81,0.61,1.68,0.76,302,28.48,100.25,21.58,27.79,17.53,22.57,210.60,12.54,46200.00,9.96,42.67,213.37,26.63
2025-11-28,Collin Sexton,SG/PG,CHA,CHI,5200,21.25,0.45,20.76,3.99,,,Charlotte Hornets,Chicago Bulls,Collin Sexton,17.00,0.24,24.20,57.40,26.10,940.00,9.00,0.25,23.10,59.90,25.80,478.00,5.00,0.24,22.40,55.20,25.90,268.00,3.00,0.25,23.30,53.30,25.50,155.00,0.93,0.42,0.44,2.20,1.04,1815,51.79,102.42,55.06,46.74,23.22,19.70,243.30,9.95,0.90,0.39,0.43,2.32,1.13,992,48.19,102.01,55.44,49.34,21.38,19.03,240.00,9.62,0.86,0.41,0.42,2.13,1.03,492,54.47,102.85,57.70,45.29,23.41,18.38,218.90,10.23,0.91,0.44,0.45,2.09,1.03,288,53.82,102.25,56.77,44.42,24.82,19.42,193.60,12.04,53300.00,9.76,26.94,228.40,11.60
2025-11-28,Bilal Coulibaly,SF/PF,WAS,IND,5300,27.73,0.29,20.65,3.90,,,Washington Wizards,Indiana Pacers,Bilal Coulibaly,9.00,0.17,23.90,39.20,26.40,501.00,6.00,0.14,20.40,35.20,26.40,332.00,5.00,0.13,23.30,37.80,28.40,296.00,3.00,0.14,20.00,39.70,28.40,183.00,0.91,0.61,0.43,1.48,0.70,1777,28.19,102.69,20.39,41.17,12.43,25.10,207.50,11.52,0.77,0.58,0.37,1.33,0.64,1030,32.23,102.02,20.92,36.97,12.12,21.43,212.30,9.61,0.82,0.62,0.39,1.33,0.64,507,58.38,101.75,37.93,36.91,23.38,22.75,221.40,10.52,0.70,0.50,0.33,1.40,0.65,312,58.65,103.09,39.35,38.76,19.83,19.53,233.10,8.58,46900.00,11.30,45.18,218.86,21.14
2025-11-28,Jalen Williams,SF/PF,OKC,PHO,7600,23.57,0.00,20.56,2.71,,,Oklahoma City Thunder,Phoenix Suns,Jaylin Williams,18.00,0.15,16.90,38.20,18.10,694.00,9.00,0.16,16.00,41.80,18.50,356.00,5.00,0.18,15.20,36.00,15.80,169.00,3.00,0.20,21.50,42.50,16.90,109.00,0.93,0.44,0.44,2.11,0.99,1945,35.68,100.20,35.42,49.75,15.67,22.01,235.10,7.19,0.86,0.38,0.40,2.26,1.06,1009,35.28,99.90,37.25,53.26,14.26,20.39,224.50,7.13,0.96,0.42,0.45,2.28,1.07,505,33.47,100.05,35.66,53.71,15.06,22.68,217.20,7.00,1.27,0.51,0.59,2.51,1.17,301,36.21,98.09,41.55,59.28,21.02,29.99,222.20,9.68,56100.00,13.55,10.91,228.31,11.69
2025-11-28,Miles McBride,PG/SG,NY,MIL,4400,30.77,17.60,20.54,4.67,,,New York Knicks,Milwaukee Bucks,Miles McBride,14.00,0.17,19.60,48.10,25.50,750.00,9.00,0.18,19.80,50.40,25.90,486.00,4.00,0.18,24.00,58.30,32.30,268.00,2.00,0.14,23.50,46.50,34.40,136.00,0.77,0.41,0.37,1.89,0.90,1706,43.96,100.60,39.71,58.04,16.18,23.65,213.80,9.17,0.76,0.39,0.37,1.95,0.93,1006,48.31,99.81,45.00,59.88,17.68,23.52,224.00,8.84,0.74,0.41,0.36,1.80,0.87,501,53.49,99.81,46.46,55.54,19.13,22.86,237.70,10.10,0.68,0.51,0.35,1.35,0.68,293,46.42,98.50,31.26,41.59,15.80,21.02,230.30,10.20,49400.00,8.91,51.16,221.27,18.73
2025-11-28,Max Christie,SF/SG,DAL,LAL,4900,27.20,0.02,20.36,4.16,,,Dallas Mavericks,Los Angeles Lakers,Max Christie,19.00,0.15,22.30,40.60,29.90,1211.00,10.00,0.15,24.10,40.00,30.00,640.00,5.00,0.15,18.70,35.20,28.00,298.00,3.00,0.18,22.40,37.30,28.00,179.00,0.75,0.55,0.35,1.36,0.64,1982,61.10,101.84,39.64,36.93,21.77,20.28,240.90,9.26,0.80,0.60,0.38,1.33,0.62,1058,60.49,101.57,38.40,36.26,23.14,21.85,256.50,9.40,0.67,0.53,0.31,1.26,0.59,510,58.43,101.80,35.13,34.19,18.66,18.16,194.50,9.61,0.80,0.60,0.38,1.33,0.63,301,59.47,100.92,37.52,36.23,22.53,21.76,197.80,11.32,52900.00,9.26,4.08,219.71,20.29
2025-11-28,Zach LaVine,SF/SG,SAC,UTA,6200,31.66,4.85,20.32,3.28,,,Sacramento Kings,Utah Jazz,Zach LaVine,17.00,0.23,27.30,57.80,33.40,1205.00,9.00,0.22,23.10,49.90,31.20,593.00,5.00,0.23,19.50,45.30,31.10,325.00,3.00,0.21,18.50,49.00,33.10,204.00,0.82,0.47,0.39,1.73,0.82,1946,61.92,102.45,51.73,54.79,24.43,25.88,206.80,13.20,0.74,0.46,0.35,1.60,0.76,1022,58.02,102.81,45.18,50.63,20.91,23.44,191.20,12.08,0.63,0.43,0.30,1.46,0.70,506,64.23,101.94,45.63,46.11,19.64,19.85,201.00,9.70,0.56,0.38,0.27,1.48,0.72,303,67.33,100.97,48.99,46.87,18.49,17.69,218.20,8.48,44000.00,14.09,57.88,213.75,26.25
2025-11-28,Kyle Filipowski,PF/C,UTA,SAC,5000,18.82,0.05,20.30,4.06,,,Utah Jazz,Sacramento Kings,Kyle Filipowski,16.00,0.18,20.20,35.40,20.00,697.00,9.00,0.18,23.20,38.90,21.00,422.00,4.00,0.18,23.40,38.50,20.80,192.00,3.00,0.20,23.40,40.30,20.70,144.00,1.01,0.57,0.46,1.77,0.81,1781,39.14,102.45,32.58,33.32,18.59,19.01,199.90,10.11,1.10,0.60,0.49,1.85,0.83,1063,39.70,102.81,33.86,34.87,20.19,20.80,210.30,11.03,1.12,0.61,0.49,1.85,0.80,544,35.29,101.94,28.86,34.84,17.54,21.18,213.90,10.94,1.13,0.58,0.49,1.95,0.84,313,46.01,100.97,39.00,36.65,22.65,21.28,191.90,12.19,44200.00,11.31,42.18,204.66,35.34
2025-11-28,Isaiah Stewart,C/PF,DET,ORL,5200,20.53,0.01,20.07,3.86,,,Detroit Pistons,Orlando Magic,Isaiah Stewart,15.00,0.17,25.10,28.20,22.60,723.00,7.00,0.17,20.10,22.40,20.30,304.00,5.00,0.15,22.20,20.80,22.00,240.00,3.00,0.13,19.70,16.30,21.20,139.00,1.11,0.89,0.52,1.25,0.59,1831,39.49,101.00,23.33,25.61,20.77,22.80,228.70,10.98,0.99,0.90,0.46,1.10,0.52,1022,29.75,100.25,15.38,22.65,13.80,20.33,235.10,8.55,1.01,1.07,0.46,0.95,0.43,503,47.71,101.35,20.96,19.41,22.37,20.71,218.80,10.15,0.93,1.21,0.43,0.77,0.35,298,46.64,100.25,16.45,15.78,19.88,19.08,207.70,9.48,49600.00,10.48,19.07,203.05,36.95
2025-11-28,Jarrett Allen,C/PF,CLE,ATL,6000,26.16,8.42,19.89,3.32,P,,Cleveland Cavaliers,Atlanta Hawks,Jarrett Allen,14.00,0.21,30.90,36.60,26.00,796.00,7.00,0.22,26.70,38.60,24.70,377.00,2.00,0.17,23.10,32.50,26.50,107.00,2.00,0.17,23.10,32.50,26.50,107.00,1.19,0.84,0.54,1.41,0.64,1953,40.76,101.93,26.74,36.82,22.58,31.09,232.30,13.30,1.08,0.69,0.50,1.56,0.72,1025,36.78,101.25,26.69,40.88,18.46,28.27,233.70,11.42,0.87,0.71,0.43,1.23,0.61,500,21.40,99.85,12.98,32.08,9.23,22.80,220.90,10.46,0.87,0.71,0.43,1.23,0.61,302,35.43,99.50,21.42,32.08,15.22,22.80,231.10,10.00,50700.00,11.83,29.60,206.78,33.22
2025-11-28,Malik Monk,SG/PG,SAC,UTA,4400,21.91,6.03,19.67,4.47,,,Sacramento Kings,Utah Jazz,Malik Monk,16.00,0.22,21.20,36.50,23.90,825.00,9.00,0.23,17.60,34.30,23.10,439.00,5.00,0.24,21.20,33.00,23.20,243.00,3.00,0.28,23.00,36.50,24.90,153.00,0.89,0.58,0.41,1.53,0.71,1946,42.39,102.45,30.75,33.46,17.86,19.43,206.80,10.25,0.76,0.51,0.36,1.48,0.70,1022,42.95,102.81,31.05,32.53,15.93,16.69,191.20,9.21,0.91,0.64,0.44,1.42,0.68,506,48.02,101.94,33.24,31.16,21.36,20.02,201.00,10.55,0.92,0.63,0.45,1.47,0.72,303,50.50,100.97,36.49,32.12,22.99,20.24,218.20,10.54,44000.00,10.00,57.88,213.75,26.25
2025-11-28,Justin Edwards,PF/SF,PHI,BKN,4200,28.58,5.35,19.48,4.64,,,Philadelphia 76ers,Brooklyn Nets,Justin Edwards,15.00,0.16,13.10,26.10,17.50,573.00,9.00,0.16,17.70,32.40,21.60,418.00,5.00,0.16,18.10,39.40,25.30,277.00,3.00,0.16,21.40,44.70,28.70,191.00,0.75,0.50,0.34,1.49,0.68,1728,33.16,98.91,22.41,42.63,11.25,21.39,189.20,6.92,0.82,0.55,0.38,1.50,0.70,1014,41.22,98.28,28.26,42.87,15.44,23.42,193.60,9.14,0.72,0.46,0.33,1.56,0.71,515,53.79,98.20,37.56,44.51,17.26,20.45,195.80,9.24,0.75,0.48,0.34,1.56,0.70,322,59.32,99.20,41.31,44.51,19.78,21.31,189.90,11.27,45400.00,9.25,36.62,215.25,24.75
2025-11-28,AJ Green,SG,MIL,NY,3900,26.75,0.06,19.14,4.91,,,Milwaukee Bucks,New York Knicks,AJ Green,19.00,0.12,18.10,46.10,28.80,1160.00,10.00,0.12,19.10,47.20,29.70,618.00,5.00,0.11,21.70,49.50,33.10,350.00,3.00,0.12,22.30,43.00,29.80,188.00,0.63,0.39,0.30,1.60,0.76,1935,59.95,100.60,45.54,42.81,17.88,16.81,232.10,7.80,0.64,0.40,0.31,1.59,0.76,1011,61.13,99.81,46.60,42.51,18.86,17.20,228.00,8.38,0.66,0.44,0.31,1.50,0.71,509,68.76,99.81,48.53,40.00,21.28,17.53,216.50,10.02,0.75,0.52,0.36,1.44,0.69,299,62.88,98.50,42.50,38.59,22.04,20.01,216.60,10.30,52900.00,7.37,9.69,229.54,10.46
2025-11-28,Precious Achiuwa,PF/C,SAC,UTA,3800,21.94,11.85,19.07,5.02,,,Sacramento Kings,Utah Jazz,Precious Achiuwa,12.00,0.13,17.70,25.50,20.90,534.00,10.00,0.13,19.10,27.10,22.40,474.00,5.00,0.13,21.60,33.00,26.50,279.00,3.00,0.11,22.00,35.00,27.50,169.00,0.85,0.69,0.40,1.22,0.57,1946,27.44,102.45,16.11,26.77,11.18,18.58,206.80,8.56,0.85,0.70,0.40,1.21,0.57,1022,46.38,102.81,27.26,26.54,19.21,18.71,191.20,9.99,0.82,0.65,0.39,1.25,0.59,506,55.14,101.94,33.24,27.32,21.76,17.88,201.00,10.75,0.80,0.63,0.39,1.27,0.62,303,55.78,100.97,34.99,27.92,21.99,17.55,218.20,10.08,44000.00,8.64,57.88,213.75,26.25
2025-11-28,Caris LeVert,SG/SF,DET,ORL,4800,20.71,0.16,19.05,3.97,,,Detroit Pistons,Orlando Magic,Caris LeVert,13.00,0.20,18.10,35.60,19.80,560.00,8.00,0.21,22.40,40.10,20.30,352.00,4.00,0.22,19.60,37.80,19.30,168.00,3.00,0.21,18.40,34.00,19.90,130.00,0.91,0.51,0.42,1.80,0.83,1831,30.58,101.00,25.53,37.24,12.98,18.93,228.70,7.91,1.10,0.56,0.51,1.98,0.91,1022,34.44,100.25,31.47,40.91,17.58,22.85,235.10,9.53,1.02,0.52,0.47,1.96,0.90,503,33.40,101.35,30.47,40.56,15.80,21.03,218.80,8.96,0.92,0.54,0.42,1.71,0.78,298,43.62,100.25,34.31,35.38,18.57,19.15,207.70,8.86,49600.00,9.68,19.07,203.05,36.95
2025-11-28,Lonzo Ball,PG,CLE,ATL,4800,21.53,0.02,18.86,3.93,,,Cleveland Cavaliers,Atlanta Hawks,Lonzo Ball,15.00,0.14,21.30,59.00,24.00,798.00,8.00,0.15,23.20,57.40,24.00,421.00,4.00,0.16,23.70,59.50,26.90,229.00,2.00,0.15,25.90,67.00,29.70,128.00,0.89,0.36,0.40,2.46,1.11,1953,40.86,101.93,46.19,52.93,16.68,19.11,232.30,9.17,0.97,0.40,0.44,2.39,1.09,1025,41.07,101.25,45.36,51.50,18.33,20.81,233.70,9.93,0.88,0.40,0.41,2.21,1.04,500,45.80,99.85,47.53,47.62,18.93,18.97,220.90,10.73,0.87,0.39,0.40,2.26,1.05,302,42.38,99.50,44.15,48.57,17.07,18.78,231.10,11.21,50700.00,9.47,29.60,206.78,33.22
2025-11-28,Cason Wallace,SG/PG,OKC,PHO,4300,24.94,0.14,18.45,4.29,,,Oklahoma City Thunder,Phoenix Suns,Cason Wallace,18.00,0.13,22.40,40.60,28.70,1094.00,10.00,0.13,19.00,37.90,27.60,591.00,5.00,0.14,20.20,40.80,27.90,298.00,3.00,0.13,19.20,36.50,28.40,180.00,0.78,0.55,0.37,1.41,0.67,1945,56.25,100.20,37.65,35.28,20.77,19.46,235.10,9.53,0.69,0.50,0.32,1.37,0.64,1009,58.57,99.90,37.52,34.24,18.81,17.17,224.50,8.46,0.72,0.50,0.34,1.46,0.68,505,59.01,100.05,40.42,36.47,20.01,18.05,217.20,9.30,0.68,0.53,0.32,1.29,0.61,301,59.80,98.09,35.68,32.05,18.77,16.86,222.20,8.64,56100.00,7.66,10.91,228.31,11.69
2025-11-28,Terance Mann,SF/SG,BKN,PHI,4200,27.08,11.70,18.31,4.36,,,Brooklyn Nets,Philadelphia 76ers,Terance Mann,17.00,0.14,19.80,47.20,26.60,925.00,10.00,0.13,17.00,50.20,26.30,533.00,5.00,0.13,17.70,51.00,25.70,255.00,3.00,0.12,16.80,48.00,24.00,141.00,0.74,0.42,0.36,1.77,0.87,1654,55.93,98.91,47.98,48.06,20.13,20.16,166.70,11.88,0.65,0.34,0.32,1.91,0.94,961,55.46,98.28,51.34,51.69,17.39,17.51,175.60,9.68,0.69,0.35,0.35,1.98,1.00,478,53.35,98.20,52.39,53.74,18.18,18.65,180.20,9.82,0.70,0.35,0.36,2.00,1.02,284,49.65,99.20,50.30,54.16,17.60,18.96,177.50,9.46,39600.00,10.61,88.17,227.77,12.23
2025-11-28,Jaylin Williams,C/PF,OKC,PHO,4000,19.63,0.77,18.30,4.58,,,Oklahoma City Thunder,Phoenix Suns,Jaylin Williams,18.00,0.15,16.90,38.20,18.10,694.00,9.00,0.16,16.00,41.80,18.50,356.00,5.00,0.18,15.20,36.00,15.80,169.00,3.00,0.20,21.50,42.50,16.90,109.00,0.93,0.44,0.44,2.11,0.99,1945,35.68,100.20,35.42,41.43,15.67,18.33,235.10,7.19,0.86,0.38,0.40,2.26,1.06,1009,35.28,99.90,37.25,44.36,14.26,16.98,224.50,7.13,0.96,0.42,0.45,2.28,1.07,505,33.47,100.05,35.66,44.73,15.06,18.89,217.20,7.00,1.27,0.51,0.59,2.51,1.17,301,36.21,98.09,41.55,49.37,21.02,24.98,222.20,9.68,56100.00,7.13,10.91,228.31,11.69
2025-11-28,Darius Garland,PG,CLE,ATL,6500,27.74,4.36,17.87,2.75,,,Cleveland Cavaliers,Atlanta Hawks,Darius Garland,5.00,0.24,24.50,53.80,25.90,276.00,3.00,0.25,24.00,51.30,25.00,158.00,2.00,0.26,23.10,54.00,28.00,117.00,2.00,0.26,23.10,54.00,28.00,117.00,0.95,0.46,0.44,2.08,0.97,1953,14.13,101.93,14.04,57.62,6.39,26.24,232.30,10.55,0.96,0.47,0.46,2.05,0.97,1025,15.41,101.25,15.20,56.92,7.11,26.63,233.70,10.27,0.83,0.43,0.39,1.93,0.92,500,23.40,99.85,21.57,53.50,9.23,22.88,220.90,10.46,0.83,0.43,0.39,1.93,0.92,302,38.74,99.50,35.58,53.50,15.22,22.88,231.10,10.00,50700.00,12.82,29.60,206.78,33.22
2025-11-28,Cam Whitmore,SF,WAS,IND,4100,17.27,0.21,17.81,4.34,,,Washington Wizards,Indiana Pacers,Cam Whitmore,17.00,0.21,15.70,20.50,16.70,635.00,10.00,0.20,16.50,19.20,17.30,379.00,5.00,0.20,17.20,19.60,15.40,173.00,3.00,0.21,16.90,20.30,14.70,104.00,0.94,0.77,0.42,1.23,0.55,1777,35.73,102.69,20.14,21.21,15.42,16.24,207.50,7.57,0.95,0.86,0.44,1.11,0.51,1030,36.80,102.02,19.02,19.17,16.34,16.48,212.30,7.77,1.12,0.88,0.50,1.27,0.57,507,34.12,101.75,19.67,21.99,17.26,19.29,221.40,7.77,1.15,0.83,0.49,1.38,0.59,312,33.33,103.09,20.12,23.86,16.75,19.86,233.10,7.25,46900.00,8.74,45.18,218.86,21.14
2025-11-28,Dominick Barlow,PF/C,PHI,BKN,4300,25.44,0.49,17.74,4.13,,,Philadelphia 76ers,Brooklyn Nets,Dominick Barlow,8.00,0.12,19.20,34.10,24.70,419.00,6.00,0.12,19.50,34.20,24.50,311.00,5.00,0.12,17.80,33.60,23.60,253.00,3.00,0.10,20.20,33.00,26.60,177.00,0.78,0.56,0.37,1.38,0.65,1728,24.25,98.91,15.61,35.13,8.79,19.78,189.20,10.15,0.80,0.57,0.38,1.40,0.66,1014,30.67,98.28,19.89,35.52,11.34,20.25,193.60,10.07,0.75,0.53,0.35,1.42,0.66,515,49.13,98.20,32.03,36.22,16.97,19.19,195.80,9.09,0.76,0.61,0.34,1.24,0.56,322,54.97,99.20,30.50,31.56,18.67,19.32,189.90,10.64,45400.00,9.47,36.62,215.25,24.75
2025-11-28,Kawhi Leonard,SF/PF,LAC,MEM,8000,27.35,1.85,17.70,2.21,,,LA Clippers,Memphis Grizzlies,Kawhi Leonard,8.00,0.28,40.70,50.10,31.90,522.00,2.00,0.33,30.60,46.00,27.00,105.00,2.00,0.33,30.60,46.00,27.00,105.00,2.00,0.33,30.60,46.00,27.00,105.00,1.28,0.81,0.62,1.57,0.77,1766,29.56,0.00,0.00,42.96,0.00,34.90,194.00,20.98,1.13,0.67,0.58,1.70,0.88,986,10.65,0.00,0.00,46.60,0.00,31.00,195.50,15.65,1.13,0.67,0.58,1.70,0.88,488,21.52,0.00,0.00,46.60,0.00,31.00,193.30,15.83,1.13,0.67,0.58,1.70,0.88,288,36.46,0.00,0.00,46.60,0.00,31.00,196.10,15.60,45000.00,17.78,46.82,206.72,33.28
2025-11-28,Day'Ron Sharpe,C,BKN,PHI,4100,17.99,0.45,17.62,4.30,,,Brooklyn Nets,Philadelphia 76ers,Day'Ron Sharpe,16.00,0.18,17.90,29.30,16.10,530.00,9.00,0.18,17.90,28.70,15.90,289.00,5.00,0.19,18.00,30.40,17.00,171.00,3.00,0.15,13.40,29.00,17.30,102.00,1.11,0.61,0.54,1.82,0.88,1654,32.04,98.91,28.03,32.74,17.13,20.00,166.70,10.74,1.13,0.62,0.56,1.81,0.89,961,30.07,98.28,26.42,32.47,16.48,20.25,175.60,10.19,1.06,0.59,0.53,1.79,0.89,478,35.77,98.20,31.23,32.17,18.49,19.05,180.20,9.99,0.77,0.46,0.39,1.68,0.85,284,35.92,99.20,30.39,30.15,14.04,13.93,177.50,7.55,39600.00,10.35,88.17,227.77,12.23
2025-11-28,Cole Anthony,PG/SG,MIL,NY,4400,18.14,0.15,17.38,3.95,,,Milwaukee Bucks,New York Knicks,Cole Anthony,18.00,0.25,20.50,46.00,18.80,727.00,10.00,0.27,17.10,43.70,17.10,365.00,5.00,0.28,16.00,44.00,17.10,179.00,3.00,0.34,16.10,38.00,14.30,91.00,1.09,0.45,0.51,2.45,1.14,1935,37.57,100.60,43.05,44.38,19.18,19.78,232.10,8.83,1.00,0.39,0.47,2.56,1.20,1011,36.10,99.81,43.14,46.35,16.88,18.14,228.00,7.50,0.94,0.36,0.45,2.57,1.23,509,35.17,99.81,43.14,46.67,15.69,16.97,216.50,7.39,1.13,0.42,0.53,2.66,1.25,299,30.43,98.50,37.56,48.20,15.91,20.42,216.60,7.43,52900.00,8.32,9.69,229.54,10.46
2025-11-28,Tre Jones,SG/PG,CHI,CHA,5300,21.91,0.18,17.25,3.25,,,Chicago Bulls,Charlotte Hornets,Tre Jones,14.00,0.17,28.80,64.90,28.60,892.00,7.00,0.18,27.50,64.70,27.80,443.00,3.00,0.15,19.20,47.00,23.90,165.00,3.00,0.15,19.20,47.00,23.90,165.00,1.01,0.44,0.45,2.27,1.02,1802,49.50,102.42,51.64,49.71,22.92,22.06,262.30,10.98,0.99,0.43,0.43,2.33,1.02,1083,40.90,102.01,42.66,50.98,18.13,21.67,256.30,10.73,0.80,0.41,0.35,1.97,0.85,537,30.73,102.85,27.01,43.08,11.03,17.60,235.70,8.15,0.80,0.41,0.35,1.97,0.85,327,50.46,102.25,44.09,43.08,18.01,17.60,228.70,8.40,53500.00,9.91,33.58,227.20,12.80
2025-11-28,Jaylon Tyson,SF,CLE,ATL,5200,19.54,0.01,17.21,3.31,,,Cleveland Cavaliers,Atlanta Hawks,Jaylon Tyson,14.00,0.14,23.90,34.60,26.20,778.00,5.00,0.13,29.40,40.00,29.00,305.00,3.00,0.13,23.90,38.30,27.80,173.00,3.00,0.13,23.90,38.30,27.80,173.00,0.91,0.69,0.43,1.32,0.62,1953,39.84,101.93,25.28,25.80,17.46,17.82,232.30,10.29,1.01,0.73,0.48,1.38,0.66,1025,29.76,101.25,19.76,26.95,14.52,19.81,233.70,12.58,0.86,0.62,0.41,1.38,0.66,500,34.60,99.85,22.95,26.92,14.32,16.80,220.90,10.82,0.86,0.62,0.41,1.38,0.66,302,57.28,99.50,37.86,26.92,23.62,16.80,231.10,10.34,50700.00,10.26,29.60,206.78,33.22
2025-11-28,Rui Hachimura,SF/PF,LAL,DAL,4500,28.30,0.16,17.20,3.82,,,Los Angeles Lakers,Dallas Mavericks,Rui Hachimura,16.00,0.15,22.50,34.50,33.50,1140.00,9.00,0.15,21.60,29.90,31.70,605.00,4.00,0.14,18.00,25.80,30.20,260.00,3.00,0.14,17.00,24.70,28.60,182.00,0.67,0.65,0.32,1.03,0.48,1717,66.39,101.84,32.74,29.14,21.35,19.01,243.40,9.24,0.68,0.72,0.32,0.94,0.44,1004,60.26,101.57,27.22,26.69,19.67,19.28,227.70,9.49,0.60,0.70,0.28,0.85,0.40,506,51.38,101.80,20.76,24.18,14.49,16.87,236.50,7.61,0.59,0.69,0.28,0.86,0.41,306,59.48,100.92,24.44,24.44,16.82,16.82,226.10,7.52,52700.00,8.54,13.67,211.38,28.62
2025-11-28,Isaiah Joe,SG,OKC,PHO,4200,21.64,0.02,17.05,4.06,,,Oklahoma City Thunder,Phoenix Suns,Isaiah Joe,14.00,0.19,20.40,32.20,24.30,726.00,10.00,0.17,19.10,30.70,24.20,514.00,5.00,0.16,17.00,29.00,21.50,230.00,3.00,0.15,16.10,29.50,20.40,130.00,0.84,0.63,0.39,1.33,0.62,1945,37.33,100.20,23.22,28.68,14.71,18.17,235.10,8.68,0.79,0.62,0.37,1.27,0.60,1009,50.94,99.90,30.40,27.46,18.91,17.08,224.50,8.51,0.79,0.59,0.37,1.35,0.63,505,45.54,100.05,28.73,29.19,16.84,17.11,217.20,7.83,0.79,0.55,0.37,1.45,0.68,301,43.19,98.09,28.84,31.30,15.74,17.08,222.20,7.25,56100.00,7.49,10.91,228.31,11.69
2025-11-28,Justin Champagnie,SF/PF,WAS,IND,3800,19.32,2.33,16.74,4.40,,,Washington Wizards,Indiana Pacers,Justin Champagnie,15.00,0.12,9.90,13.10,10.60,342.00,9.00,0.11,13.50,16.80,13.50,263.00,4.00,0.11,15.80,22.50,16.30,142.00,3.00,0.09,19.70,26.70,19.60,128.00,0.93,0.76,0.43,1.24,0.57,1777,19.25,102.69,11.36,23.87,8.58,18.04,207.50,4.77,1.00,0.80,0.46,1.24,0.57,1030,25.53,102.02,14.98,24.04,12.03,19.32,212.30,6.36,0.97,0.70,0.45,1.38,0.63,507,28.01,101.75,18.06,26.66,12.68,18.72,221.40,7.14,1.01,0.74,0.46,1.36,0.63,312,41.03,103.09,26.47,26.31,19.53,19.41,233.10,8.45,46900.00,8.10,45.18,218.86,21.14
2025-11-28,Jordan Clarkson,SG/PG,NY,MIL,4000,21.71,1.31,16.69,4.17,,,New York Knicks,Milwaukee Bucks,Jordan Clarkson,17.00,0.22,15.80,26.10,18.90,674.00,10.00,0.21,17.90,28.10,20.90,443.00,5.00,0.21,16.90,29.40,22.80,243.00,3.00,0.23,15.90,27.00,22.60,142.00,0.84,0.61,0.40,1.38,0.66,1706,39.51,100.60,26.16,29.98,15.84,18.15,213.80,7.39,0.86,0.64,0.40,1.34,0.63,1006,44.04,99.81,27.88,29.19,17.76,18.59,224.00,7.99,0.74,0.57,0.35,1.29,0.60,501,48.50,99.81,29.29,28.00,16.83,16.09,237.70,7.11,0.70,0.59,0.34,1.19,0.57,293,48.46,98.50,27.23,25.94,16.04,15.27,230.30,6.90,49400.00,8.10,51.16,221.27,18.73
2025-11-28,Drake Powell,SG/SF,BKN,PHI,4000,22.33,0.17,16.61,4.15,,,Brooklyn Nets,Philadelphia 76ers,Drake Powell,11.00,0.15,14.10,28.10,18.90,423.00,9.00,0.16,16.20,33.60,21.80,398.00,5.00,0.16,15.20,31.80,20.60,204.00,3.00,0.17,17.80,33.00,19.90,117.00,0.75,0.50,0.37,1.49,0.73,1654,25.57,98.91,18.48,33.20,9.28,16.66,166.70,8.46,0.74,0.48,0.37,1.54,0.76,961,41.42,98.28,30.93,34.42,14.91,16.59,175.60,9.23,0.74,0.48,0.37,1.54,0.78,478,42.68,98.20,32.66,34.47,15.61,16.48,180.20,8.44,0.89,0.54,0.46,1.66,0.85,284,41.20,99.20,34.58,37.03,18.65,19.97,177.50,10.03,39600.00,10.10,88.17,227.77,12.23
2025-11-28,Oso Ighodaro,PF/C,PHO,OKC,3700,17.00,0.06,16.47,4.45,,,Phoenix Suns,Oklahoma City Thunder,Oso Ighodaro,19.00,0.13,13.40,23.70,15.90,637.00,10.00,0.13,15.50,22.10,14.90,311.00,5.00,0.13,17.00,24.50,16.50,172.00,3.00,0.10,15.50,23.50,17.80,112.00,0.84,0.57,0.40,1.49,0.71,1916,33.25,100.20,23.55,25.34,13.31,14.33,189.60,7.07,1.04,0.70,0.50,1.48,0.71,993,31.32,99.90,22.23,25.22,15.59,17.69,191.90,8.08,1.03,0.69,0.49,1.48,0.71,498,34.54,100.05,24.61,25.25,17.08,17.52,204.30,8.32,0.87,0.66,0.42,1.32,0.63,290,38.62,98.09,23.85,22.45,15.73,14.81,209.10,7.41,40900.00,9.05,21.34,192.47,47.53
2025-11-28,Ryan Kalkbrenner,C,CHA,CHI,5300,24.26,0.01,16.39,3.09,,,Charlotte Hornets,Chicago Bulls,Ryan Kalkbrenner,16.00,0.11,24.50,27.20,25.60,876.00,8.00,0.12,21.10,24.30,23.80,404.00,4.00,0.09,16.70,23.80,22.90,195.00,2.00,0.09,11.60,21.00,19.30,80.00,0.96,0.90,0.45,1.06,0.50,1815,48.26,102.42,24.56,25.77,22.12,23.21,243.30,10.07,0.89,0.87,0.42,1.02,0.48,992,40.73,102.01,19.99,24.77,17.36,21.50,240.00,8.79,0.73,0.70,0.34,1.04,0.49,492,39.63,102.85,19.90,25.21,13.96,17.69,218.90,7.63,0.60,0.55,0.29,1.09,0.53,288,27.78,102.25,14.91,26.39,8.24,14.58,193.60,5.99,53300.00,9.94,26.94,228.40,11.60
2025-11-28,Jake LaRavia,PF/SF,LAL,DAL,4400,19.39,0.03,16.27,3.70,,,Los Angeles Lakers,Dallas Mavericks,Jake LaRavia,17.00,0.14,21.90,42.00,27.00,977.00,10.00,0.14,18.80,38.40,25.80,548.00,5.00,0.13,17.50,30.00,22.80,244.00,3.00,0.13,15.70,26.00,18.60,123.00,0.81,0.52,0.38,1.56,0.73,1717,56.90,101.84,42.35,30.16,22.08,15.73,243.40,9.00,0.73,0.49,0.34,1.49,0.70,1004,54.58,101.57,38.85,28.86,19.02,14.13,227.70,8.26,0.77,0.58,0.36,1.32,0.61,506,48.22,101.80,30.18,25.51,17.60,14.88,236.50,7.40,0.84,0.60,0.38,1.40,0.63,306,40.20,100.92,25.72,27.10,15.53,16.36,226.10,6.94,52700.00,8.35,13.67,211.38,28.62
2025-11-28,Kevin Huerter,SF/SG,CHI,CHA,5000,21.42,0.08,16.10,3.22,Q,,Chicago Bulls,Charlotte Hornets,Kevin Huerter,16.00,0.20,24.60,39.90,24.70,882.00,9.00,0.19,23.30,38.80,24.50,500.00,4.00,0.17,15.10,24.50,19.00,171.00,2.00,0.17,12.00,19.50,14.60,69.00,1.00,0.62,0.45,1.62,0.72,1802,48.95,102.42,36.28,34.61,22.37,21.34,262.30,9.38,0.95,0.60,0.42,1.58,0.70,1083,46.17,102.01,32.89,33.93,19.75,20.37,256.30,9.09,0.79,0.62,0.35,1.29,0.57,537,31.84,102.85,18.77,27.63,11.57,17.03,235.70,6.41,0.82,0.62,0.35,1.34,0.57,327,21.10,102.25,12.19,28.61,7.50,17.61,228.70,5.25,53500.00,9.35,33.58,227.20,12.80
2025-11-28,Bruce Brown,SF/SG,DEN,SA,4000,24.22,4.62,16.01,4.00,,,Denver Nuggets,San Antonio Spurs,Bruce Brown,17.00,0.13,16.10,32.80,23.30,834.00,10.00,0.13,15.80,34.80,25.30,527.00,5.00,0.13,16.30,35.80,25.10,267.00,3.00,0.15,16.80,38.30,25.30,155.00,0.69,0.49,0.33,1.41,0.67,1721,48.46,100.34,32.51,34.10,15.96,16.74,185.10,8.70,0.62,0.45,0.30,1.38,0.66,996,52.91,100.25,35.03,33.32,15.90,15.13,193.80,8.15,0.65,0.46,0.31,1.43,0.67,501,53.29,100.05,35.75,34.55,16.28,15.73,202.80,8.04,0.66,0.44,0.33,1.51,0.74,288,53.82,98.16,39.16,36.67,17.18,16.08,204.70,8.21,43100.00,9.28,66.58,206.53,33.47
2025-11-28,Isaiah Collier,PG,UTA,SAC,4200,20.40,0.37,15.99,3.81,,,Utah Jazz,Sacramento Kings,Isaiah Collier,9.00,0.17,20.70,64.60,23.20,464.00,9.00,0.17,20.70,64.60,23.20,464.00,5.00,0.18,18.30,66.20,23.00,253.00,3.00,0.18,12.70,56.00,19.10,123.00,0.89,0.32,0.40,2.78,1.25,1781,26.05,102.45,33.44,56.81,10.72,18.20,199.90,10.36,0.89,0.32,0.40,2.78,1.25,1063,43.65,102.81,56.23,56.81,18.02,18.20,210.30,9.84,0.80,0.28,0.36,2.88,1.31,544,46.51,101.94,62.03,58.72,17.15,16.23,213.90,8.56,0.66,0.23,0.31,2.93,1.37,313,39.30,100.97,54.19,59.81,12.29,13.56,191.90,6.62,44200.00,9.50,42.18,204.66,35.34
2025-11-28,Mitchell Robinson,C,NY,MIL,3900,17.13,0.06,15.97,4.10,,,New York Knicks,Milwaukee Bucks,Mitchell Robinson,10.00,0.08,19.10,17.50,17.10,357.00,8.00,0.08,19.80,16.80,17.30,289.00,4.00,0.08,18.00,15.80,18.50,158.00,2.00,0.05,17.10,11.00,16.90,69.00,1.12,1.09,0.54,1.02,0.49,1706,20.93,100.60,10.32,17.53,11.26,19.13,213.80,8.93,1.14,1.18,0.55,0.97,0.47,1006,28.73,99.81,13.33,16.63,15.72,19.60,224.00,8.84,0.97,1.14,0.46,0.85,0.40,501,31.54,99.81,12.59,14.63,14.34,16.66,237.70,7.57,1.01,1.55,0.50,0.65,0.32,293,23.55,98.50,7.40,11.15,11.50,17.33,230.30,7.43,49400.00,7.89,51.16,221.27,18.73
2025-11-28,Gary Trent,SG/SF,MIL,NY,4000,29.07,0.14,15.92,3.98,,,Milwaukee Bucks,New York Knicks,Gary Trent Jr.,19.00,0.15,17.50,25.40,28.40,1144.00,10.00,0.14,14.90,22.60,28.60,594.00,5.00,0.15,16.30,24.00,31.10,332.00,3.00,0.16,17.00,18.00,28.50,184.00,0.62,0.69,0.29,0.89,0.42,1935,59.12,100.60,25.09,26.00,17.29,17.92,232.10,7.54,0.52,0.66,0.25,0.79,0.38,1011,58.75,99.81,22.31,22.98,14.71,15.15,228.00,6.54,0.52,0.68,0.25,0.77,0.36,509,65.23,99.81,23.53,22.44,15.98,15.24,216.50,7.53,0.60,0.94,0.28,0.63,0.29,299,61.54,98.50,17.79,18.36,16.80,17.34,216.60,7.85,52900.00,7.56,9.69,229.54,10.46
2025-11-28,Klay Thompson,SF/SG,DAL,LAL,4000,18.64,0.12,15.75,3.94,,,Dallas Mavericks,Los Angeles Lakers,Klay Thompson,18.00,0.21,16.60,27.00,21.60,861.00,9.00,0.21,18.60,29.00,23.20,462.00,5.00,0.22,16.90,23.40,21.60,234.00,3.00,0.24,18.00,23.70,21.40,136.00,0.77,0.61,0.35,1.25,0.56,1982,43.44,101.84,24.97,23.29,15.35,14.32,240.90,6.89,0.80,0.64,0.36,1.25,0.56,1058,43.67,101.57,25.06,23.29,16.07,14.94,256.50,7.25,0.78,0.72,0.36,1.08,0.50,510,45.88,101.80,23.35,20.19,16.87,14.58,194.50,8.69,0.84,0.76,0.40,1.11,0.52,301,45.18,100.92,23.84,20.64,18.11,15.67,197.80,9.10,52900.00,7.56,4.08,219.71,20.29
2025-11-28,Dean Wade,PF/SF,CLE,ATL,3900,19.09,0.09,15.54,3.99,Q,,Cleveland Cavaliers,Atlanta Hawks,Dean Wade,17.00,0.10,16.50,26.90,22.40,823.00,9.00,0.10,17.40,27.60,23.20,445.00,4.00,0.10,21.40,32.00,24.20,207.00,2.00,0.12,17.30,29.00,21.30,91.00,0.74,0.61,0.34,1.20,0.56,1953,42.14,101.93,23.87,22.93,14.64,14.06,232.30,7.10,0.75,0.63,0.35,1.19,0.56,1025,43.41,101.25,24.54,22.71,15.47,14.32,233.70,7.45,0.88,0.67,0.41,1.32,0.62,500,41.40,99.85,25.56,25.25,17.09,16.88,220.90,9.69,0.81,0.60,0.38,1.36,0.64,302,30.13,99.50,19.11,25.99,11.40,15.51,231.10,7.49,50700.00,7.69,29.60,206.78,33.22
2025-11-28,Tim Hardaway,SF/SG,DEN,SA,4100,24.35,0.26,15.50,3.78,,,Denver Nuggets,San Antonio Spurs,Tim Hardaway Jr.,17.00,0.16,17.00,26.80,23.80,860.00,10.00,0.16,17.40,28.60,24.10,510.00,5.00,0.16,14.70,31.00,24.90,262.00,3.00,0.16,16.10,36.00,28.30,172.00,0.71,0.63,0.34,1.13,0.53,1721,49.97,100.34,26.56,27.42,16.85,17.39,185.10,9.18,0.72,0.61,0.34,1.19,0.56,996,51.20,100.25,28.79,28.90,17.51,17.58,193.80,8.98,0.59,0.47,0.28,1.24,0.59,501,52.30,100.05,30.95,30.32,14.68,14.38,202.80,7.25,0.57,0.45,0.28,1.27,0.63,288,59.72,98.16,36.81,30.98,16.46,13.85,204.70,7.87,43100.00,9.51,66.58,206.53,33.47
2025-11-28,Drew Eubanks,C,SAC,UTA,3900,19.50,0.03,15.02,3.85,,,Sacramento Kings,Utah Jazz,Drew Eubanks,19.00,0.16,14.00,17.80,15.90,640.00,10.00,0.15,13.50,17.80,15.80,329.00,5.00,0.14,14.70,21.30,19.50,205.00,3.00,0.13,13.60,17.00,16.40,100.00,0.88,0.79,0.42,1.12,0.53,1946,32.89,102.45,17.81,21.83,14.00,17.17,206.80,6.77,0.85,0.76,0.41,1.13,0.54,1022,32.19,102.81,17.91,21.97,13.58,16.66,191.20,7.06,0.75,0.69,0.36,1.09,0.52,506,40.51,101.94,21.46,21.30,14.81,14.70,201.00,7.31,0.83,0.80,0.41,1.04,0.51,303,33.00,100.97,16.99,20.21,13.60,16.17,218.20,6.23,44000.00,8.86,57.88,213.75,26.25
2025-11-28,Svi Mykhailiuk,SG/SF,UTA,SAC,3800,24.44,0.71,14.95,3.93,,,Utah Jazz,Sacramento Kings,Svi Mykhailiuk,17.00,0.12,16.60,34.10,26.30,959.00,10.00,0.14,17.60,33.70,25.80,560.00,5.00,0.13,15.00,32.00,24.70,270.00,3.00,0.15,13.50,28.30,23.20,149.00,0.63,0.49,0.29,1.30,0.60,1781,53.85,102.45,33.35,31.69,16.23,15.43,199.90,8.30,0.68,0.52,0.31,1.31,0.60,1063,52.68,102.81,32.59,31.93,17.02,16.67,210.30,8.37,0.61,0.47,0.28,1.30,0.59,544,49.63,101.94,29.98,31.67,14.05,14.84,213.90,7.01,0.58,0.48,0.27,1.22,0.57,313,47.60,100.97,27.39,29.82,13.06,14.22,191.90,7.03,44200.00,8.60,42.18,204.66,35.34
2025-11-28,Bub Carrington,PG,WAS,IND,3900,22.57,0.79,14.89,3.82,,,Washington Wizards,Indiana Pacers,Bub Carrington,17.00,0.14,16.50,50.40,25.20,938.00,10.00,0.15,15.70,49.70,24.00,524.00,5.00,0.15,13.30,41.40,19.80,216.00,3.00,0.17,14.80,46.30,20.70,139.00,0.65,0.33,0.30,2.00,0.91,1777,52.79,102.69,49.51,45.13,16.21,14.78,207.50,7.95,0.65,0.32,0.30,2.07,0.95,1030,50.87,102.02,49.23,46.73,15.55,14.76,212.30,7.40,0.67,0.32,0.31,2.09,0.96,507,42.60,101.75,41.54,47.19,13.35,15.16,221.40,6.01,0.71,0.32,0.32,2.24,1.00,312,44.55,103.09,45.89,50.48,14.67,16.14,233.10,6.35,46900.00,8.32,45.18,218.86,21.14
2025-11-28,Alex Caruso,SF/SG,OKC,PHO,4000,20.68,0.26,14.87,3.72,,,Oklahoma City Thunder,Phoenix Suns,Alex Caruso,14.00,0.14,16.80,30.00,18.50,551.00,9.00,0.15,15.60,28.50,16.90,331.00,4.00,0.13,14.80,31.70,18.80,169.00,3.00,0.12,12.90,27.50,18.20,122.00,0.91,0.56,0.43,1.62,0.76,1945,28.33,100.20,21.64,33.54,12.12,18.78,235.10,7.15,0.92,0.55,0.42,1.69,0.77,1009,32.80,99.90,25.40,34.88,13.90,19.09,224.50,6.95,0.79,0.47,0.35,1.69,0.75,505,33.47,100.05,25.12,34.87,11.73,16.28,217.20,6.81,0.71,0.47,0.32,1.51,0.68,301,40.53,98.09,26.89,31.25,12.61,14.66,222.20,5.81,56100.00,7.13,10.91,228.31,11.69
2025-11-28,Jeremy Sochan,PF,SA,DEN,4100,17.42,0.12,14.75,3.60,,,San Antonio Spurs,Denver Nuggets,Jeremy Sochan,11.00,0.16,14.00,26.60,16.60,388.00,10.00,0.16,13.30,25.70,15.90,343.00,5.00,0.17,16.00,36.30,19.00,205.00,3.00,0.20,15.20,41.00,16.80,107.00,0.84,0.53,0.40,1.60,0.75,1717,22.60,100.34,17.10,27.91,9.00,14.69,195.70,7.15,0.84,0.52,0.39,1.62,0.75,1010,33.96,100.25,25.51,28.15,13.20,14.57,195.20,6.81,0.84,0.44,0.39,1.91,0.89,501,40.92,100.05,36.25,33.27,15.98,14.67,220.20,7.27,0.90,0.37,0.43,2.44,1.15,301,35.55,98.16,40.11,42.50,14.87,15.76,222.70,6.83,43800.00,9.36,43.39,214.72,25.28
2025-11-28,Marvin Bagley,C,WAS,IND,4000,16.69,0.35,14.52,3.63,,,Washington Wizards,Indiana Pacers,Marvin Bagley III,14.00,0.16,17.60,25.40,15.80,496.00,7.00,0.19,19.80,28.60,16.70,257.00,2.00,0.17,22.00,38.00,23.70,99.00,2.00,0.17,22.00,38.00,23.70,99.00,1.11,0.69,0.50,1.61,0.72,1777,27.91,102.69,20.55,26.83,14.24,18.59,207.50,8.48,1.19,0.69,0.54,1.71,0.78,1030,24.95,102.02,19.83,28.58,13.73,19.79,212.30,9.33,0.93,0.58,0.44,1.60,0.77,507,19.53,101.75,15.25,26.76,8.83,15.49,221.40,9.94,0.93,0.58,0.44,1.60,0.77,312,31.73,103.09,25.11,26.76,14.54,15.49,233.10,9.44,46900.00,8.53,45.18,218.86,21.14
2025-11-28,Jaden Ivey,SG/PG,DET,ORL,5100,16.30,0.02,14.47,2.84,Q,,Detroit Pistons,Orlando Magic,Jaden Ivey,3.00,0.27,15.70,27.30,13.90,92.00,3.00,0.27,15.70,27.30,13.90,92.00,3.00,0.27,15.70,27.30,13.90,92.00,3.00,0.27,15.70,27.30,13.90,92.00,1.13,0.58,0.51,1.96,0.89,1831,5.02,101.00,4.52,32.02,2.60,18.41,228.70,6.86,1.13,0.58,0.51,1.96,0.89,1022,9.00,100.25,8.03,32.02,4.62,18.41,235.10,6.68,1.13,0.58,0.51,1.96,0.89,503,18.29,101.35,16.50,32.02,9.49,18.41,218.80,7.18,1.13,0.58,0.51,1.96,0.89,298,30.87,100.25,27.55,32.02,15.84,18.41,207.70,7.56,49600.00,10.28,19.07,203.05,36.95
2025-11-28,Luguentz Dort,SF/SG,OKC,PHO,4200,24.90,0.19,14.30,3.41,,,Oklahoma City Thunder,Phoenix Suns,Luguentz Dort,13.00,0.13,17.00,31.70,29.10,779.00,6.00,0.13,16.20,29.80,26.00,326.00,5.00,0.14,17.10,31.30,26.80,278.00,3.00,0.12,11.90,21.50,24.40,153.00,0.58,0.54,0.28,1.09,0.53,1945,40.05,100.20,21.23,27.13,11.39,14.55,235.10,7.23,0.62,0.54,0.30,1.15,0.55,1009,32.31,99.90,17.70,28.54,9.62,15.52,224.50,7.22,0.64,0.55,0.31,1.17,0.56,505,55.05,100.05,31.01,29.08,16.94,15.89,217.20,7.87,0.49,0.55,0.23,0.88,0.42,301,50.83,98.09,21.02,21.94,11.63,12.14,222.20,5.36,56100.00,7.49,10.91,228.31,11.69
2025-11-28,Brice Sensabaugh,SF/SG,UTA,SAC,4100,16.18,0.06,14.27,3.48,,,Utah Jazz,Sacramento Kings,Brice Sensabaugh,16.00,0.22,14.60,21.60,15.10,538.00,10.00,0.22,14.70,20.70,15.80,347.00,5.00,0.21,16.50,22.60,19.20,208.00,3.00,0.25,13.70,23.00,16.90,111.00,0.97,0.68,0.43,1.43,0.64,1781,30.21,102.45,19.88,23.15,13.44,15.65,199.90,7.30,0.93,0.71,0.42,1.31,0.60,1063,32.64,102.81,20.02,21.20,14.22,15.06,210.30,6.99,0.86,0.73,0.40,1.18,0.54,544,38.24,101.94,21.18,19.05,15.46,13.91,213.90,7.71,0.81,0.60,0.37,1.36,0.62,313,35.46,100.97,22.26,22.02,13.26,13.12,191.90,7.14,44200.00,9.28,42.18,204.66,35.34
2025-11-28,Jaxson Hayes,C,LAL,DAL,4300,17.48,0.03,14.18,3.30,,,Los Angeles Lakers,Dallas Mavericks,Jaxson Hayes,14.00,0.10,14.20,21.10,17.70,520.00,10.00,0.10,12.50,19.20,16.60,346.00,5.00,0.11,15.40,18.60,18.40,191.00,3.00,0.09,15.70,18.70,21.00,131.00,0.80,0.67,0.38,1.19,0.57,1717,30.29,101.84,17.52,20.84,11.79,14.02,243.40,5.83,0.75,0.65,0.36,1.16,0.55,1004,34.46,101.57,19.42,20.22,12.65,13.16,227.70,5.49,0.84,0.83,0.40,1.01,0.49,506,37.75,101.80,18.71,17.67,15.49,14.63,236.50,6.51,0.75,0.84,0.36,0.89,0.43,306,42.81,100.92,18.50,15.57,15.53,13.07,226.10,6.94,52700.00,8.16,13.67,211.38,28.62
2025-11-28,Ben Sheppard,SG/PG,IND,WAS,4200,21.12,0.08,13.76,3.28,,,Indiana Pacers,Washington Wizards,Ben Sheppard,18.00,0.13,16.10,44.10,25.60,1001.00,10.00,0.12,13.50,32.80,24.50,535.00,5.00,0.10,17.60,32.80,27.20,290.00,3.00,0.08,12.70,29.50,25.30,164.00,0.63,0.37,0.29,1.72,0.79,1862,53.76,102.69,43.78,36.38,15.98,13.28,201.00,8.01,0.55,0.41,0.25,1.34,0.61,1020,52.45,102.02,32.81,28.27,13.50,11.64,194.50,6.94,0.65,0.54,0.30,1.21,0.57,507,57.20,101.75,32.91,25.47,17.66,13.67,208.80,8.43,0.50,0.43,0.23,1.17,0.54,304,53.95,103.09,30.01,24.63,12.92,10.60,206.60,6.15,45100.00,9.31,78.92,217.02,22.98
2025-11-28,Tre Mann,SG/PG,CHA,CHI,4000,21.29,4.56,13.70,3.43,,,Charlotte Hornets,Chicago Bulls,Tre Mann,16.00,0.24,18.40,46.40,21.60,719.00,8.00,0.24,19.10,49.40,22.40,367.00,3.00,0.22,12.70,32.70,16.70,104.00,2.00,0.28,11.90,37.00,18.80,75.00,0.85,0.40,0.41,2.15,1.03,1815,39.61,102.42,41.89,45.74,16.61,18.14,243.30,7.56,0.85,0.39,0.42,2.21,1.08,992,37.00,102.01,40.64,46.96,15.71,18.16,240.00,7.96,0.76,0.39,0.37,1.96,0.94,492,21.14,102.85,20.51,41.70,7.96,16.19,218.90,5.80,0.63,0.32,0.32,1.97,0.99,288,26.04,102.25,26.27,41.91,8.45,13.48,193.60,6.15,53300.00,7.50,26.94,228.40,11.60
2025-11-28,Luke Kennard,SG/PG,ATL,CLE,3800,18.08,0.16,13.57,3.57,,,Atlanta Hawks,Cleveland Cavaliers,Luke Kennard,16.00,0.14,15.70,28.50,21.70,735.00,8.00,0.16,15.90,26.90,18.10,305.00,4.00,0.16,15.80,26.80,18.10,145.00,2.00,0.18,13.40,28.00,19.40,78.00,0.72,0.55,0.34,1.31,0.62,1932,38.04,101.93,24.06,23.74,13.25,13.08,214.90,7.31,0.88,0.59,0.42,1.49,0.71,1010,30.20,101.25,21.57,26.87,12.75,15.88,229.70,6.92,0.87,0.59,0.44,1.48,0.74,499,29.06,99.85,21.45,26.77,12.65,15.78,219.90,7.19,0.69,0.48,0.34,1.44,0.72,297,26.26,99.50,18.76,26.09,8.98,12.49,217.20,6.17,46000.00,8.26,31.82,192.34,47.66
2025-11-28,Jared McCain,SG/PG,PHI,BKN,4000,22.13,0.35,13.39,3.35,,,Philadelphia 76ers,Brooklyn Nets,Jared McCain,8.00,0.19,8.50,26.50,14.10,245.00,7.00,0.20,9.10,26.70,14.00,212.00,5.00,0.21,11.50,32.40,16.50,182.00,3.00,0.22,17.10,41.00,21.10,142.00,0.60,0.32,0.28,1.88,0.87,1728,14.18,98.91,12.13,41.59,3.89,13.34,189.20,4.49,0.65,0.34,0.30,1.91,0.88,1014,20.91,98.28,18.11,42.20,6.17,14.38,193.60,4.70,0.70,0.35,0.32,1.96,0.89,515,35.34,98.20,30.89,43.45,10.96,15.42,195.80,5.87,0.81,0.42,0.36,1.94,0.87,322,44.10,99.20,37.89,43.00,15.80,17.93,189.90,9.00,45400.00,8.81,36.62,215.25,24.75
2025-11-28,Patrick Williams,PF/SF,CHI,CHA,3900,19.41,0.24,12.84,3.29,Q,,Chicago Bulls,Charlotte Hornets,Patrick Williams,16.00,0.15,16.60,33.90,21.40,766.00,9.00,0.15,14.90,32.90,20.60,430.00,4.00,0.17,14.20,31.80,18.90,181.00,2.00,0.15,15.00,38.50,22.90,110.00,0.78,0.49,0.35,1.58,0.71,1802,42.51,102.42,30.83,30.74,15.10,15.05,262.30,6.33,0.72,0.45,0.31,1.60,0.69,1083,39.70,102.01,27.89,30.99,12.63,14.04,256.30,5.81,0.75,0.45,0.31,1.68,0.70,537,33.71,102.85,24.36,32.65,10.88,14.58,235.70,6.02,0.66,0.39,0.27,1.68,0.70,327,33.64,102.25,24.08,32.63,9.38,12.71,228.70,6.56,53500.00,7.29,33.58,227.20,12.80
2025-11-28,Ziaire Williams,SF/SG,BKN,PHI,4000,26.58,9.83,12.65,3.16,,,Brooklyn Nets,Philadelphia 76ers,Ziaire Williams,14.00,0.17,16.10,27.30,23.00,669.00,9.00,0.17,14.60,29.80,24.90,452.00,4.00,0.16,14.50,27.30,25.30,202.00,2.00,0.12,7.40,20.50,21.90,89.00,0.70,0.59,0.34,1.19,0.57,1654,40.45,98.91,22.86,31.55,13.48,18.61,166.70,9.66,0.59,0.49,0.29,1.20,0.59,961,47.03,98.28,27.43,31.81,13.44,15.59,175.60,8.31,0.57,0.53,0.29,1.08,0.54,478,42.26,98.20,22.43,28.68,11.92,15.24,180.20,8.05,0.34,0.36,0.17,0.94,0.46,284,31.34,99.20,14.32,24.88,5.17,8.98,177.50,4.17,39600.00,10.10,88.17,227.77,12.23
2025-11-28,D'Angelo Russell,PG,DAL,LAL,4700,18.35,0.06,12.55,2.67,,,Dallas Mavericks,Los Angeles Lakers,D'Angelo Russell,17.00,0.28,22.10,54.50,21.40,786.00,8.00,0.28,19.70,49.40,20.70,363.00,3.00,0.28,18.00,42.70,18.90,125.00,1.00,0.23,2.20,20.00,9.80,20.00,1.03,0.41,0.48,2.55,1.18,1982,39.66,101.84,47.61,46.72,19.30,18.95,240.90,9.17,0.95,0.40,0.43,2.39,1.09,1058,34.31,101.57,37.94,43.78,15.13,17.46,256.50,7.68,0.95,0.42,0.43,2.26,1.02,510,24.51,101.80,25.57,41.45,10.78,17.47,194.50,9.25,0.22,0.11,0.11,2.04,1.00,301,6.64,100.92,6.71,37.44,0.74,4.12,197.80,1.11,52900.00,8.88,4.08,219.71,20.29
2025-11-28,Sion James,SF/SG,CHA,CHI,3800,21.31,0.19,12.04,3.17,,,Charlotte Hornets,Chicago Bulls,Sion James,18.00,0.10,15.20,33.30,26.50,1009.00,10.00,0.10,13.60,33.80,28.30,594.00,5.00,0.09,12.40,29.00,25.50,270.00,3.00,0.09,14.00,27.70,26.40,162.00,0.57,0.46,0.27,1.26,0.59,1815,55.59,102.42,33.82,26.77,15.44,12.22,243.30,6.25,0.48,0.40,0.23,1.19,0.57,992,59.88,102.01,34.76,25.45,13.99,10.24,240.00,5.67,0.49,0.43,0.23,1.14,0.54,492,54.88,102.85,30.31,24.23,12.96,10.36,218.90,5.66,0.53,0.51,0.26,1.05,0.51,288,56.25,102.25,29.50,22.36,14.91,11.30,193.60,7.23,53300.00,7.13,26.94,228.40,11.60
2025-11-28,John Collins,PF/C,LAC,MEM,4700,28.83,15.32,11.39,2.42,,,LA Clippers,Memphis Grizzlies,John Collins,18.00,0.19,20.60,36.60,26.10,956.00,10.00,0.17,19.60,35.90,27.60,561.00,5.00,0.15,19.50,35.00,28.30,288.00,3.00,0.14,20.20,34.00,29.80,178.00,0.79,0.56,0.39,1.40,0.69,1766,54.13,0.00,0.00,40.43,0.00,22.76,194.00,10.62,0.71,0.55,0.35,1.30,0.64,986,56.90,0.00,0.00,37.50,0.00,20.47,195.50,10.03,0.69,0.56,0.34,1.24,0.61,488,59.02,0.00,0.00,35.66,0.00,19.87,193.30,10.09,0.68,0.59,0.34,1.14,0.57,288,61.81,0.00,0.00,32.90,0.00,19.54,196.10,10.30,45000.00,10.44,46.82,206.72,33.28
2025-11-28,Kentavious Caldwell-Pope,SG/SF,MEM,LAC,3700,20.14,0.17,11.35,3.07,,,Memphis Grizzlies,LA Clippers,Kentavious Caldwell-Pope,19.00,0.15,16.20,41.90,22.60,923.00,10.00,0.12,13.20,37.70,20.60,433.00,5.00,0.12,11.90,40.50,20.30,209.00,3.00,0.12,8.40,40.00,21.40,129.00,0.72,0.39,0.33,1.85,0.86,1942,47.53,99.31,40.71,37.34,15.74,14.44,218.50,7.41,0.64,0.35,0.30,1.83,0.87,1011,42.83,98.30,36.66,36.86,12.83,12.90,223.20,5.91,0.59,0.29,0.28,2.00,0.97,498,41.97,97.59,39.68,40.18,11.66,11.81,243.10,4.90,0.39,0.21,0.20,1.87,0.93,301,42.86,96.48,38.46,37.64,8.08,7.90,246.40,3.41,49500.00,7.47,14.22,222.77,17.23
2025-11-28,Tyler Kolek,PG,NY,MIL,3700,16.57,0.01,11.33,3.06,,,New York Knicks,Milwaukee Bucks,Tyler Kolek,13.00,0.16,6.60,23.60,8.90,241.00,6.00,0.13,8.30,22.80,9.90,131.00,3.00,0.13,13.40,33.00,16.30,105.00,3.00,0.13,13.40,33.00,16.30,105.00,0.74,0.28,0.36,2.65,1.27,1706,14.13,100.60,18.09,43.94,5.06,12.29,213.80,3.09,0.84,0.36,0.38,2.30,1.04,1006,13.02,99.81,13.57,38.17,4.94,13.89,224.00,3.71,0.82,0.41,0.38,2.02,0.94,501,20.96,99.81,19.72,33.55,8.01,13.62,237.70,5.64,0.82,0.41,0.38,2.02,0.94,293,35.84,98.50,33.28,33.55,13.51,13.62,230.30,5.82,49400.00,7.49,51.16,221.27,18.73
2025-11-28,Kris Dunn,PG/SG,LAC,MEM,4200,27.34,3.00,11.24,2.68,,,LA Clippers,Memphis Grizzlies,Kris Dunn,18.00,0.13,18.20,48.40,25.90,959.00,10.00,0.13,18.60,49.30,27.50,561.00,5.00,0.12,19.30,47.00,26.60,276.00,3.00,0.14,21.20,54.30,27.20,166.00,0.70,0.38,0.34,1.87,0.91,1766,54.30,0.00,0.00,51.09,0.00,19.21,194.00,9.38,0.68,0.38,0.33,1.79,0.88,986,56.90,0.00,0.00,49.01,0.00,18.49,195.50,9.51,0.73,0.41,0.35,1.77,0.85,488,56.56,0.00,0.00,48.31,0.00,19.84,193.30,9.98,0.78,0.39,0.38,2.00,0.98,288,57.64,0.00,0.00,54.58,0.00,21.31,196.10,10.81,45000.00,9.33,46.82,206.72,33.28
2025-11-28,Gary Harris,SG,MIL,NY,3600,17.68,0.05,11.05,3.07,,,Milwaukee Bucks,New York Knicks,Gary Harris,12.00,0.07,8.10,12.50,12.00,293.00,9.00,0.07,9.60,14.50,14.50,266.00,5.00,0.05,9.90,14.30,14.70,150.00,3.00,0.04,12.00,16.00,16.00,98.00,0.67,0.65,0.33,1.04,0.51,1935,15.14,100.60,7.80,18.41,5.05,11.93,232.10,3.49,0.66,0.66,0.32,1.00,0.49,1011,26.31,99.81,12.88,17.68,8.53,11.70,228.00,4.21,0.67,0.69,0.33,0.97,0.48,509,29.47,99.81,14.02,17.19,9.71,11.90,216.50,4.57,0.75,0.75,0.37,1.00,0.49,299,32.78,98.50,15.81,17.68,11.86,13.26,216.60,5.54,52900.00,6.81,9.69,229.54,10.46
2025-11-28,Tyus Jones,PG,ORL,DET,3700,15.33,0.01,10.37,2.80,,,Orlando Magic,Detroit Pistons,Tyus Jones,19.00,0.09,7.90,29.40,13.40,534.00,10.00,0.08,8.90,30.40,13.40,273.00,5.00,0.09,10.70,34.80,15.40,159.00,3.00,0.09,12.50,43.70,18.90,116.00,0.59,0.27,0.28,2.19,1.05,1928,27.70,101.00,29.26,33.64,7.86,9.04,197.50,4.00,0.66,0.29,0.33,2.27,1.11,1005,27.16,100.25,30.32,34.78,8.88,10.18,213.00,4.18,0.69,0.31,0.34,2.26,1.09,511,31.12,101.35,34.51,34.64,10.61,10.65,223.80,4.78,0.66,0.29,0.32,2.31,1.13,302,38.41,100.25,43.52,35.45,12.45,10.14,210.60,5.94,46200.00,8.01,42.67,213.37,26.63
2025-11-28,Adem Bona,C,PHI,BKN,3700,15.99,0.01,9.94,2.69,P,,Philadelphia 76ers,Brooklyn Nets,Adem Bona,12.00,0.07,12.30,12.50,14.80,380.00,5.00,0.08,12.00,11.60,12.10,135.00,5.00,0.08,12.00,11.60,12.10,135.00,0.00,0.00,0.00,0.00,0.00,0.00,0.83,0.98,0.39,0.84,0.39,1728,21.99,98.91,8.59,13.51,8.45,13.29,189.20,6.50,0.99,1.03,0.44,0.96,0.43,1014,13.31,98.28,5.62,15.33,5.82,15.86,193.60,6.20,0.99,1.03,0.44,0.96,0.43,515,26.21,98.20,11.06,15.33,11.44,15.86,195.80,6.13,0.00,0.00,0.00,0.00,0.00,322,0.00,99.20,0.00,0.00,0.00,0.00,189.90,0.00,45400.00,8.15,36.62,215.25,24.75
2025-11-28,Nicolas Batum,SF,LAC,MEM,3700,20.54,0.16,8.31,2.24,,,LA Clippers,Memphis Grizzlies,Nicolas Batum,18.00,0.11,12.60,27.40,18.10,666.00,10.00,0.11,15.30,31.20,20.80,418.00,5.00,0.11,14.20,29.20,19.10,195.00,3.00,0.09,14.00,33.00,22.00,132.00,0.70,0.46,0.34,1.51,0.74,1766,37.71,0.00,0.00,31.09,0.00,14.30,194.00,6.49,0.74,0.49,0.37,1.50,0.75,986,42.39,0.00,0.00,30.81,0.00,15.11,195.50,7.83,0.74,0.49,0.36,1.53,0.75,488,39.96,0.00,0.00,31.40,0.00,15.27,193.30,7.35,0.64,0.42,0.32,1.50,0.75,288,45.83,0.00,0.00,30.81,0.00,13.07,196.10,7.14,45000.00,8.22,46.82,206.72,33.28
2025-11-28,Anthony Davis,C/PF,DAL,LAL,9500,23.06,1.01,7.87,0.83,,,Dallas Mavericks,Los Angeles Lakers,Anthony Davis,5.00,0.28,42.50,66.60,29.90,318.00,5.00,0.28,42.50,66.60,29.90,318.00,0.00,0.00,0.00,0.00,0.00,0.00,0.00,0.00,0.00,0.00,0.00,0.00,1.42,0.64,0.67,2.23,1.05,1982,16.04,101.84,17.11,51.37,10.92,32.78,240.90,17.64,1.42,0.64,0.67,2.23,1.05,1058,30.06,101.57,31.97,51.37,20.40,32.78,256.50,16.57,0.00,0.00,0.00,0.00,0.00,510,0.00,101.80,0.00,0.00,0.00,0.00,194.50,0.00,0.00,0.00,0.00,0.00,0.00,301,0.00,100.92,0.00,0.00,0.00,0.00,197.80,0.00,52900.00,17.96,4.08,219.71,20.29
2025-11-28,Spencer Jones,SF,DEN,SA,3600,23.76,0.06,6.66,1.85,,,Denver Nuggets,San Antonio Spurs,Spencer Jones,13.00,0.07,4.80,7.80,11.40,313.00,9.00,0.06,6.30,9.00,14.80,277.00,5.00,0.05,4.50,7.40,15.40,152.00,3.00,0.06,5.90,10.70,20.10,114.00,0.42,0.62,0.20,0.68,0.32,1721,18.19,100.34,5.91,16.26,3.64,10.00,185.10,2.59,0.43,0.70,0.20,0.61,0.29,996,27.81,100.25,8.15,14.45,5.71,10.11,193.80,3.25,0.29,0.61,0.15,0.48,0.24,501,30.34,100.05,7.39,11.42,4.49,6.94,202.80,2.22,0.29,0.55,0.16,0.53,0.28,288,39.58,98.16,10.94,12.65,6.03,6.97,204.70,2.88,43100.00,8.35,66.58,206.53,33.47
2025-11-28,Jalen Wilson,SF,BKN,PHI,3500,19.43,0.60,5.65,1.61,,,Brooklyn Nets,Philadelphia 76ers,Jalen Wilson,14.00,0.16,7.20,20.00,15.30,434.00,8.00,0.16,5.90,17.10,13.70,223.00,4.00,0.14,3.50,10.80,10.60,84.00,2.00,0.14,5.00,15.50,14.30,57.00,0.47,0.36,0.23,1.31,0.65,1654,26.24,98.91,16.74,25.40,6.03,9.14,166.70,4.32,0.43,0.35,0.21,1.25,0.61,961,23.20,98.28,13.99,24.25,4.83,8.37,175.60,3.36,0.33,0.32,0.17,1.02,0.51,478,17.57,98.20,8.87,19.80,2.88,6.42,180.20,1.94,0.35,0.32,0.18,1.08,0.54,284,20.07,99.20,10.83,21.06,3.49,6.79,177.50,2.82,39600.00,8.84,88.17,227.77,12.23
2025-11-28,Kobe Sanders,SF/SG,LAC,MEM,3900,18.64,0.11,5.38,1.38,,,LA Clippers,Memphis Grizzlies,Kobe Sanders,10.00,0.16,11.60,24.50,20.00,424.00,8.00,0.15,13.30,29.10,24.00,407.00,5.00,0.15,13.10,29.80,26.20,281.00,3.00,0.12,11.50,25.70,24.70,154.00,0.58,0.47,0.27,1.23,0.58,1766,24.01,0.00,0.00,22.83,0.00,10.81,194.00,5.98,0.55,0.46,0.26,1.21,0.57,986,41.28,0.00,0.00,22.60,0.00,10.33,195.50,6.80,0.50,0.44,0.23,1.14,0.53,488,57.58,0.00,0.00,21.20,0.00,9.32,193.30,6.78,0.47,0.45,0.22,1.04,0.50,288,53.47,0.00,0.00,19.39,0.00,8.68,196.10,5.86,45000.00,8.67,46.82,206.72,33.28
2025-11-28,Kobe Brown,SF,LAC,MEM,3500,16.60,0.19,4.64,1.32,,,LA Clippers,Memphis Grizzlies,Kobe Brown,11.00,0.14,5.90,14.50,9.80,213.00,6.00,0.15,6.80,17.30,11.90,143.00,4.00,0.15,6.20,18.00,12.10,100.00,3.00,0.11,3.80,15.30,10.90,69.00,0.60,0.41,0.30,1.48,0.75,1766,12.06,0.00,0.00,24.56,0.00,9.99,194.00,3.04,0.57,0.39,0.29,1.45,0.73,986,14.50,0.00,0.00,24.13,0.00,9.48,195.50,3.48,0.51,0.34,0.25,1.49,0.72,488,20.49,0.00,0.00,24.69,0.00,8.50,193.30,3.21,0.35,0.25,0.17,1.40,0.67,288,23.96,0.00,0.00,23.30,0.00,5.79,196.10,1.94,45000.00,7.78,46.82,206.72,33.28
2025-11-28,Gabe Vincent,SG/PG,LAL,DAL,3700,18.11,0.03,3.60,0.97,,,Los Angeles Lakers,Dallas Mavericks,Gabe Vincent,6.00,0.08,7.50,19.20,21.00,264.00,3.00,0.06,4.20,16.00,18.10,111.00,3.00,0.06,4.20,16.00,18.10,111.00,3.00,0.06,4.20,16.00,18.10,111.00,0.36,0.39,0.17,0.91,0.44,1717,15.38,101.84,6.83,16.56,2.67,6.47,243.40,3.08,0.23,0.26,0.11,0.88,0.43,1004,11.06,101.57,4.86,16.01,1.27,4.20,227.70,1.84,0.23,0.26,0.11,0.88,0.43,506,21.94,101.80,9.66,16.01,2.53,4.20,236.50,1.78,0.23,0.26,0.11,0.88,0.43,306,36.27,100.92,15.83,16.01,4.16,4.20,226.10,1.86,52700.00,7.02,13.67,211.38,28.62
2025-11-28,Dylan Harper,SG/PG,SA,DEN,4400,18.97,0.19,,,,,San Antonio Spurs,Denver Nuggets,Dylan Harper,7.00,0.24,24.00,45.70,22.40,319.00,1.00,0.21,19.60,,16.50,34.00,1.00,0.21,19.60,,16.50,34.00,1.00,0.21,19.60,,16.50,34.00,1.07,0.53,0.53,2.04,1.00,1717,18.58,100.34,18.69,38.69,9.82,20.32,195.70,12.26,1.19,,0.58,,,1010,3.37,100.25,,,,,195.20,10.04,1.19,,0.58,,,501,6.79,100.05,,,,,220.20,8.90,1.19,,0.58,,,301,11.30,98.16,,,,,222.70,8.80,43800.00,10.05,43.39,214.72,25.28
2025-11-28,Kenrich Williams,PF,OKC,PHO,3500,15.78,0.39,,,,,Oklahoma City Thunder,Phoenix Suns,Kenrich Williams,1.00,0.03,6.30,,12.80,27.00,1.00,0.03,6.30,,12.80,27.00,1.00,0.03,6.30,,12.80,27.00,1.00,0.03,6.30,,12.80,27.00,0.49,,0.23,,,1945,1.39,100.20,,,,,235.10,2.68,0.49,,0.23,,,1009,2.68,99.90,,,,,224.50,2.81,0.49,,0.23,,,505,5.35,100.05,,,,,217.20,2.90,0.49,,0.23,,,301,8.97,98.09,,,,,222.20,2.84,56100.00,6.24,10.91,228.31,11.69
