game_date,player,pos,team,opp,salary,proj_mins,ownership,fp_proj,projected_value,status,game_info,team_full_name,opp_full_name,db_player,gp_sl,usg_pct_sl,fp_sl,touches_sl,min_sl,poss_sl,gp_l10,usg_pct_l10,fp_l10,touches_l10,min_l10,poss_l10,gp_l5,usg_pct_l5,fp_l5,touches_l5,min_l5,poss_l5,gp_l3,usg_pct_l3,fp_l3,touches_l3,min_l3,poss_l3,fppm_sl,fppt_sl,fppp_sl,tpm_sl,tpp_sl,team_poss_sl,poss_pct_sl,implied_poss_sl,touches_ip_sl,touches_tpm_sl,fp_proj_it_sl,fp_proj_tpm_sl,team_fp_sl,fp_per_sl,fppm_l10,fppt_l10,fppp_l10,tpm_l10,tpp_l10,team_poss_l10,poss_pct_l10,implied_poss_l10,touches_ip_l10,touches_tpm_l10,fp_proj_it_l10,fp_proj_tpm_l10,team_fp_l10,fp_per_l10,fppm_l5,fppt_l5,fppp_l5,tpm_l5,tpp_l5,team_poss_l5,poss_pct_l5,implied_poss_l5,touches_ip_l5,touches_tpm_l5,fp_proj_it_l5,fp_proj_tpm_l5,team_fp_l5,fp_per_l5,fppm_l3,fppt_l3,fppp_l3,tpm_l3,tpp_l3,team_poss_l3,poss_pct_l3,implied_poss_l3,touches_ip_l3,touches_tpm_l3,fp_proj_it_l3,fp_proj_tpm_l3,team_fp_l3,fp_per_l3,team_salary,salary_share,team_ownership,team_minutes,minutes_avail
2025-11-24,Nikola Jokic,C,DEN,MEM,12800,35.18,15.35,64.00,5.00,,,Denver Nuggets,Memphis Grizzlies,Nikola Jokić,16.00,0.29,65.70,98.70,34.90,1193.00,10.00,0.32,67.80,100.00,34.90,752.00,5.00,0.33,66.20,101.80,37.20,402.00,3.00,0.35,61.90,100.70,36.80,233.00,1.88,0.67,0.88,2.83,1.32,1624,73.46,101.36,98.56,99.50,65.61,66.23,183.60,35.78,1.94,0.68,0.90,2.87,1.33,1005,74.83,100.53,100.03,100.81,67.82,68.35,192.20,35.28,1.78,0.65,0.82,2.74,1.27,507,79.29,99.70,100.09,96.28,65.09,62.61,204.30,32.40,1.68,0.61,0.80,2.74,1.30,298,78.19,98.00,99.35,96.27,61.07,59.18,200.60,30.86,43000.00,29.77,61.05,210.69,29.31
2025-11-24,Alperen Sengun,C,HOU,PHO,10000,35.39,6.33,46.72,4.67,,,Houston Rockets,Phoenix Suns,Alperen Sengun,14.00,0.26,48.60,80.10,36.80,1063.00,10.00,0.26,48.20,80.60,36.40,754.00,5.00,0.26,49.00,75.00,36.60,372.00,3.00,0.30,46.00,79.00,39.60,237.00,1.32,0.61,0.64,2.18,1.05,1404,75.71,99.39,79.38,77.03,48.17,46.74,185.70,26.17,1.32,0.60,0.64,2.21,1.07,996,75.70,99.09,80.19,78.37,47.95,46.86,187.80,25.67,1.34,0.65,0.66,2.05,1.01,496,75.00,99.19,74.99,72.52,49.00,47.38,195.80,25.03,1.16,0.58,0.58,1.99,1.00,296,80.07,98.67,79.00,70.60,46.00,41.11,182.10,25.26,41000.00,24.39,74.80,208.00,32.00
2025-11-24,Donovan Mitchell,SG/PG,CLE,TOR,9400,33.66,13.24,45.93,4.89,,,Cleveland Cavaliers,Toronto Raptors,Donovan Mitchell,16.00,0.31,46.80,77.80,34.00,1183.00,9.00,0.32,48.90,82.00,34.10,661.00,5.00,0.33,46.90,74.40,33.90,362.00,3.00,0.32,44.80,71.00,33.70,214.00,1.38,0.60,0.63,2.29,1.05,1852,63.88,101.90,68.49,77.03,41.20,46.34,191.00,24.50,1.43,0.60,0.67,2.40,1.12,1029,64.24,101.15,72.54,80.95,43.26,48.28,201.30,24.29,1.38,0.63,0.65,2.19,1.03,504,71.83,101.06,74.59,73.88,47.02,46.57,187.10,25.07,1.33,0.63,0.63,2.11,1.00,298,71.81,98.92,70.70,70.92,44.61,44.75,185.90,24.10,46300.00,20.30,57.77,232.51,7.49
2025-11-24,Josh Giddey,PG/SG,CHI,NO,9800,32.01,7.62,45.46,4.64,,,Chicago Bulls,New Orleans Pelicans,Josh Giddey,14.00,0.26,48.30,100.00,34.00,1042.00,8.00,0.25,49.80,103.10,34.30,605.00,5.00,0.23,49.80,102.80,33.80,378.00,3.00,0.21,45.70,95.30,32.20,220.00,1.42,0.48,0.65,2.94,1.34,1691,61.62,102.40,84.78,94.15,40.95,45.47,263.80,18.31,1.45,0.48,0.66,3.01,1.36,1074,56.33,103.16,79.22,96.22,38.27,46.48,259.90,19.16,1.47,0.48,0.66,3.04,1.36,552,68.48,104.49,97.30,97.36,47.13,47.16,247.10,20.15,1.42,0.48,0.62,2.96,1.30,322,68.32,105.50,93.67,94.74,44.92,45.43,228.60,19.99,53100.00,18.46,19.90,226.77,13.23
2025-11-24,Michael Porter,PF/SF,BKN,NY,8300,32.78,7.12,43.49,5.24,,,Brooklyn Nets,New York Knicks,Michael Porter Jr.,15.00,0.28,39.60,61.90,32.90,1024.00,9.00,0.29,42.40,64.90,33.60,617.00,5.00,0.27,46.80,68.80,34.70,353.00,3.00,0.26,43.30,64.00,34.50,209.00,1.20,0.64,0.58,1.88,0.91,1561,65.60,99.36,59.10,61.67,37.81,39.45,197.40,20.06,1.26,0.65,0.62,1.93,0.95,964,64.00,99.15,60.08,63.31,39.25,41.36,212.20,19.98,1.35,0.68,0.66,1.98,0.97,477,74.00,98.85,71.29,64.98,48.49,44.20,219.50,21.32,1.26,0.68,0.62,1.86,0.92,286,73.08,99.09,66.52,60.80,45.01,41.14,214.80,20.16,44000.00,18.86,32.78,227.36,12.64
2025-11-24,Deni Avdija,SF/PF,POR,MIL,9700,33.77,7.50,42.91,4.42,,,Portland Trail Blazers,Milwaukee Bucks,Deni Avdija,17.00,0.28,41.50,84.30,33.70,1242.00,10.00,0.27,44.40,87.70,34.30,742.00,5.00,0.27,42.80,91.80,33.80,358.00,3.00,0.27,44.60,94.70,33.60,217.00,1.23,0.49,0.57,2.50,1.15,1770,70.17,102.25,82.79,84.46,40.76,41.58,180.30,23.02,1.29,0.51,0.60,2.56,1.18,1039,71.41,101.25,85.46,86.33,43.27,43.71,184.90,24.01,1.27,0.47,0.60,2.72,1.28,524,68.32,100.91,88.39,91.71,41.21,42.76,215.40,19.87,1.33,0.47,0.62,2.82,1.31,307,70.68,100.77,93.25,95.17,43.92,44.82,235.50,18.94,44800.00,21.65,52.81,218.14,21.86
2025-11-24,Cade Cunningham,PG,DET,IND,10800,33.03,6.17,42.47,3.93,,,Detroit Pistons,Indiana Pacers,Cade Cunningham,13.00,0.31,51.90,97.50,36.40,1003.00,7.00,0.34,56.70,97.40,37.20,550.00,2.00,0.34,52.90,94.00,33.20,144.00,2.00,0.34,52.90,94.00,33.20,144.00,1.43,0.53,0.67,2.68,1.26,1632,61.46,101.81,79.07,88.47,42.09,47.09,275.50,18.84,1.52,0.58,0.72,2.62,1.24,1022,53.82,101.68,67.83,86.47,39.49,50.34,301.60,18.80,1.59,0.56,0.73,2.83,1.31,508,28.35,102.00,37.75,93.51,21.24,52.62,290.70,18.20,1.59,0.56,0.73,2.83,1.31,304,47.37,101.59,62.83,93.51,35.36,52.62,273.90,19.31,61400.00,17.59,11.72,224.00,16.00
2025-11-24,Karl-Anthony Towns,C/PF,NY,BKN,9100,32.99,13.35,42.24,4.64,,,New York Knicks,Brooklyn Nets,Karl-Anthony Towns,15.00,0.26,44.20,58.20,33.50,1076.00,10.00,0.27,47.00,60.00,33.50,723.00,5.00,0.28,44.10,60.60,35.40,384.00,3.00,0.28,41.00,59.00,34.90,225.00,1.32,0.76,0.62,1.74,0.81,1514,71.07,99.36,57.29,57.31,43.51,43.52,192.40,22.97,1.40,0.78,0.65,1.79,0.83,1017,71.09,99.15,58.50,59.08,45.82,46.28,199.40,23.57,1.25,0.73,0.57,1.71,0.79,512,75.00,98.85,58.50,56.47,42.57,41.09,209.80,21.02,1.17,0.69,0.55,1.69,0.79,309,72.82,99.09,56.76,55.76,39.44,38.75,215.10,19.06,45000.00,20.22,51.19,205.24,34.76
2025-11-24,Scottie Barnes,PF/SF,TOR,CLE,8600,32.67,12.80,41.65,4.84,,,Toronto Raptors,Cleveland Cavaliers,Scottie Barnes,17.00,0.23,43.80,65.60,32.60,1180.00,10.00,0.22,44.40,63.00,32.40,681.00,5.00,0.22,40.60,59.80,32.90,349.00,3.00,0.23,40.90,62.00,33.20,209.00,1.34,0.67,0.63,2.01,0.95,1726,68.37,101.90,65.84,65.73,43.96,43.89,214.80,20.39,1.37,0.70,0.65,1.94,0.93,1004,67.83,101.15,63.47,63.52,44.73,44.76,225.40,19.70,1.23,0.68,0.58,1.82,0.86,507,68.84,101.06,59.60,59.37,40.46,40.31,224.40,18.09,1.23,0.66,0.59,1.87,0.89,298,70.13,98.92,61.74,61.00,40.73,40.24,227.00,18.02,49900.00,17.23,27.73,226.41,13.59
2025-11-24,Anthony Edwards,SG/SF,MIN,SAC,9600,34.19,8.72,41.36,4.31,,,Minnesota Timberwolves,Sacramento Kings,Anthony Edwards,12.00,0.31,41.00,69.60,31.60,814.00,9.00,0.30,43.40,75.80,33.60,652.00,5.00,0.29,44.20,79.60,36.00,389.00,3.00,0.27,40.20,75.30,35.40,225.00,1.30,0.59,0.60,2.20,1.03,1628,50.00,102.03,52.34,75.31,30.83,44.36,216.70,18.92,1.29,0.57,0.60,2.26,1.05,1027,63.49,102.65,68.19,77.13,39.04,44.16,222.00,19.55,1.23,0.56,0.57,2.21,1.02,517,75.24,102.30,78.75,75.60,43.73,41.98,221.10,19.99,1.14,0.53,0.54,2.13,1.00,311,72.35,101.59,73.79,72.73,39.39,38.83,220.80,18.21,46400.00,20.69,27.36,201.91,38.09
2025-11-24,Derik Queen,PF/C,NO,CHI,6800,30.98,17.03,41.33,6.08,,,New Orleans Pelicans,Chicago Bulls,Derik Queen,17.00,0.24,28.80,49.20,24.20,868.00,10.00,0.25,35.30,61.20,28.90,617.00,5.00,0.26,40.30,58.60,29.20,318.00,3.00,0.28,47.00,66.30,31.70,213.00,1.19,0.59,0.56,2.03,0.96,1719,50.49,102.40,49.82,62.99,29.17,36.87,199.50,14.44,1.22,0.58,0.57,2.12,0.99,1013,60.91,103.16,62.32,65.61,35.95,37.85,212.30,16.63,1.38,0.69,0.63,2.01,0.92,515,61.75,104.49,59.45,62.18,40.88,42.76,216.60,18.61,1.48,0.71,0.66,2.09,0.93,311,68.49,105.50,67.47,64.80,47.83,45.94,225.50,20.84,48200.00,14.11,47.55,231.50,8.50
2025-11-24,Devin Booker,PG/SG,PHO,HOU,8800,35.09,7.71,41.23,4.69,,,Phoenix Suns,Houston Rockets,Devin Booker,17.00,0.30,42.40,72.20,35.40,1283.00,10.00,0.30,41.00,70.40,34.80,732.00,5.00,0.30,41.40,67.40,33.70,362.00,3.00,0.28,39.30,67.30,33.80,220.00,1.20,0.59,0.56,2.04,0.96,1724,74.42,99.39,70.76,71.57,41.55,42.03,176.70,24.00,1.18,0.58,0.56,2.02,0.96,996,73.49,99.09,70.04,70.99,40.79,41.35,175.70,23.34,1.23,0.61,0.57,2.00,0.93,506,71.54,99.19,66.06,70.19,40.58,43.11,193.10,21.44,1.16,0.58,0.54,1.99,0.92,306,71.90,98.67,65.10,69.87,38.02,40.80,190.20,20.66,40400.00,21.78,90.58,221.56,18.44
2025-11-24,Lauri Markkanen,PF/SF,UTA,GS,8200,33.10,3.58,41.12,5.01,,,Utah Jazz,Golden State Warriors,Lauri Markkanen,16.00,0.27,43.20,56.50,35.80,1231.00,10.00,0.26,40.90,53.90,35.20,761.00,5.00,0.27,47.40,56.60,36.90,407.00,3.00,0.22,39.00,46.00,34.10,223.00,1.21,0.76,0.56,1.58,0.73,1675,73.49,102.13,55.12,52.24,42.14,39.94,205.20,21.05,1.16,0.76,0.54,1.53,0.71,1054,72.20,102.78,52.56,50.69,39.88,38.46,213.90,19.12,1.28,0.84,0.58,1.53,0.70,546,74.54,103.62,53.71,50.77,44.98,42.52,226.20,20.95,1.14,0.85,0.52,1.35,0.62,313,71.25,103.91,45.81,44.65,38.84,37.86,200.60,19.44,47000.00,17.45,18.77,223.16,16.84
2025-11-24,Julius Randle,PF,MIN,SAC,8900,31.99,2.69,39.76,4.47,,,Minnesota Timberwolves,Sacramento Kings,Julius Randle,16.00,0.27,43.70,65.30,33.20,1135.00,10.00,0.27,43.00,64.50,32.20,700.00,5.00,0.26,40.60,64.80,32.80,359.00,3.00,0.28,35.40,58.70,31.20,201.00,1.32,0.67,0.62,1.97,0.92,1628,69.72,102.03,65.48,62.92,43.82,42.11,216.70,20.17,1.34,0.67,0.61,2.00,0.92,1027,68.16,102.65,64.47,64.08,42.98,42.72,222.00,19.37,1.24,0.63,0.57,1.98,0.90,517,69.44,102.30,64.11,63.20,40.17,39.60,221.10,18.36,1.13,0.60,0.53,1.88,0.88,311,64.63,101.59,57.52,60.18,34.69,36.29,220.80,16.03,46400.00,19.18,27.36,201.91,38.09
2025-11-24,Pascal Siakam,PF/C,IND,DET,8700,34.42,4.25,39.50,4.54,,,Indiana Pacers,Detroit Pistons,Pascal Siakam,15.00,0.28,42.60,76.20,35.10,1135.00,9.00,0.27,40.50,73.00,35.10,680.00,5.00,0.25,39.50,68.40,34.80,372.00,3.00,0.25,42.00,72.30,35.80,228.00,1.21,0.56,0.56,2.17,1.01,1660,68.37,101.81,70.10,74.71,39.19,41.77,202.70,21.02,1.15,0.55,0.54,2.08,0.97,1023,66.47,101.68,65.30,71.58,36.23,39.71,205.20,19.74,1.14,0.58,0.53,1.97,0.92,511,72.80,102.00,68.27,67.64,39.42,39.06,199.30,19.82,1.17,0.58,0.55,2.02,0.95,305,74.75,101.59,72.25,69.50,41.97,40.38,215.10,19.53,44600.00,19.51,10.66,201.12,38.88
2025-11-24,Ryan Rollins,PG/SG,MIL,POR,8000,32.47,20.76,39.09,4.89,,,Milwaukee Bucks,Portland Trail Blazers,Ryan Rollins,17.00,0.24,35.40,71.40,31.70,1124.00,10.00,0.26,36.30,73.30,31.80,655.00,5.00,0.30,38.60,78.20,32.90,340.00,3.00,0.35,46.90,85.00,34.40,215.00,1.12,0.50,0.54,2.25,1.08,1736,64.75,102.25,71.49,73.14,35.45,36.26,170.40,20.77,1.14,0.50,0.55,2.31,1.12,1019,64.28,101.25,72.83,74.85,36.07,37.07,172.00,21.10,1.17,0.49,0.57,2.38,1.15,518,65.64,100.91,76.17,77.18,37.60,38.10,173.00,22.31,1.36,0.55,0.65,2.47,1.19,310,69.35,100.77,82.89,80.23,45.74,44.27,188.80,24.84,41900.00,19.09,52.23,211.04,28.96
2025-11-24,Keyonte George,PG/SG,UTA,GS,7400,32.13,6.17,38.90,5.26,,,Utah Jazz,Golden State Warriors,Keyonte George,16.00,0.27,38.90,86.90,34.50,1172.00,10.00,0.27,38.40,85.40,34.70,743.00,5.00,0.28,43.70,94.20,37.20,402.00,3.00,0.29,43.10,90.30,34.90,227.00,1.13,0.45,0.53,2.52,1.19,1675,69.97,102.13,84.78,80.93,37.95,36.23,205.20,18.96,1.11,0.45,0.52,2.46,1.15,1054,70.49,102.78,83.28,79.08,37.45,35.56,213.90,17.95,1.17,0.46,0.54,2.53,1.17,546,73.63,103.62,89.39,81.37,41.47,37.75,226.20,19.32,1.23,0.48,0.57,2.59,1.19,313,72.52,103.91,89.93,83.14,42.93,39.68,200.60,21.49,47000.00,15.74,18.77,223.16,16.84
2025-11-24,Kel'el Ware,C/PF,MIA,DAL,7000,26.68,3.90,38.82,5.55,,,Miami Heat,Dallas Mavericks,Kel'el Ware,17.00,0.17,31.90,35.00,24.40,933.00,10.00,0.17,39.00,39.50,28.00,627.00,5.00,0.17,40.70,37.60,27.80,314.00,3.00,0.21,38.90,39.00,24.40,172.00,1.31,0.91,0.58,1.43,0.64,1822,51.21,104.64,34.17,38.28,31.15,34.89,195.10,16.35,1.39,0.99,0.62,1.41,0.63,1077,58.22,104.52,38.33,37.64,37.85,37.17,202.60,19.25,1.46,1.08,0.65,1.35,0.60,528,59.47,103.94,37.01,36.09,40.06,39.07,214.00,19.02,1.59,1.00,0.68,1.60,0.68,320,53.75,103.66,37.90,42.65,37.80,42.54,223.00,17.44,44600.00,15.70,37.93,205.27,34.73
2025-11-24,Jamal Murray,PG/SG,DEN,MEM,8500,34.22,13.77,38.78,4.56,,,Denver Nuggets,Memphis Grizzlies,Jamal Murray,15.00,0.25,40.70,75.90,35.00,1103.00,9.00,0.24,41.00,83.30,36.00,680.00,5.00,0.25,43.30,88.00,38.00,401.00,3.00,0.22,38.10,88.00,37.60,234.00,1.16,0.54,0.55,2.17,1.03,1624,67.92,101.36,71.06,74.21,38.10,39.79,183.60,22.17,1.14,0.49,0.54,2.31,1.10,1005,67.66,100.53,74.99,79.18,36.91,38.97,192.20,21.33,1.14,0.49,0.54,2.32,1.10,507,79.09,99.70,86.52,79.25,42.57,38.99,204.30,21.19,1.01,0.43,0.49,2.34,1.13,298,78.52,98.00,86.82,80.09,37.59,34.67,200.60,18.99,43000.00,19.77,61.05,210.69,29.31
2025-11-24,Trey Murphy,SF/SG,NO,CHI,7600,34.17,5.35,38.41,5.05,,,New Orleans Pelicans,Chicago Bulls,Trey Murphy III,17.00,0.21,36.00,62.10,35.30,1279.00,10.00,0.23,39.60,64.00,35.40,759.00,5.00,0.22,37.10,58.80,33.30,361.00,3.00,0.22,39.10,62.30,34.00,224.00,1.02,0.58,0.48,1.76,0.83,1719,74.40,102.40,62.89,60.12,36.46,34.85,199.50,18.05,1.12,0.62,0.52,1.81,0.84,1013,74.93,103.16,65.18,61.78,40.33,38.23,212.30,18.65,1.11,0.63,0.51,1.77,0.81,515,70.10,104.49,59.65,60.34,37.64,38.07,216.60,17.13,1.15,0.63,0.52,1.83,0.83,311,72.03,105.50,63.40,62.62,39.79,39.30,225.50,17.34,48200.00,15.77,47.55,231.50,8.50
2025-11-24,Jalen Duren,C,DET,IND,8100,28.81,3.49,38.33,4.73,,,Detroit Pistons,Indiana Pacers,Jalen Duren,14.00,0.23,41.10,49.60,28.80,852.00,8.00,0.23,45.00,55.90,32.60,548.00,3.00,0.27,42.80,52.70,28.30,181.00,3.00,0.27,42.80,52.70,28.30,181.00,1.43,0.83,0.68,1.72,0.82,1632,52.21,101.81,43.32,49.62,35.90,41.12,275.50,14.92,1.38,0.81,0.66,1.71,0.82,1022,53.62,101.68,44.49,49.41,35.82,39.77,301.60,14.92,1.51,0.81,0.71,1.86,0.87,508,35.63,102.00,31.74,53.66,25.78,43.58,290.70,14.72,1.51,0.81,0.71,1.86,0.87,304,59.54,101.59,52.83,53.66,42.91,43.58,273.90,15.63,61400.00,13.19,11.72,224.00,16.00
2025-11-24,Donovan Clingan,C,POR,MIL,6500,26.23,2.00,38.14,5.87,,,Portland Trail Blazers,Milwaukee Bucks,Donovan Clingan,17.00,0.14,30.40,33.80,25.30,936.00,10.00,0.16,32.40,34.00,25.90,553.00,5.00,0.17,41.10,39.80,26.40,282.00,3.00,0.18,42.60,38.70,26.80,173.00,1.20,0.90,0.55,1.34,0.61,1770,52.88,102.25,33.19,35.04,29.85,31.52,180.30,16.86,1.25,0.95,0.59,1.31,0.61,1039,53.22,101.25,33.13,34.43,31.57,32.81,184.90,17.52,1.56,1.03,0.73,1.51,0.71,524,53.82,100.91,38.32,39.54,39.57,40.84,215.40,19.08,1.59,1.10,0.74,1.44,0.67,307,56.35,100.77,38.11,37.88,41.95,41.70,235.50,18.09,44800.00,14.51,52.81,218.14,21.86
2025-11-24,Mikal Bridges,SG/SF,NY,BKN,7800,34.09,0.16,38.06,4.88,,,New York Knicks,Brooklyn Nets,Mikal Bridges,15.00,0.16,37.60,64.70,35.30,1122.00,10.00,0.16,37.00,62.80,34.60,731.00,5.00,0.17,40.20,68.40,36.60,391.00,3.00,0.17,43.30,64.70,37.60,243.00,1.07,0.58,0.50,1.83,0.86,1514,74.11,99.36,63.69,62.49,37.01,36.31,192.40,19.54,1.07,0.59,0.51,1.82,0.86,1017,71.88,99.15,61.23,61.88,36.07,36.46,199.40,18.56,1.10,0.59,0.51,1.87,0.87,512,76.37,98.85,66.03,63.71,38.81,37.45,209.80,19.16,1.15,0.67,0.53,1.72,0.80,309,78.64,99.09,62.24,58.66,41.66,39.26,215.10,20.13,45000.00,17.33,51.19,205.24,34.76
2025-11-24,Evan Mobley,PF/C,CLE,TOR,8800,33.70,15.90,38.02,4.32,,,Cleveland Cavaliers,Toronto Raptors,Evan Mobley,17.00,0.23,41.10,72.40,34.40,1246.00,9.00,0.22,38.40,68.70,34.60,658.00,5.00,0.23,39.50,68.20,35.20,376.00,3.00,0.22,39.50,67.30,35.00,222.00,1.19,0.57,0.56,2.10,0.99,1852,67.28,101.90,67.72,70.93,38.44,40.26,191.00,21.52,1.11,0.56,0.53,1.99,0.94,1029,63.95,101.15,60.78,66.91,33.97,37.40,201.30,19.08,1.12,0.58,0.53,1.94,0.91,504,74.60,101.06,68.38,65.29,39.60,37.82,187.10,21.11,1.13,0.59,0.53,1.92,0.91,298,74.50,98.92,67.02,64.80,39.34,38.03,185.90,21.25,46300.00,19.01,57.77,232.51,7.49
2025-11-24,Jimmy Butler,SF/PF,GS,UTA,8200,30.79,17.10,37.92,4.62,,,Golden State Warriors,Utah Jazz,Jimmy Butler III,16.00,0.22,38.60,65.00,31.40,1066.00,8.00,0.22,42.10,69.30,31.80,547.00,4.00,0.24,44.10,74.50,34.50,293.00,2.00,0.27,49.80,75.00,36.10,154.00,1.23,0.59,0.58,2.07,0.98,1836,58.06,102.13,57.85,63.74,34.35,37.85,191.50,20.16,1.32,0.61,0.62,2.18,1.01,1021,53.57,102.78,55.81,67.10,33.90,40.76,203.20,20.72,1.28,0.59,0.60,2.16,1.02,509,57.56,103.62,60.67,66.49,35.91,39.36,199.10,22.15,1.38,0.66,0.65,2.08,0.97,309,49.84,103.91,50.44,63.97,33.49,42.48,208.90,23.84,48000.00,17.08,68.67,217.31,22.69
2025-11-24,Stephen Curry,PG,GS,UTA,8700,30.44,17.02,37.50,4.31,,,Golden State Warriors,Utah Jazz,Stephen Curry,14.00,0.33,41.50,64.20,31.10,943.00,6.00,0.34,42.10,65.00,30.90,402.00,4.00,0.33,43.50,70.00,33.00,282.00,2.00,0.36,49.30,71.50,33.90,147.00,1.33,0.65,0.62,2.06,0.95,1836,51.36,102.13,50.00,62.83,32.32,40.61,191.50,21.67,1.36,0.65,0.63,2.10,0.97,1021,39.37,102.78,39.26,64.02,25.43,41.47,203.20,20.72,1.32,0.62,0.62,2.12,0.99,509,55.40,103.62,57.00,64.56,35.42,40.12,199.10,21.85,1.45,0.69,0.67,2.11,0.97,309,47.57,103.91,48.09,64.19,33.16,44.26,208.90,23.60,48000.00,18.12,68.67,217.31,22.69
2025-11-24,Jalen Brunson,PG,NY,BKN,9200,33.17,5.38,36.61,3.98,,,New York Knicks,Brooklyn Nets,Jalen Brunson,13.00,0.31,42.70,95.30,34.20,940.00,8.00,0.30,41.50,92.60,33.90,567.00,3.00,0.31,45.60,95.30,36.20,226.00,2.00,0.29,47.60,94.00,35.80,151.00,1.25,0.45,0.59,2.79,1.32,1514,62.09,99.36,81.31,92.44,36.43,41.42,192.40,22.19,1.22,0.45,0.59,2.73,1.31,1017,55.75,99.15,72.22,90.61,32.37,40.61,199.40,20.81,1.26,0.48,0.61,2.63,1.27,512,44.14,98.85,55.20,87.33,26.41,41.79,209.80,21.73,1.33,0.51,0.63,2.63,1.25,309,48.87,99.09,60.29,87.10,30.53,44.11,215.10,22.13,45000.00,20.44,51.19,205.24,34.76
2025-11-24,Nic Claxton,C,BKN,NY,6700,29.50,9.15,36.41,5.43,P,,Brooklyn Nets,New York Knicks,Nic Claxton,16.00,0.19,35.10,51.70,29.90,978.00,10.00,0.19,39.00,54.70,31.20,630.00,5.00,0.19,37.20,57.80,32.00,322.00,3.00,0.20,36.50,56.00,32.00,193.00,1.17,0.68,0.57,1.73,0.85,1561,62.65,99.36,52.65,51.00,35.75,34.63,197.40,17.78,1.25,0.71,0.62,1.75,0.87,964,65.35,99.15,56.26,51.72,40.11,36.87,212.20,18.38,1.16,0.64,0.58,1.81,0.90,477,67.51,98.85,59.89,53.28,38.55,34.29,219.50,16.95,1.14,0.65,0.57,1.75,0.87,286,67.48,99.09,58.21,51.62,37.94,33.65,214.80,16.99,44000.00,15.23,32.78,227.36,12.64
2025-11-24,Brandon Ingram,SF/PF,TOR,CLE,7900,32.50,5.49,36.05,4.56,,,Toronto Raptors,Cleveland Cavaliers,Brandon Ingram,17.00,0.26,36.10,52.60,33.20,1192.00,10.00,0.25,36.00,52.50,33.50,700.00,5.00,0.27,37.40,52.80,32.80,348.00,3.00,0.26,34.40,53.00,32.30,199.00,1.09,0.69,0.51,1.58,0.75,1726,69.06,101.90,52.79,51.49,36.23,35.34,214.80,16.81,1.07,0.69,0.51,1.57,0.75,1004,69.72,101.15,52.89,50.93,36.27,34.93,225.40,15.97,1.14,0.71,0.54,1.61,0.76,507,68.64,101.06,52.62,52.32,37.27,37.06,224.40,16.67,1.07,0.65,0.52,1.64,0.80,298,66.78,98.92,52.78,53.33,34.26,34.61,227.00,15.15,49900.00,15.83,27.73,226.41,13.59
2025-11-24,Amen Thompson,SG/PG,HOU,PHO,8100,36.42,19.96,35.79,4.42,,,Houston Rockets,Phoenix Suns,Amen Thompson,14.00,0.20,36.10,76.10,36.40,1045.00,10.00,0.20,38.60,80.40,37.60,775.00,5.00,0.18,36.60,78.00,38.00,386.00,3.00,0.18,36.10,78.70,40.90,243.00,0.99,0.47,0.48,2.09,1.02,1404,74.43,99.39,75.42,76.14,35.78,36.12,185.70,19.44,1.03,0.48,0.50,2.14,1.04,996,77.81,99.09,79.99,77.87,38.40,37.39,187.80,20.55,0.96,0.47,0.47,2.05,1.01,496,77.82,99.19,77.99,74.75,36.60,35.08,195.80,18.69,0.88,0.46,0.45,1.92,0.97,296,82.09,98.67,78.70,70.08,36.10,32.14,182.10,19.82,41000.00,19.76,74.80,208.00,32.00
2025-11-24,Russell Westbrook,PG,SAC,MIN,7600,28.25,2.61,35.79,4.71,,,Sacramento Kings,Minnesota Timberwolves,Russell Westbrook,17.00,0.23,32.80,62.80,28.20,1044.00,10.00,0.24,34.30,67.40,28.60,624.00,5.00,0.23,36.70,69.60,29.10,313.00,3.00,0.23,35.80,66.70,26.60,166.00,1.16,0.52,0.53,2.23,1.02,1739,60.03,102.03,62.64,62.91,32.72,32.86,195.10,16.81,1.20,0.51,0.55,2.36,1.08,1026,60.82,102.65,67.43,66.57,34.32,33.88,184.40,18.60,1.26,0.53,0.59,2.39,1.11,505,61.98,102.30,70.50,67.57,37.17,35.63,190.40,19.28,1.35,0.54,0.65,2.51,1.21,299,55.52,101.59,67.99,70.84,36.49,38.02,190.10,18.83,43400.00,17.51,14.34,216.06,23.94
2025-11-24,Immanuel Quickley,PG/SG,TOR,CLE,7200,32.60,5.28,34.61,4.81,,,Toronto Raptors,Cleveland Cavaliers,Immanuel Quickley,17.00,0.20,33.10,71.40,31.60,1137.00,10.00,0.20,35.80,72.80,32.00,673.00,5.00,0.17,33.30,70.80,31.90,336.00,3.00,0.17,35.40,71.70,33.00,205.00,1.05,0.46,0.49,2.26,1.07,1726,65.87,101.90,71.66,73.65,33.22,34.14,214.80,15.41,1.12,0.49,0.53,2.27,1.08,1004,67.03,101.15,73.34,74.15,36.07,36.47,225.40,15.88,1.04,0.47,0.50,2.22,1.05,507,66.27,101.06,70.56,72.34,33.19,34.03,224.40,14.84,1.07,0.49,0.52,2.17,1.05,298,68.79,98.92,71.40,70.82,35.25,34.97,227.00,15.59,49900.00,14.43,27.73,226.41,13.59
2025-11-24,Nikola Vucevic,C,CHI,NO,7300,30.27,2.58,34.09,4.67,Q,,Chicago Bulls,New Orleans Pelicans,Nikola Vučević,16.00,0.21,34.90,70.70,30.60,1063.00,10.00,0.22,30.90,69.00,29.70,646.00,5.00,0.23,35.70,71.40,30.30,328.00,3.00,0.26,33.80,67.30,27.00,180.00,1.14,0.49,0.53,2.31,1.06,1691,62.86,102.40,68.50,69.93,33.81,34.52,263.80,13.23,1.04,0.45,0.48,2.32,1.07,1074,60.15,103.16,66.28,70.32,29.68,31.49,259.90,11.89,1.18,0.50,0.54,2.36,1.09,552,59.42,104.49,67.58,71.32,33.79,35.66,247.10,14.45,1.25,0.50,0.56,2.49,1.12,322,55.90,105.50,66.15,75.44,33.22,37.89,228.60,14.79,53100.00,13.75,19.90,226.77,13.23
2025-11-24,Bam Adebayo,C/PF,MIA,DAL,8400,32.27,11.62,33.98,4.04,,,Miami Heat,Dallas Mavericks,Bam Adebayo,11.00,0.25,36.80,49.50,30.30,736.00,4.00,0.23,30.50,43.00,24.70,213.00,3.00,0.22,39.60,52.30,30.30,194.00,3.00,0.22,39.60,52.30,30.30,194.00,1.21,0.74,0.55,1.63,0.74,1822,40.40,104.64,31.27,52.72,23.25,39.20,195.10,18.86,1.23,0.71,0.57,1.74,0.81,1077,19.78,104.52,16.69,56.18,11.84,39.85,202.60,15.05,1.31,0.76,0.61,1.73,0.81,528,36.74,103.94,30.89,55.70,23.39,42.18,214.00,18.50,1.31,0.76,0.61,1.73,0.81,320,60.62,103.66,50.83,55.70,38.48,42.18,223.00,17.76,44600.00,18.83,37.93,205.27,34.73
2025-11-24,P.J. Washington,PF/SF,DAL,MIA,6700,32.52,15.39,33.25,4.96,,,Dallas Mavericks,Miami Heat,P.J. Washington,17.00,0.22,31.80,56.80,31.30,1145.00,9.00,0.23,30.10,51.40,28.40,545.00,5.00,0.23,33.30,62.00,33.20,351.00,3.00,0.22,37.00,65.70,34.30,213.00,1.02,0.56,0.47,1.81,0.84,1880,60.90,104.64,53.74,59.01,30.09,33.04,198.80,16.00,1.06,0.59,0.50,1.81,0.85,1056,51.61,104.52,45.79,58.85,26.81,34.46,210.20,14.32,1.00,0.54,0.47,1.87,0.88,520,67.50,103.94,61.96,60.73,33.28,32.62,211.70,15.73,1.08,0.56,0.52,1.92,0.93,300,71.00,103.66,68.10,62.29,38.35,35.08,232.30,15.93,43800.00,15.30,42.93,210.81,29.19
2025-11-24,Dillon Brooks,SF/SG,PHO,HOU,6000,33.21,15.34,32.52,5.42,,,Phoenix Suns,Houston Rockets,Dillon Brooks,11.00,0.27,32.70,49.70,30.70,714.00,8.00,0.27,32.00,47.50,30.70,519.00,5.00,0.28,34.90,52.60,32.30,343.00,3.00,0.26,30.50,51.30,32.70,210.00,1.07,0.66,0.50,1.62,0.77,1724,41.42,99.39,31.52,53.76,20.74,35.37,176.70,18.51,1.04,0.67,0.49,1.55,0.73,996,52.11,99.09,37.81,51.38,25.47,34.61,175.70,18.21,1.08,0.66,0.51,1.63,0.77,506,67.79,99.19,51.56,54.08,34.21,35.88,193.10,18.07,0.93,0.59,0.44,1.57,0.73,306,68.63,98.67,49.63,52.10,29.50,30.97,190.20,16.04,40400.00,14.85,90.58,221.56,18.44
2025-11-24,Naz Reid,C/PF,MIN,SAC,5900,24.34,1.79,32.38,5.49,,,Minnesota Timberwolves,Sacramento Kings,Naz Reid,16.00,0.21,27.50,49.20,24.50,842.00,10.00,0.20,29.90,48.70,25.50,548.00,5.00,0.23,35.90,50.80,26.60,287.00,3.00,0.24,35.10,50.00,25.60,172.00,1.12,0.56,0.52,2.01,0.93,1628,51.72,102.03,49.34,48.89,27.58,27.33,216.70,12.69,1.17,0.61,0.55,1.91,0.89,1027,53.36,102.65,48.68,46.49,29.89,28.55,222.00,13.47,1.35,0.71,0.63,1.91,0.89,517,55.51,102.30,50.26,46.49,35.52,32.86,221.10,16.24,1.37,0.70,0.61,1.95,0.87,311,55.31,101.59,49.00,47.55,34.40,33.38,220.80,15.90,46400.00,12.72,27.36,201.91,38.09
2025-11-24,Josh Hart,SF/PF,NY,BKN,6800,32.29,9.03,32.27,4.75,,,New York Knicks,Brooklyn Nets,Josh Hart,14.00,0.16,25.80,53.90,26.10,776.00,10.00,0.17,29.90,57.50,27.60,592.00,5.00,0.18,31.20,65.20,28.90,312.00,3.00,0.18,32.00,63.30,31.00,201.00,0.99,0.48,0.47,2.07,0.97,1514,51.25,99.36,49.52,66.67,23.70,31.91,192.40,13.41,1.08,0.52,0.51,2.08,0.97,1017,58.21,99.15,56.06,67.26,29.15,34.98,199.40,14.99,1.08,0.48,0.50,2.26,1.04,512,60.94,98.85,62.94,72.84,30.12,34.86,209.80,14.87,1.03,0.51,0.48,2.04,0.94,309,65.05,99.09,60.90,65.93,30.79,33.33,215.10,14.88,45000.00,15.11,51.19,205.24,34.76
2025-11-24,Cooper Flagg,PG/SG/SF,DAL,MIA,6900,32.40,11.75,32.24,4.67,,,Dallas Mavericks,Miami Heat,Cooper Flagg,17.00,0.21,32.40,60.70,33.60,1230.00,9.00,0.22,34.90,60.00,34.10,657.00,4.00,0.23,35.30,59.80,32.40,274.00,2.00,0.27,37.90,63.00,32.90,139.00,0.96,0.53,0.45,1.81,0.84,1880,65.43,104.64,57.44,58.52,30.66,31.24,198.80,16.30,1.02,0.58,0.48,1.76,0.82,1056,62.22,104.52,53.45,57.00,31.09,33.16,210.20,16.60,1.09,0.59,0.52,1.85,0.87,520,52.69,103.94,47.81,59.79,28.22,35.29,211.70,16.67,1.15,0.60,0.55,1.91,0.91,300,46.33,103.66,43.54,62.03,26.19,37.32,232.30,16.32,43800.00,15.75,42.93,210.81,29.19
2025-11-24,Santi Aldama,PF/C,MEM,DEN,6500,24.20,0.15,32.04,4.93,,,Memphis Grizzlies,Denver Nuggets,Santi Aldama,17.00,0.20,29.80,48.00,26.30,969.00,10.00,0.20,31.00,48.90,27.40,592.00,5.00,0.21,35.50,53.20,27.40,284.00,3.00,0.22,37.10,57.30,29.40,179.00,1.13,0.62,0.52,1.83,0.84,1734,55.88,101.36,47.70,44.17,29.61,27.42,227.50,13.10,1.13,0.63,0.52,1.78,0.83,1006,58.85,100.53,48.87,43.19,30.98,27.38,226.80,13.67,1.30,0.67,0.62,1.94,0.94,492,57.72,99.70,53.90,46.99,35.97,31.36,231.70,15.32,1.26,0.65,0.62,1.95,0.96,290,61.72,98.00,58.09,47.17,37.61,30.54,250.20,14.83,50700.00,12.82,20.87,237.43,2.57
2025-11-24,Jabari Smith,PF/SF,HOU,PHO,5600,34.53,13.58,31.18,5.57,,,Houston Rockets,Phoenix Suns,Jabari Smith Jr.,13.00,0.18,29.30,46.70,33.10,879.00,9.00,0.18,29.10,46.20,31.90,593.00,5.00,0.19,32.30,49.80,33.50,339.00,3.00,0.18,31.70,53.30,37.00,220.00,0.89,0.63,0.43,1.41,0.69,1404,62.61,99.39,42.98,48.72,26.96,30.57,185.70,15.78,0.91,0.63,0.44,1.45,0.70,996,59.54,99.09,41.37,50.01,26.06,31.50,187.80,15.50,0.96,0.65,0.48,1.49,0.73,496,68.35,99.19,49.79,51.33,32.30,33.30,195.80,16.50,0.86,0.59,0.43,1.44,0.73,296,74.32,98.67,53.30,49.75,31.70,29.59,182.10,17.41,41000.00,13.66,74.80,208.00,32.00
2025-11-24,Jordan Goodwin,SG,PHO,HOU,4600,29.75,32.13,31.10,6.76,,,Phoenix Suns,Houston Rockets,Jordan Goodwin,14.00,0.17,20.00,33.60,19.10,565.00,10.00,0.16,23.00,37.20,22.00,458.00,5.00,0.17,30.70,43.80,25.60,272.00,3.00,0.18,31.70,49.00,28.00,172.00,1.05,0.60,0.50,1.76,0.83,1724,32.77,99.39,27.12,52.33,16.14,31.15,176.70,11.32,1.05,0.62,0.50,1.69,0.81,996,45.98,99.09,37.01,50.30,22.88,31.10,175.70,13.09,1.20,0.70,0.56,1.71,0.81,506,53.75,99.19,42.93,50.90,30.09,35.68,193.10,15.90,1.13,0.65,0.55,1.75,0.85,306,56.21,98.67,47.40,52.06,30.67,33.68,190.20,16.67,40400.00,11.39,90.58,221.56,18.44
2025-11-24,Andrew Nembhard,PG/SG,IND,DET,6900,31.55,1.25,31.01,4.49,,,Indiana Pacers,Detroit Pistons,Andrew Nembhard,9.00,0.26,30.10,84.20,29.60,573.00,8.00,0.26,32.70,88.00,31.20,535.00,5.00,0.26,32.60,88.80,31.50,335.00,3.00,0.26,31.40,93.00,32.80,204.00,1.02,0.36,0.47,2.84,1.32,1660,34.52,101.81,46.48,89.73,16.61,32.08,202.70,14.85,1.05,0.37,0.49,2.82,1.32,1023,52.30,101.68,69.97,88.97,26.00,33.06,205.20,15.94,1.03,0.37,0.49,2.82,1.33,511,65.56,102.00,88.63,88.93,32.54,32.65,199.30,16.36,0.96,0.34,0.46,2.84,1.37,305,66.89,101.59,92.93,89.44,31.38,30.20,215.10,14.60,44600.00,15.47,10.66,201.12,38.88
2025-11-24,Bennedict Mathurin,SG/SF,IND,DET,7300,33.45,4.27,30.97,4.24,,,Indiana Pacers,Detroit Pistons,Bennedict Mathurin,5.00,0.27,38.10,65.80,33.90,357.00,3.00,0.27,36.50,61.70,32.20,201.00,3.00,0.27,36.50,61.70,32.20,201.00,3.00,0.27,36.50,61.70,32.20,201.00,1.12,0.58,0.53,1.94,0.92,1660,21.51,101.81,20.18,64.92,11.68,37.59,202.70,18.80,1.13,0.59,0.54,1.92,0.92,1023,19.65,101.68,18.40,64.09,10.88,37.91,205.20,17.79,1.13,0.59,0.54,1.92,0.92,511,39.33,102.00,36.95,64.09,21.86,37.91,199.30,18.31,1.13,0.59,0.54,1.92,0.92,305,65.90,101.59,61.65,64.09,36.47,37.91,215.10,16.97,44600.00,16.37,10.66,201.12,38.88
2025-11-24,Reed Sheppard,PG/SG,HOU,PHO,5300,27.74,26.74,30.42,5.74,,,Houston Rockets,Phoenix Suns,Reed Sheppard,14.00,0.19,25.70,45.90,23.90,702.00,10.00,0.18,27.00,45.90,24.50,508.00,5.00,0.19,32.00,51.40,27.80,286.00,3.00,0.18,30.60,51.00,29.50,181.00,1.08,0.56,0.51,1.92,0.92,1404,50.00,99.39,45.49,53.27,25.47,29.83,185.70,13.84,1.10,0.59,0.53,1.87,0.90,996,51.00,99.09,45.66,51.97,26.86,30.57,187.80,14.38,1.15,0.62,0.56,1.85,0.90,496,57.66,99.19,51.39,51.29,32.00,31.93,195.80,16.34,1.04,0.60,0.51,1.73,0.85,296,61.15,98.67,51.00,47.95,30.60,28.77,182.10,16.80,41000.00,12.93,74.80,208.00,32.00
2025-11-24,Rudy Gobert,C,MIN,SAC,6200,31.06,5.73,30.22,4.87,,,Minnesota Timberwolves,Sacramento Kings,Rudy Gobert,16.00,0.12,30.10,42.20,31.80,1072.00,10.00,0.13,31.00,43.50,31.50,659.00,5.00,0.14,29.20,48.20,31.50,334.00,3.00,0.14,34.20,55.30,33.30,212.00,0.95,0.71,0.45,1.33,0.63,1628,65.85,102.03,42.32,41.22,30.18,29.40,216.70,13.89,0.98,0.71,0.47,1.38,0.66,1027,64.17,102.65,43.48,42.89,30.98,30.57,222.00,13.96,0.93,0.61,0.44,1.53,0.72,517,64.60,102.30,47.69,47.52,28.89,28.79,221.10,13.21,1.03,0.62,0.48,1.66,0.78,311,68.17,101.59,54.19,51.58,33.51,31.90,220.80,15.49,46400.00,13.36,27.36,201.91,38.09
2025-11-24,Jusuf Nurkic,C,UTA,GS,6100,26.62,5.03,30.08,4.93,,,Utah Jazz,Golden State Warriors,Jusuf Nurkić,16.00,0.17,28.10,52.30,24.70,880.00,10.00,0.15,31.60,58.00,28.70,630.00,5.00,0.14,34.20,59.00,29.60,330.00,3.00,0.15,28.20,55.30,27.30,181.00,1.14,0.54,0.51,2.12,0.95,1675,52.54,102.13,51.02,56.36,27.41,30.28,205.20,13.69,1.10,0.54,0.50,2.02,0.92,1054,59.77,102.78,56.56,53.79,30.81,29.31,213.90,14.77,1.16,0.58,0.52,1.99,0.89,546,60.44,103.62,55.99,53.06,32.45,30.76,226.20,15.12,1.03,0.51,0.47,2.03,0.92,313,57.83,103.91,55.08,53.92,28.09,27.50,200.60,14.06,47000.00,12.98,18.77,223.16,16.84
2025-11-24,Zach Edey,C,MEM,DEN,6300,26.54,0.23,29.90,4.75,,,Memphis Grizzlies,Denver Nuggets,Zach Edey,4.00,0.17,33.00,31.80,25.30,218.00,4.00,0.17,33.00,31.80,25.30,218.00,4.00,0.17,33.00,31.80,25.30,218.00,3.00,0.16,33.20,32.30,25.50,163.00,1.30,1.04,0.61,1.26,0.58,1734,12.57,101.36,7.44,33.36,7.72,34.62,227.50,14.51,1.30,1.04,0.61,1.26,0.58,1006,21.67,100.53,12.71,33.36,13.19,34.62,226.80,14.55,1.30,1.04,0.61,1.26,0.58,492,44.31,99.70,25.78,33.36,26.75,34.62,231.70,14.24,1.30,1.03,0.61,1.27,0.59,290,56.21,98.00,32.75,33.62,33.66,34.56,250.20,13.27,50700.00,12.43,20.87,237.43,2.57
2025-11-24,Vince Williams,SG/PG,MEM,DEN,6100,25.58,0.28,29.64,4.86,,,Memphis Grizzlies,Denver Nuggets,Vince Williams Jr.,12.00,0.20,22.50,51.80,20.90,537.00,10.00,0.19,23.00,53.90,21.30,454.00,5.00,0.21,29.80,70.60,25.80,270.00,3.00,0.20,35.60,71.70,25.90,161.00,1.08,0.43,0.50,2.48,1.16,1734,30.97,101.36,36.34,63.40,15.78,27.54,227.50,9.89,1.08,0.43,0.51,2.53,1.19,1006,45.13,100.53,53.86,64.73,22.98,27.62,226.80,10.14,1.16,0.42,0.55,2.74,1.31,492,54.88,99.70,71.53,70.00,30.19,29.55,231.70,12.86,1.37,0.50,0.66,2.77,1.34,290,55.52,98.00,72.69,70.82,36.09,35.16,250.20,14.23,50700.00,12.03,20.87,237.43,2.57
2025-11-24,Jaime Jaquez,SF,MIA,DAL,6700,27.92,18.81,29.36,4.38,,,Miami Heat,Dallas Mavericks,Jaime Jaquez Jr.,17.00,0.21,33.40,74.50,30.30,1155.00,10.00,0.22,34.10,80.60,30.90,694.00,5.00,0.21,30.20,84.00,31.60,356.00,3.00,0.19,30.80,73.30,30.40,210.00,1.10,0.45,0.49,2.46,1.10,1822,63.39,104.64,72.74,68.65,32.61,30.78,195.10,17.12,1.10,0.42,0.49,2.61,1.16,1077,64.44,104.52,78.22,72.83,33.09,30.81,202.60,16.83,0.96,0.36,0.42,2.66,1.18,528,67.42,103.94,82.68,74.22,29.73,26.68,214.00,14.11,1.01,0.42,0.44,2.41,1.05,320,65.62,103.66,71.23,67.32,29.93,28.29,223.00,13.81,44600.00,15.02,37.93,205.27,34.73
2025-11-24,DeMar DeRozan,SF/PF,SAC,MIN,6500,30.90,2.01,29.06,4.47,,,Sacramento Kings,Minnesota Timberwolves,DeMar DeRozan,17.00,0.20,30.20,40.60,32.70,1192.00,10.00,0.20,27.20,36.70,29.80,632.00,5.00,0.17,29.10,36.40,30.80,325.00,3.00,0.20,27.30,33.30,27.00,168.00,0.92,0.74,0.43,1.24,0.58,1739,68.55,102.03,40.50,38.36,30.12,28.54,195.10,15.48,0.91,0.74,0.43,1.23,0.58,1026,61.60,102.65,36.72,38.05,27.21,28.20,184.40,14.75,0.94,0.80,0.45,1.18,0.56,505,64.36,102.30,36.87,36.52,29.47,29.19,190.40,15.28,1.01,0.82,0.49,1.23,0.59,299,56.19,101.59,33.94,38.11,27.83,31.24,190.10,14.36,43400.00,14.98,14.34,216.06,23.94
2025-11-24,Jeremiah Fears,PG,NO,CHI,5400,29.51,13.67,29.03,5.38,,,New Orleans Pelicans,Chicago Bulls,Jeremiah Fears,17.00,0.25,26.50,61.50,26.90,965.00,10.00,0.26,28.50,65.30,28.10,604.00,5.00,0.25,27.30,61.60,27.80,307.00,3.00,0.22,29.80,60.30,29.50,194.00,0.99,0.43,0.47,2.29,1.08,1719,56.14,102.40,62.28,67.47,26.84,29.07,199.50,13.28,1.01,0.44,0.47,2.32,1.08,1013,59.62,103.16,66.50,68.58,29.02,29.93,212.30,13.42,0.98,0.44,0.44,2.22,1.00,515,59.61,104.49,62.49,65.39,27.69,28.98,216.60,12.60,1.01,0.49,0.46,2.04,0.93,311,62.38,105.50,61.37,60.32,30.33,29.81,225.50,13.22,48200.00,11.20,47.55,231.50,8.50
2025-11-24,Coby White,SG/PG,CHI,NO,7100,30.30,5.52,29.03,4.09,,,Chicago Bulls,New Orleans Pelicans,Coby White,3.00,0.29,37.40,65.30,29.70,197.00,3.00,0.29,37.40,65.30,29.70,197.00,3.00,0.29,37.40,65.30,29.70,197.00,2.00,0.29,34.20,60.50,29.40,130.00,1.26,0.57,0.57,2.20,0.99,1691,11.65,102.40,11.86,66.62,6.79,38.15,263.80,14.18,1.26,0.57,0.57,2.20,0.99,1074,18.34,103.16,18.82,66.62,10.78,38.15,259.90,14.39,1.26,0.57,0.57,2.20,0.99,552,35.69,104.49,37.08,66.62,21.24,38.15,247.10,15.14,1.16,0.57,0.53,2.06,0.93,322,40.37,105.50,39.64,62.35,22.41,35.25,228.60,14.96,53100.00,13.37,19.90,226.77,13.23
2025-11-24,Collin Gillespie,PG,PHO,HOU,5700,26.79,17.39,28.33,4.97,,,Phoenix Suns,Houston Rockets,Collin Gillespie,17.00,0.18,26.70,54.70,25.30,900.00,10.00,0.18,25.30,53.00,25.40,527.00,5.00,0.19,30.60,61.00,29.60,315.00,3.00,0.19,33.20,61.70,30.80,197.00,1.06,0.49,0.50,2.16,1.03,1724,52.20,99.39,53.61,57.92,26.17,28.27,176.70,15.11,1.00,0.48,0.48,2.09,1.01,996,52.91,99.09,52.73,55.89,25.17,26.68,175.70,14.40,1.03,0.50,0.49,2.06,0.97,506,62.25,99.19,59.79,55.20,29.99,27.69,193.10,15.85,1.08,0.54,0.51,2.00,0.94,306,64.38,98.67,59.69,53.66,32.12,28.87,190.20,17.46,40400.00,14.11,90.58,221.56,18.44
2025-11-24,Davion Mitchell,PG,MIA,DAL,5600,29.82,1.48,28.29,5.05,,,Miami Heat,Dallas Mavericks,Davion Mitchell,17.00,0.14,27.50,71.20,30.00,1128.00,10.00,0.14,28.60,72.60,30.60,677.00,5.00,0.14,28.20,71.40,28.90,317.00,3.00,0.13,26.90,62.30,26.30,174.00,0.92,0.39,0.41,2.37,1.07,1822,61.91,104.64,69.51,70.76,26.85,27.33,195.10,14.10,0.93,0.39,0.42,2.37,1.07,1077,62.86,104.52,70.46,70.74,27.76,27.87,202.60,14.12,0.98,0.39,0.44,2.47,1.13,528,60.04,103.94,70.28,73.66,27.76,29.09,214.00,13.18,1.02,0.43,0.46,2.37,1.07,320,54.37,103.66,60.54,70.63,26.14,30.50,223.00,12.06,44600.00,12.56,37.93,205.27,34.73
2025-11-24,Jerami Grant,PF/SF,POR,MIL,6200,32.60,11.31,28.24,4.56,,,Portland Trail Blazers,Milwaukee Bucks,Jerami Grant,16.00,0.22,28.10,47.40,28.40,991.00,9.00,0.21,25.90,48.60,28.20,554.00,4.00,0.22,30.80,58.00,32.80,285.00,3.00,0.21,29.70,56.00,30.70,203.00,0.99,0.59,0.45,1.67,0.77,1770,55.99,102.25,43.81,54.41,25.97,32.25,180.30,15.59,0.92,0.53,0.42,1.72,0.79,1039,53.32,101.25,42.62,56.18,22.72,29.94,184.90,14.01,0.94,0.53,0.43,1.77,0.81,524,54.39,100.91,44.68,57.64,23.73,30.61,215.40,14.30,0.97,0.53,0.44,1.82,0.83,307,66.12,100.77,55.14,59.46,29.25,31.54,235.50,12.61,44800.00,13.84,52.81,218.14,21.86
2025-11-24,Myles Turner,C,MIL,POR,6400,31.07,11.01,28.14,4.40,,,Milwaukee Bucks,Portland Trail Blazers,Myles Turner,17.00,0.17,29.90,35.60,29.90,1076.00,10.00,0.18,31.50,35.50,30.40,634.00,5.00,0.14,26.00,33.60,31.90,334.00,3.00,0.16,30.20,36.30,31.90,203.00,1.00,0.84,0.47,1.19,0.56,1736,61.98,102.25,35.65,36.99,29.94,31.07,170.40,17.55,1.04,0.89,0.50,1.17,0.56,1019,62.22,101.25,35.27,36.28,31.30,32.19,172.00,18.31,0.82,0.77,0.39,1.05,0.50,518,64.48,100.91,32.73,32.72,25.32,25.32,173.00,15.03,0.95,0.83,0.45,1.14,0.54,310,65.48,100.77,35.40,35.35,29.45,29.41,188.80,16.00,41900.00,15.27,52.23,211.04,28.96
2025-11-24,Peyton Watson,PF,DEN,MEM,4900,31.57,20.57,27.95,5.70,,,Denver Nuggets,Memphis Grizzlies,Peyton Watson,16.00,0.14,21.60,38.30,25.20,852.00,10.00,0.15,24.30,43.90,28.00,591.00,5.00,0.16,29.00,54.20,34.20,366.00,3.00,0.18,33.40,61.70,34.20,219.00,0.86,0.56,0.41,1.52,0.72,1624,52.46,101.36,38.25,47.98,21.57,27.06,183.60,11.76,0.87,0.55,0.41,1.57,0.74,1005,58.81,100.53,43.91,49.50,24.31,27.40,192.20,12.64,0.85,0.54,0.40,1.58,0.74,507,72.19,99.70,53.29,50.03,28.51,26.77,204.30,14.19,0.98,0.54,0.46,1.80,0.85,298,73.49,98.00,60.87,56.96,32.95,30.83,200.60,16.65,43000.00,11.40,61.05,210.69,29.31
2025-11-24,Jaden McDaniels,SF/PF,MIN,SAC,6400,30.82,0.98,27.85,4.35,,,Minnesota Timberwolves,Sacramento Kings,Jaden McDaniels,15.00,0.20,31.60,49.70,31.70,1004.00,9.00,0.19,32.10,49.30,30.80,586.00,4.00,0.17,29.80,50.30,31.90,270.00,2.00,0.15,32.30,50.00,31.90,138.00,1.00,0.64,0.47,1.57,0.74,1628,61.67,102.03,46.72,48.32,29.71,30.72,216.70,14.58,1.04,0.65,0.49,1.60,0.76,1027,57.06,102.65,44.35,49.33,28.88,32.12,222.00,14.46,0.93,0.59,0.44,1.58,0.75,517,52.22,102.30,39.81,48.60,23.59,28.79,221.10,13.48,1.01,0.65,0.47,1.57,0.72,311,44.37,101.59,32.67,48.31,21.10,31.21,220.80,14.63,46400.00,13.79,27.36,201.91,38.09
2025-11-24,Matas Buzelis,PF/SF,CHI,NO,5700,26.62,1.27,27.55,4.83,,,Chicago Bulls,New Orleans Pelicans,Matas Buzelis,16.00,0.20,27.10,46.50,27.80,978.00,10.00,0.20,27.80,46.90,27.10,599.00,5.00,0.20,27.70,43.80,25.80,280.00,3.00,0.20,25.70,41.30,22.20,147.00,0.97,0.58,0.44,1.67,0.76,1691,57.84,102.40,45.05,44.53,26.26,25.95,263.80,10.27,1.03,0.59,0.46,1.73,0.78,1074,55.77,103.16,45.05,46.07,26.70,27.31,259.90,10.70,1.07,0.63,0.49,1.70,0.78,552,50.72,104.49,41.46,45.19,26.22,28.58,247.10,11.21,1.16,0.62,0.52,1.86,0.84,322,45.65,105.50,40.59,49.52,25.26,30.82,228.60,11.24,53100.00,10.73,19.90,226.77,13.23
2025-11-24,Brandon Williams,PG,DAL,MIA,5600,25.90,9.07,26.66,4.76,Q,,Dallas Mavericks,Miami Heat,Brandon Williams,16.00,0.24,23.30,50.60,22.00,757.00,10.00,0.24,28.70,60.20,26.80,568.00,5.00,0.25,27.30,60.00,27.10,279.00,3.00,0.26,26.30,61.30,26.90,161.00,1.06,0.46,0.49,2.30,1.07,1880,40.27,104.64,45.06,59.57,20.75,27.43,198.80,11.72,1.07,0.48,0.51,2.25,1.06,1056,53.79,104.52,59.58,58.18,28.41,27.74,210.20,13.65,1.01,0.46,0.49,2.21,1.08,520,53.65,103.94,59.97,57.35,27.28,26.09,211.70,12.90,0.98,0.43,0.49,2.28,1.14,300,53.67,103.66,63.54,59.02,27.26,25.32,232.30,11.32,43800.00,12.79,42.93,210.81,29.19
2025-11-24,Jakob Poeltl,C,TOR,CLE,6200,28.09,1.74,26.60,4.29,,,Toronto Raptors,Cleveland Cavaliers,Jakob Poeltl,12.00,0.15,25.50,38.60,25.50,657.00,8.00,0.15,30.10,41.60,26.70,451.00,4.00,0.16,29.40,45.30,27.40,234.00,2.00,0.13,27.00,44.50,26.00,109.00,1.00,0.66,0.47,1.51,0.71,1726,38.06,101.90,27.35,42.52,18.07,28.09,214.80,11.87,1.13,0.72,0.53,1.56,0.74,1004,44.92,101.15,33.53,43.77,24.26,31.67,225.40,13.35,1.07,0.65,0.50,1.65,0.77,507,46.15,101.06,36.12,46.44,23.44,30.14,224.40,13.10,1.04,0.61,0.50,1.71,0.82,298,36.58,98.92,29.54,48.08,17.93,29.17,227.00,11.89,49900.00,12.42,27.73,226.41,13.59
2025-11-24,Donte DiVincenzo,SG/PG,MIN,SAC,5500,30.03,7.35,26.46,4.81,,,Minnesota Timberwolves,Sacramento Kings,Donte DiVincenzo,16.00,0.17,27.20,54.90,30.80,1044.00,10.00,0.16,28.10,54.50,31.10,656.00,5.00,0.15,26.80,59.60,31.70,339.00,3.00,0.14,27.30,64.30,31.30,201.00,0.88,0.50,0.42,1.78,0.84,1628,64.13,102.03,55.05,53.53,27.27,26.52,216.70,12.55,0.90,0.52,0.43,1.75,0.83,1027,63.88,102.65,54.47,52.62,28.09,27.13,222.00,12.66,0.85,0.45,0.40,1.88,0.88,517,65.57,102.30,58.97,56.46,26.51,25.39,221.10,12.12,0.87,0.42,0.41,2.05,0.96,311,64.63,101.59,63.01,61.69,26.75,26.19,220.80,12.36,46400.00,11.85,27.36,201.91,38.09
2025-11-24,Noah Clowney,PF,BKN,NY,4500,29.92,7.20,26.41,5.87,,,Brooklyn Nets,New York Knicks,Noah Clowney,16.00,0.19,20.20,36.40,26.40,871.00,10.00,0.21,26.00,41.80,30.30,622.00,5.00,0.20,26.40,38.20,30.80,314.00,3.00,0.21,28.80,39.70,32.30,202.00,0.77,0.55,0.37,1.38,0.67,1561,55.80,99.36,37.07,41.25,20.57,22.89,197.40,10.23,0.86,0.62,0.42,1.38,0.67,964,64.52,99.15,42.99,41.27,26.74,25.67,212.20,12.25,0.86,0.69,0.42,1.24,0.61,477,65.83,98.85,39.58,37.11,27.35,25.64,219.50,12.03,0.89,0.73,0.43,1.23,0.59,286,70.63,99.09,41.26,36.77,29.93,26.68,214.80,13.41,44000.00,10.23,32.78,227.36,12.64
2025-11-24,Kyle Kuzma,SF/PF,MIL,POR,5700,27.68,0.83,25.99,4.56,,,Milwaukee Bucks,Portland Trail Blazers,Kyle Kuzma,16.00,0.21,24.20,41.30,26.00,887.00,10.00,0.21,25.80,44.00,28.20,597.00,5.00,0.24,27.00,45.80,27.20,284.00,3.00,0.24,24.40,45.00,26.00,162.00,0.93,0.59,0.44,1.59,0.74,1736,51.09,102.25,38.92,43.97,22.81,25.77,170.40,14.20,0.91,0.59,0.43,1.56,0.74,1019,58.59,101.25,43.72,43.19,25.64,25.33,172.00,15.00,0.99,0.59,0.48,1.68,0.81,518,54.83,100.91,44.61,46.61,26.30,27.48,173.00,15.61,0.94,0.54,0.45,1.73,0.83,310,52.26,100.77,43.88,47.91,23.79,25.98,188.80,12.92,41900.00,13.60,52.23,211.04,28.96
2025-11-24,Cedric Coward,SG/SF,MEM,DEN,5800,26.73,3.52,25.42,4.38,,,Memphis Grizzlies,Denver Nuggets,Cedric Coward,17.00,0.20,27.70,50.90,26.40,983.00,10.00,0.20,27.20,56.10,27.20,591.00,5.00,0.23,23.50,54.20,25.10,266.00,3.00,0.24,24.10,50.30,25.20,160.00,1.05,0.54,0.48,1.93,0.88,1734,56.69,101.36,50.58,51.54,27.53,28.05,227.50,12.18,1.00,0.48,0.46,2.06,0.95,1006,58.75,100.53,56.06,55.13,27.18,26.73,226.80,11.99,0.94,0.43,0.44,2.16,1.02,492,54.07,99.70,54.92,57.72,23.81,25.03,231.70,10.14,0.96,0.48,0.45,2.00,0.94,290,55.17,98.00,50.99,53.36,24.43,25.56,250.20,9.63,50700.00,11.44,20.87,237.43,2.57
2025-11-24,Dennis Schroder,PG/SG,SAC,MIN,5500,23.13,0.12,25.09,4.56,,,Sacramento Kings,Minnesota Timberwolves,Dennis Schröder,17.00,0.21,27.20,70.80,29.50,1070.00,10.00,0.21,23.60,63.40,27.10,582.00,5.00,0.24,29.80,60.20,27.80,299.00,3.00,0.28,25.70,55.30,25.10,161.00,0.92,0.38,0.43,2.40,1.12,1739,61.53,102.03,70.62,55.51,27.13,21.33,195.10,13.94,0.87,0.37,0.41,2.34,1.09,1026,56.73,102.65,63.43,54.11,23.61,20.14,184.40,12.80,1.07,0.50,0.50,2.17,1.01,505,59.21,102.30,60.97,50.09,30.18,24.79,190.40,15.65,1.02,0.46,0.48,2.20,1.03,299,53.85,101.59,56.37,50.96,26.20,23.68,190.10,13.52,43400.00,12.67,14.34,216.06,23.94
2025-11-24,Daniel Gafford,C,DAL,MIA,5700,24.97,1.40,25.09,4.40,,,Dallas Mavericks,Miami Heat,Daniel Gafford,12.00,0.15,25.80,28.90,23.60,601.00,9.00,0.15,24.80,30.00,24.10,459.00,4.00,0.13,29.60,33.80,27.00,227.00,3.00,0.12,25.40,32.30,25.60,163.00,1.09,0.89,0.52,1.22,0.58,1880,31.97,104.64,19.30,30.57,17.23,27.29,198.80,12.98,1.03,0.83,0.49,1.24,0.59,1056,43.47,104.52,26.72,31.08,22.09,25.69,210.20,11.80,1.10,0.88,0.52,1.25,0.60,520,43.65,103.94,27.02,31.26,23.67,27.37,211.70,13.98,0.99,0.79,0.47,1.26,0.59,300,54.33,103.66,33.48,31.50,26.33,24.77,232.30,10.93,43800.00,13.01,42.93,210.81,29.19
2025-11-24,Pelle Larsson,SG,MIA,DAL,5100,27.25,0.94,24.82,4.87,,,Miami Heat,Dallas Mavericks,Pelle Larsson,17.00,0.17,19.80,35.90,23.00,872.00,10.00,0.17,22.90,42.50,26.80,603.00,5.00,0.19,25.70,44.80,27.30,299.00,3.00,0.18,27.60,49.30,28.80,190.00,0.86,0.55,0.39,1.56,0.70,1822,47.86,104.64,35.05,42.54,19.33,23.46,195.10,10.15,0.85,0.54,0.38,1.59,0.70,1077,55.99,104.52,41.25,43.22,22.22,23.29,202.60,11.30,0.94,0.57,0.43,1.64,0.75,528,56.63,103.94,44.10,44.72,25.30,25.66,214.00,12.01,0.96,0.56,0.44,1.71,0.78,320,59.38,103.66,47.91,46.65,26.82,26.12,223.00,12.38,44600.00,11.43,37.93,205.27,34.73
2025-11-24,Toumani Camara,SF/PF,POR,MIL,5800,33.41,10.80,24.77,4.27,,,Portland Trail Blazers,Milwaukee Bucks,Toumani Camara,17.00,0.16,25.20,58.40,34.10,1247.00,10.00,0.15,23.70,61.40,35.30,758.00,5.00,0.15,24.80,62.00,34.10,368.00,3.00,0.14,27.90,60.70,32.60,210.00,0.74,0.43,0.34,1.71,0.80,1770,70.45,102.25,57.35,57.23,24.75,24.69,180.30,13.98,0.67,0.39,0.31,1.74,0.81,1039,72.95,101.25,59.83,58.12,23.10,22.43,184.90,12.82,0.73,0.40,0.34,1.82,0.84,524,70.23,100.91,59.70,60.75,23.88,24.30,215.40,11.51,0.86,0.46,0.40,1.86,0.87,307,68.40,100.77,59.77,62.22,27.47,28.60,235.50,11.85,44800.00,12.95,52.81,218.14,21.86
2025-11-24,Bobby Portis,PF/C,MIL,POR,5700,26.82,11.03,24.50,4.30,,,Milwaukee Bucks,Portland Trail Blazers,Bobby Portis,17.00,0.20,19.50,39.20,21.50,773.00,10.00,0.17,21.30,40.40,23.10,487.00,5.00,0.20,22.50,42.40,23.40,242.00,3.00,0.19,27.40,51.30,26.50,165.00,0.91,0.50,0.43,1.82,0.86,1736,44.53,102.25,39.25,48.89,19.53,24.32,170.40,11.44,0.92,0.53,0.44,1.75,0.83,1019,47.79,101.25,40.14,46.90,21.16,24.73,172.00,12.38,0.96,0.53,0.46,1.81,0.88,518,46.72,100.91,41.30,48.59,21.92,25.78,173.00,13.01,1.03,0.53,0.50,1.94,0.93,310,53.23,100.77,50.03,51.91,26.72,27.73,188.80,14.51,41900.00,13.60,52.23,211.04,28.96
2025-11-24,Zach LaVine,SF/SG,SAC,MIN,6400,32.30,2.17,24.49,3.83,,,Sacramento Kings,Minnesota Timberwolves,Zach LaVine,15.00,0.23,28.90,59.00,33.60,1073.00,8.00,0.21,24.30,51.40,30.70,523.00,5.00,0.23,24.50,46.80,30.60,329.00,3.00,0.24,22.70,47.30,30.70,193.00,0.86,0.49,0.40,1.76,0.82,1739,61.70,102.03,51.92,56.72,25.43,27.78,195.10,14.81,0.79,0.47,0.37,1.67,0.79,1026,50.97,102.65,41.14,54.08,19.45,25.57,184.40,13.18,0.80,0.52,0.37,1.53,0.71,505,65.15,102.30,47.40,49.40,24.82,25.86,190.40,12.87,0.74,0.48,0.35,1.54,0.74,299,64.55,101.59,48.21,49.77,23.14,23.88,190.10,11.94,43400.00,14.75,14.34,216.06,23.94
2025-11-24,Oso Ighodaro,PF/C,PHO,HOU,3700,24.35,2.42,24.22,6.55,,,Phoenix Suns,Houston Rockets,Oso Ighodaro,17.00,0.14,13.30,23.60,15.70,563.00,10.00,0.12,15.00,21.40,14.50,301.00,5.00,0.15,20.30,24.80,15.60,163.00,3.00,0.14,19.00,24.30,15.50,98.00,0.85,0.56,0.40,1.50,0.71,1724,32.66,99.39,23.13,36.61,13.03,20.63,176.70,7.53,1.03,0.70,0.50,1.48,0.71,996,30.22,99.09,21.29,35.94,14.92,25.19,175.70,8.54,1.30,0.82,0.62,1.59,0.76,506,32.21,99.19,24.31,38.72,19.90,31.69,193.10,10.51,1.23,0.78,0.58,1.57,0.74,306,32.03,98.67,23.51,38.18,18.38,29.85,190.20,9.99,40400.00,9.16,90.58,221.56,18.44
2025-11-24,Jalen Smith,C,CHI,NO,4300,17.50,0.16,24.20,5.63,,,Chicago Bulls,New Orleans Pelicans,Jalen Smith,16.00,0.22,21.40,34.00,16.50,585.00,10.00,0.22,24.20,38.00,17.70,398.00,5.00,0.21,26.10,37.80,17.90,208.00,3.00,0.21,24.30,37.30,18.30,125.00,1.30,0.63,0.59,2.06,0.93,1691,34.59,102.40,32.94,36.07,20.73,22.70,263.80,8.11,1.37,0.64,0.61,2.15,0.95,1074,37.06,103.16,36.50,37.58,23.24,23.93,259.90,9.31,1.46,0.69,0.63,2.11,0.91,552,37.68,104.49,35.78,36.96,24.70,25.52,247.10,10.56,1.33,0.65,0.58,2.04,0.90,322,38.82,105.50,36.66,35.68,23.88,23.24,228.60,10.63,53100.00,8.10,19.90,226.77,13.23
2025-11-24,Duncan Robinson,SG/SF,DET,IND,4700,26.65,0.08,24.17,5.14,,,Detroit Pistons,Indiana Pacers,Duncan Robinson,16.00,0.13,22.30,37.90,31.90,1079.00,10.00,0.14,24.30,39.60,32.00,670.00,5.00,0.16,28.10,40.40,30.60,321.00,3.00,0.14,25.70,38.70,31.00,196.00,0.70,0.59,0.33,1.19,0.56,1632,66.12,101.81,37.83,31.67,22.26,18.63,275.50,8.09,0.76,0.61,0.36,1.24,0.59,1022,65.56,101.68,39.40,32.98,24.18,20.24,301.60,8.06,0.92,0.70,0.44,1.32,0.63,508,63.19,102.00,40.56,35.19,28.21,24.48,290.70,9.67,0.83,0.66,0.39,1.25,0.59,304,64.47,101.59,38.80,33.28,25.77,22.10,273.90,9.38,61400.00,7.65,11.72,224.00,16.00
2025-11-24,Naji Marshall,SF/PF,DAL,MIA,5100,24.17,1.51,23.85,4.68,,,Dallas Mavericks,Miami Heat,Naji Marshall,18.00,0.17,23.80,38.40,26.70,1050.00,10.00,0.19,29.20,45.50,29.20,634.00,5.00,0.18,24.10,45.60,27.50,297.00,3.00,0.18,26.80,51.70,29.00,185.00,0.89,0.62,0.41,1.44,0.66,1880,55.85,104.64,38.47,34.76,23.84,21.55,198.80,11.97,1.00,0.64,0.46,1.56,0.72,1056,60.04,104.52,45.03,37.67,28.90,24.17,210.20,13.89,0.88,0.53,0.41,1.66,0.77,520,57.12,103.94,45.57,40.08,24.09,21.18,211.70,11.38,0.92,0.52,0.43,1.78,0.84,300,61.67,103.66,53.59,43.09,27.78,22.34,232.30,11.54,43800.00,11.64,42.93,210.81,29.19
2025-11-24,Ayo Dosunmu,SG,CHI,NO,4800,27.08,2.28,23.80,4.96,,,Chicago Bulls,New Orleans Pelicans,Ayo Dosunmu,14.00,0.20,24.40,50.30,26.10,798.00,9.00,0.20,24.30,52.00,26.00,519.00,5.00,0.19,25.20,53.20,27.30,305.00,3.00,0.18,23.70,51.30,28.30,192.00,0.93,0.49,0.43,1.93,0.88,1691,47.19,102.40,42.64,52.20,20.69,25.32,263.80,9.25,0.93,0.47,0.42,2.00,0.90,1074,48.32,103.16,44.95,54.17,21.01,25.31,259.90,9.35,0.92,0.47,0.41,1.95,0.87,552,55.25,104.49,50.35,52.78,23.85,25.00,247.10,10.20,0.84,0.46,0.37,1.81,0.80,322,59.63,105.50,50.42,49.10,23.30,22.68,228.60,10.37,53100.00,9.04,19.90,226.77,13.23
2025-11-24,Tyrese Martin,SG/SF,BKN,NY,3900,22.29,0.20,23.75,6.09,,,Brooklyn Nets,New York Knicks,Tyrese Martin,16.00,0.18,17.60,42.10,21.10,692.00,10.00,0.20,19.70,45.40,21.90,449.00,5.00,0.23,24.80,47.40,22.40,228.00,3.00,0.27,24.70,45.00,20.70,125.00,0.83,0.42,0.41,2.00,0.97,1561,44.33,99.36,42.88,44.47,17.92,18.59,197.40,8.92,0.90,0.43,0.44,2.07,1.01,964,46.58,99.15,46.70,46.20,20.26,20.05,212.20,9.28,1.11,0.52,0.54,2.12,1.04,477,47.80,98.85,49.11,47.16,25.70,24.67,219.50,11.30,1.19,0.55,0.59,2.17,1.08,286,43.71,99.09,46.77,48.45,25.67,26.59,214.80,11.50,44000.00,8.86,32.78,227.36,12.64
2025-11-24,Zion Williamson,PF,NO,CHI,8400,26.03,9.56,23.64,2.81,,,New Orleans Pelicans,Chicago Bulls,Zion Williamson,7.00,0.29,39.10,62.40,30.90,467.00,2.00,0.22,34.20,45.50,29.30,130.00,2.00,0.22,34.20,45.50,29.30,130.00,2.00,0.22,34.20,45.50,29.30,130.00,1.27,0.63,0.59,2.02,0.94,1719,27.17,102.40,26.02,52.56,16.30,32.94,199.50,19.60,1.17,0.75,0.53,1.55,0.70,1013,12.83,103.16,9.27,40.42,6.97,30.38,212.30,16.11,1.17,0.75,0.53,1.55,0.70,515,25.24,104.49,18.46,40.42,13.88,30.38,216.60,15.79,1.17,0.75,0.53,1.55,0.70,311,41.80,105.50,30.87,40.42,23.20,30.38,225.50,15.17,48200.00,17.43,47.55,231.50,8.50
2025-11-24,Saddiq Bey,SF/PF,NO,CHI,4900,28.07,0.64,23.61,4.82,,,New Orleans Pelicans,Chicago Bulls,Saddiq Bey,16.00,0.18,22.40,37.40,26.40,899.00,9.00,0.19,26.50,42.80,28.20,540.00,4.00,0.18,21.80,33.30,23.50,209.00,3.00,0.18,20.70,32.00,21.70,146.00,0.85,0.60,0.40,1.42,0.67,1719,52.30,102.40,35.65,39.77,21.35,23.82,199.50,11.23,0.94,0.62,0.44,1.52,0.71,1013,53.31,103.16,39.23,42.61,24.29,26.38,212.30,12.48,0.93,0.65,0.42,1.42,0.64,515,40.58,104.49,27.03,39.78,17.69,26.04,216.60,10.06,0.95,0.65,0.43,1.47,0.66,311,46.95,105.50,32.57,41.40,21.07,26.78,225.50,9.18,48200.00,10.17,47.55,231.50,8.50
2025-11-24,Cameron Johnson,SF/PF,DEN,MEM,5000,33.60,9.11,23.50,4.70,,,Denver Nuggets,Memphis Grizzlies,Cameron Johnson,15.00,0.14,17.80,33.50,27.20,858.00,9.00,0.14,19.20,34.00,27.20,515.00,4.00,0.15,27.00,45.80,34.70,291.00,3.00,0.15,26.50,45.30,34.00,213.00,0.65,0.53,0.31,1.23,0.59,1624,52.83,101.36,31.36,41.38,16.66,21.99,183.60,9.69,0.71,0.56,0.34,1.25,0.59,1005,51.24,100.53,30.61,42.00,17.29,23.72,192.20,9.99,0.78,0.59,0.37,1.32,0.63,507,57.40,99.70,36.03,44.34,21.24,26.14,204.30,13.22,0.78,0.58,0.37,1.33,0.64,298,71.48,98.00,44.69,44.76,26.14,26.19,200.60,13.21,43000.00,11.63,61.05,210.69,29.31
2025-11-24,Isaiah Jackson,C,IND,DET,4700,21.89,0.19,23.22,4.94,,,Indiana Pacers,Detroit Pistons,Isaiah Jackson,16.00,0.16,19.60,24.60,18.90,654.00,10.00,0.15,23.70,27.90,20.80,452.00,5.00,0.12,20.00,25.40,19.20,206.00,3.00,0.13,24.90,25.00,20.30,128.00,1.04,0.80,0.48,1.30,0.60,1660,39.40,101.81,24.14,28.49,19.23,22.70,202.70,9.67,1.14,0.85,0.52,1.34,0.62,1023,44.18,101.68,27.73,29.36,23.56,24.94,205.20,11.55,1.04,0.79,0.49,1.32,0.62,511,40.31,102.00,25.35,28.96,19.96,22.80,199.30,10.04,1.23,1.00,0.58,1.23,0.59,305,41.97,101.59,24.98,26.96,24.88,26.85,215.10,11.58,44600.00,10.54,10.66,201.12,38.88
2025-11-24,Jaren Jackson,PF/C,MEM,DEN,6900,29.31,13.13,23.15,3.36,Q,,Memphis Grizzlies,Denver Nuggets,Jaren Jackson Jr.,15.00,0.24,29.50,44.50,29.00,933.00,8.00,0.25,29.30,44.00,29.60,506.00,3.00,0.32,28.70,50.00,29.70,188.00,1.00,0.26,26.70,51.00,33.20,71.00,1.02,0.66,0.47,1.53,0.72,1734,53.81,101.36,39.02,44.98,25.87,29.82,227.50,12.97,0.99,0.67,0.46,1.49,0.70,1006,50.30,100.53,35.18,43.57,23.42,29.01,226.80,12.92,0.97,0.57,0.46,1.68,0.80,492,38.21,99.70,30.40,49.34,17.45,28.32,231.70,12.39,0.80,0.52,0.38,1.54,0.72,290,24.48,98.00,17.23,45.03,9.02,23.57,250.20,10.67,50700.00,13.61,20.87,237.43,2.57
2025-11-24,Ace Bailey,SG/SF,UTA,GS,4700,25.22,2.72,22.59,4.81,,,Utah Jazz,Golden State Warriors,Ace Bailey,16.00,0.18,17.30,23.00,21.10,730.00,10.00,0.19,21.00,26.00,23.30,505.00,5.00,0.19,22.80,26.00,23.60,260.00,3.00,0.18,23.40,28.30,25.30,164.00,0.82,0.75,0.38,1.09,0.50,1675,43.58,102.13,22.44,27.49,16.88,20.68,205.20,8.43,0.90,0.81,0.42,1.12,0.51,1054,47.91,102.78,25.35,28.14,20.48,22.73,213.90,9.82,0.97,0.88,0.44,1.10,0.50,546,47.62,103.62,24.67,27.78,21.63,24.36,226.20,10.08,0.92,0.83,0.43,1.12,0.52,313,52.40,103.91,28.19,28.21,23.31,23.32,200.60,11.67,47000.00,10.00,18.77,223.16,16.84
2025-11-24,Jordan Clarkson,SG/PG,NY,BKN,4000,29.30,18.23,22.55,5.64,,,New York Knicks,Brooklyn Nets,Jordan Clarkson,15.00,0.21,16.40,27.10,19.10,605.00,10.00,0.20,19.30,29.90,21.40,458.00,5.00,0.19,21.20,35.20,24.80,269.00,3.00,0.17,20.60,36.30,26.70,174.00,0.86,0.61,0.41,1.42,0.67,1514,39.96,99.36,26.68,41.58,16.14,25.16,192.40,8.52,0.90,0.65,0.42,1.40,0.65,1017,45.03,99.15,29.15,40.94,18.82,26.43,199.40,9.68,0.85,0.60,0.39,1.42,0.65,512,52.54,98.85,33.98,41.59,20.47,25.05,209.80,10.10,0.77,0.57,0.36,1.36,0.63,309,56.31,99.09,34.92,39.84,19.82,22.61,215.10,9.58,45000.00,8.89,51.19,205.24,34.76
2025-11-24,Brandin Podziemski,SG/PG,GS,UTA,5600,24.07,9.87,22.44,4.01,,,Golden State Warriors,Utah Jazz,Brandin Podziemski,18.00,0.18,25.50,59.50,28.70,1100.00,10.00,0.18,25.20,61.70,28.30,612.00,5.00,0.19,24.50,65.20,29.30,310.00,3.00,0.21,24.80,62.70,30.30,196.00,0.89,0.43,0.42,2.07,0.97,1836,59.91,102.13,59.58,49.90,25.53,21.39,191.50,13.32,0.89,0.41,0.41,2.18,1.01,1021,59.94,102.78,62.11,52.48,25.37,21.43,203.20,12.40,0.84,0.38,0.40,2.23,1.05,509,60.90,103.62,66.37,53.57,24.94,20.13,199.10,12.31,0.82,0.40,0.38,2.07,0.96,309,63.43,103.91,63.25,49.81,25.02,19.70,208.90,11.87,48000.00,11.67,68.67,217.31,22.69
2025-11-24,Sandro Mamukelashvili,C,TOR,CLE,4600,19.24,0.04,22.43,4.88,,,Toronto Raptors,Cleveland Cavaliers,Sandro Mamukelashvili,16.00,0.18,19.50,29.50,18.40,650.00,9.00,0.21,23.10,31.90,19.80,388.00,5.00,0.22,23.20,30.20,19.90,219.00,3.00,0.24,24.50,32.00,20.90,135.00,1.06,0.66,0.48,1.60,0.73,1726,37.66,101.90,27.87,30.84,18.42,20.39,214.80,9.08,1.17,0.72,0.54,1.61,0.74,1004,38.65,101.15,28.92,30.99,20.95,22.44,225.40,10.25,1.17,0.77,0.53,1.52,0.69,507,43.20,101.06,30.10,29.19,23.12,22.43,224.40,10.34,1.17,0.77,0.54,1.53,0.71,298,45.30,98.92,31.87,29.45,24.40,22.55,227.00,10.79,49900.00,9.22,27.73,226.41,13.59
2025-11-24,Tobias Harris,PF/SF,DET,IND,5300,24.15,0.21,22.35,4.22,,,Detroit Pistons,Indiana Pacers,Tobias Harris,7.00,0.17,27.50,50.10,30.90,463.00,1.00,0.21,33.00,35.00,23.00,46.00,1.00,0.21,33.00,35.00,23.00,46.00,1.00,0.21,33.00,35.00,23.00,46.00,0.89,0.55,0.42,1.62,0.76,1632,28.37,101.81,21.88,39.15,12.01,21.49,275.50,9.98,1.43,0.94,0.72,1.52,0.76,1022,4.50,101.68,3.48,36.75,3.28,34.65,301.60,10.94,1.43,0.94,0.72,1.52,0.76,508,9.06,102.00,7.03,36.75,6.63,34.65,290.70,11.35,1.43,0.94,0.72,1.52,0.76,304,15.13,101.59,11.70,36.75,11.03,34.65,273.90,12.05,61400.00,8.63,11.72,224.00,16.00
2025-11-24,Steven Adams,C,HOU,PHO,4300,25.60,2.74,22.34,5.19,Q,,Houston Rockets,Phoenix Suns,Steven Adams,13.00,0.12,22.50,24.30,22.30,598.00,9.00,0.12,20.90,22.90,21.40,396.00,5.00,0.13,22.10,24.80,22.50,226.00,3.00,0.13,19.30,27.00,26.10,153.00,1.01,0.93,0.49,1.09,0.53,1404,42.59,99.39,22.36,27.90,20.71,25.83,185.70,12.12,0.98,0.91,0.47,1.07,0.52,996,39.76,99.09,20.50,27.40,18.71,25.01,187.80,11.13,0.98,0.89,0.49,1.10,0.55,496,45.56,99.19,24.80,28.22,22.10,25.15,195.80,11.29,0.74,0.71,0.38,1.03,0.53,296,51.69,98.67,27.00,26.49,19.30,18.93,182.10,10.60,41000.00,10.49,74.80,208.00,32.00
2025-11-24,Kyle Filipowski,PF/C,UTA,GS,4900,24.05,0.36,22.33,4.56,,,Utah Jazz,Golden State Warriors,Kyle Filipowski,15.00,0.17,19.80,35.60,20.30,661.00,9.00,0.18,22.90,39.10,21.50,427.00,4.00,0.17,24.40,39.00,21.30,195.00,2.00,0.18,22.00,44.50,23.40,108.00,0.98,0.56,0.45,1.75,0.81,1675,39.46,102.13,32.56,42.17,18.11,23.45,205.20,9.65,1.07,0.59,0.48,1.82,0.82,1054,40.51,102.78,34.32,43.73,20.10,25.61,213.90,10.71,1.15,0.63,0.50,1.83,0.80,546,35.71,103.62,29.61,44.03,18.52,27.54,226.20,10.79,0.94,0.49,0.41,1.90,0.82,313,34.50,103.91,29.55,45.73,14.61,22.61,200.60,10.97,47000.00,10.43,18.77,223.16,16.84
2025-11-24,Daniss Jenkins,PG,DET,IND,6400,15.78,0.00,22.06,3.45,,,Detroit Pistons,Indiana Pacers,Daniss Jenkins,11.00,0.21,22.80,46.60,21.10,507.00,7.00,0.23,31.40,61.60,27.30,418.00,5.00,0.23,32.90,71.60,30.30,332.00,3.00,0.24,28.40,57.00,25.50,167.00,1.08,0.49,0.49,2.21,1.01,1632,31.07,101.81,31.98,34.85,15.65,17.05,275.50,8.28,1.15,0.51,0.53,2.26,1.03,1022,40.90,101.68,42.90,35.61,21.87,18.15,301.60,10.41,1.09,0.46,0.50,2.36,1.08,508,65.35,102.00,71.88,37.29,33.03,17.13,290.70,11.32,1.11,0.50,0.51,2.24,1.02,304,54.93,101.59,57.14,35.27,28.47,17.57,273.90,10.37,61400.00,10.42,11.72,224.00,16.00
2025-11-24,Jamal Shead,PG,TOR,CLE,3900,21.14,1.99,21.92,5.62,,,Toronto Raptors,Cleveland Cavaliers,Jamal Shead,17.00,0.14,18.20,43.40,18.40,677.00,10.00,0.13,18.90,44.10,19.40,408.00,5.00,0.12,21.10,41.60,19.40,208.00,3.00,0.12,23.40,43.00,20.00,125.00,0.99,0.42,0.46,2.36,1.09,1726,39.22,101.90,43.56,49.86,18.27,20.91,214.80,8.47,0.97,0.43,0.46,2.27,1.08,1004,40.64,101.15,44.43,48.06,19.04,20.60,225.40,8.39,1.09,0.51,0.51,2.14,1.00,507,41.03,101.06,41.46,45.33,21.03,22.99,224.40,9.40,1.17,0.54,0.56,2.15,1.03,298,41.95,98.92,42.82,45.45,23.30,24.73,227.00,10.31,49900.00,7.82,27.73,226.41,13.59
2025-11-24,D'Angelo Russell,PG,DAL,MIA,5000,21.72,2.54,21.28,4.26,,,Dallas Mavericks,Miami Heat,D'Angelo Russell,16.00,0.28,23.30,56.60,22.20,766.00,8.00,0.28,21.50,51.40,21.50,377.00,3.00,0.28,24.90,55.00,23.10,155.00,1.00,0.32,39.50,64.00,24.70,54.00,1.05,0.41,0.49,2.55,1.18,1880,40.74,104.64,50.41,55.38,20.75,22.80,198.80,11.72,1.00,0.42,0.46,2.39,1.09,1056,35.70,104.52,40.70,51.92,17.02,21.72,210.20,10.23,1.08,0.45,0.48,2.38,1.06,520,29.81,103.94,32.98,51.71,14.93,23.41,211.70,11.76,1.60,0.62,0.73,2.59,1.19,300,18.00,103.66,22.11,56.28,13.65,34.73,232.30,17.00,43800.00,11.42,42.93,210.81,29.19
2025-11-24,Max Christie,SF/SG,DAL,MIA,4900,28.85,0.45,21.15,4.32,,,Dallas Mavericks,Miami Heat,Max Christie,18.00,0.15,22.10,40.60,29.90,1148.00,10.00,0.16,23.80,40.40,29.80,634.00,5.00,0.15,19.10,36.20,27.70,293.00,3.00,0.17,22.40,38.00,30.40,195.00,0.74,0.54,0.35,1.36,0.64,1880,61.06,104.64,40.68,39.17,22.14,21.32,198.80,11.12,0.80,0.59,0.38,1.36,0.64,1056,60.04,104.52,39.99,39.11,23.56,23.04,210.20,11.32,0.69,0.53,0.33,1.31,0.62,520,56.35,103.94,36.18,37.70,19.09,19.89,211.70,9.02,0.74,0.59,0.34,1.25,0.58,300,65.00,103.66,39.39,36.06,23.22,21.26,232.30,9.64,43800.00,11.19,42.93,210.81,29.19
2025-11-24,Dru Smith,SG,MIA,DAL,3900,19.52,0.45,20.96,5.37,,,Miami Heat,Dallas Mavericks,Dru Smith,17.00,0.15,18.40,35.00,17.10,657.00,10.00,0.15,19.90,37.60,17.20,390.00,5.00,0.15,19.80,41.60,17.80,197.00,3.00,0.17,21.80,46.70,19.50,131.00,1.08,0.53,0.48,2.05,0.91,1822,36.06,104.64,34.17,39.95,17.96,21.00,195.10,9.43,1.16,0.53,0.51,2.19,0.96,1077,36.21,104.52,36.49,42.67,19.31,22.58,202.60,9.82,1.11,0.48,0.50,2.34,1.06,528,37.31,103.94,40.95,45.62,19.49,21.71,214.00,9.25,1.12,0.47,0.50,2.39,1.07,320,40.94,103.66,45.38,46.74,21.19,21.82,223.00,9.78,44600.00,8.74,37.93,205.27,34.73
2025-11-24,Isaiah Stewart,C/PF,DET,IND,5400,20.57,0.44,20.94,3.88,,,Detroit Pistons,Indiana Pacers,Isaiah Stewart,13.00,0.18,26.00,30.00,23.00,635.00,7.00,0.19,26.90,29.40,23.90,351.00,4.00,0.18,23.40,28.30,23.20,196.00,3.00,0.15,23.90,23.70,23.30,152.00,1.13,0.87,0.53,1.30,0.61,1632,38.91,101.81,24.33,26.84,21.09,23.26,275.50,9.44,1.13,0.91,0.54,1.23,0.59,1022,34.34,101.68,20.48,25.31,18.73,23.16,301.60,8.92,1.01,0.83,0.48,1.22,0.58,508,38.58,102.00,22.73,25.10,18.79,20.75,290.70,8.05,1.03,1.01,0.47,1.02,0.47,304,50.00,101.59,23.76,20.93,23.96,21.10,273.90,8.73,61400.00,8.79,11.72,224.00,16.00
2025-11-24,Moses Moody,SF/SG,GS,UTA,5100,27.14,3.70,20.80,4.08,,,Golden State Warriors,Utah Jazz,Moses Moody,16.00,0.18,22.10,33.70,25.50,882.00,10.00,0.18,24.10,37.20,28.40,621.00,5.00,0.16,22.40,36.80,31.30,338.00,3.00,0.15,19.00,37.30,31.20,203.00,0.87,0.66,0.40,1.32,0.61,1836,48.04,102.13,29.99,35.87,19.67,23.52,191.50,11.54,0.85,0.65,0.39,1.31,0.60,1021,60.82,102.78,37.45,35.55,24.26,23.03,203.20,11.86,0.72,0.61,0.33,1.18,0.54,509,66.40,103.62,37.46,31.91,22.80,19.42,199.10,11.25,0.61,0.51,0.28,1.20,0.55,309,65.70,103.91,37.63,32.45,19.17,16.53,208.90,9.10,48000.00,10.62,68.67,217.31,22.69
2025-11-24,Egor Demin,PG/SG,BKN,NY,4200,25.93,7.14,20.72,4.93,,,Brooklyn Nets,New York Knicks,Egor Dëmin,15.00,0.17,18.00,49.10,21.80,678.00,10.00,0.18,19.80,51.60,22.90,469.00,5.00,0.19,18.80,50.60,23.70,246.00,3.00,0.19,21.60,54.70,26.90,168.00,0.83,0.37,0.40,2.25,1.09,1561,43.43,99.36,46.88,58.41,17.19,21.41,197.40,9.12,0.86,0.38,0.42,2.25,1.10,964,48.65,99.15,53.07,58.43,20.36,22.42,212.20,9.33,0.79,0.37,0.38,2.14,1.03,477,51.57,98.85,52.43,55.37,19.48,20.57,219.50,8.56,0.80,0.39,0.39,2.03,0.98,286,58.74,99.09,56.86,52.73,22.45,20.82,214.80,10.06,44000.00,9.55,32.78,227.36,12.64
2025-11-24,Dean Wade,PF/SF,CLE,TOR,3900,27.23,0.74,20.61,5.29,Q,,Cleveland Cavaliers,Toronto Raptors,Dean Wade,17.00,0.10,16.50,26.90,22.40,823.00,9.00,0.10,17.40,27.60,23.20,445.00,5.00,0.09,20.50,30.40,24.30,260.00,3.00,0.11,19.20,30.70,23.10,148.00,0.74,0.61,0.34,1.20,0.56,1852,44.44,101.90,25.16,32.71,15.43,20.06,191.00,8.64,0.75,0.63,0.35,1.19,0.56,1029,43.25,101.15,24.42,32.40,15.39,20.43,201.30,8.64,0.84,0.67,0.39,1.25,0.58,504,51.59,101.06,30.48,34.07,20.55,22.98,187.10,10.96,0.83,0.63,0.39,1.33,0.62,298,49.66,98.92,30.57,36.19,19.12,22.64,185.90,10.33,46300.00,8.42,57.77,232.51,7.49
2025-11-24,Jock Landale,C,MEM,DEN,3800,17.34,0.01,20.61,5.42,,,Memphis Grizzlies,Denver Nuggets,Jock Landale,17.00,0.17,21.00,29.80,22.30,825.00,10.00,0.18,21.20,30.90,21.40,458.00,5.00,0.24,19.40,29.40,16.20,172.00,3.00,0.29,19.10,26.00,12.40,77.00,0.94,0.70,0.43,1.34,0.61,1734,47.58,101.36,29.61,23.17,20.87,16.33,227.50,9.23,0.99,0.69,0.46,1.44,0.67,1006,45.53,100.53,30.88,25.03,21.19,17.17,226.80,9.35,1.20,0.66,0.56,1.81,0.85,492,34.96,99.70,29.79,31.46,19.66,20.76,231.70,8.37,1.54,0.73,0.74,2.10,1.01,290,26.55,98.00,26.36,36.35,19.36,26.70,250.20,7.63,50700.00,7.50,20.87,237.43,2.57
2025-11-24,Cam Spencer,SG/PG,MEM,DEN,4200,22.37,0.84,20.61,4.91,,,Memphis Grizzlies,Denver Nuggets,Cam Spencer,17.00,0.18,18.40,43.20,19.60,710.00,10.00,0.18,19.70,45.90,21.20,450.00,5.00,0.15,20.00,58.00,24.10,252.00,3.00,0.19,24.50,63.70,23.80,149.00,0.94,0.43,0.44,2.20,1.03,1734,40.95,101.36,42.93,49.31,18.28,21.00,227.50,8.09,0.93,0.43,0.44,2.17,1.02,1006,44.73,100.53,45.87,48.44,19.69,20.79,226.80,8.69,0.83,0.34,0.40,2.41,1.15,492,51.22,99.70,58.77,53.85,20.26,18.57,231.70,8.63,1.03,0.38,0.49,2.68,1.28,290,51.38,98.00,64.58,59.88,24.84,23.03,250.20,9.79,50700.00,8.28,20.87,237.43,2.57
2025-11-24,Jay Huff,C,IND,DET,3900,18.53,0.19,20.50,5.26,,,Indiana Pacers,Detroit Pistons,Jay Huff,16.00,0.17,17.10,20.30,15.90,562.00,10.00,0.19,20.70,22.80,17.10,373.00,5.00,0.20,19.00,22.40,18.30,197.00,3.00,0.21,24.00,24.70,20.40,131.00,1.08,0.84,0.49,1.28,0.58,1660,33.86,101.81,19.92,23.66,16.78,19.93,202.70,8.44,1.21,0.91,0.55,1.33,0.61,1023,36.46,101.68,22.66,24.70,20.57,22.43,205.20,10.09,1.04,0.85,0.48,1.22,0.57,511,38.55,102.00,22.36,22.68,18.96,19.24,199.30,9.53,1.18,0.97,0.55,1.21,0.57,305,42.95,101.59,24.68,22.43,23.98,21.80,215.10,11.16,44600.00,8.74,10.66,201.12,38.88
2025-11-24,Caleb Love,SG/PG,POR,MIL,4900,24.73,17.27,20.03,4.09,,,Portland Trail Blazers,Milwaukee Bucks,Caleb Love,9.00,0.22,15.90,33.10,17.60,356.00,6.00,0.22,19.20,40.70,22.10,290.00,5.00,0.22,22.00,46.80,25.60,281.00,3.00,0.23,23.30,53.30,27.20,175.00,0.90,0.48,0.40,1.88,0.84,1770,20.11,102.25,17.21,46.51,8.27,22.34,180.30,8.82,0.87,0.47,0.40,1.84,0.84,1039,27.91,101.25,23.80,45.54,11.23,21.48,184.90,10.38,0.86,0.47,0.39,1.83,0.83,524,53.63,100.91,45.06,45.21,21.18,21.25,215.40,10.21,0.86,0.44,0.40,1.96,0.91,307,57.00,100.77,52.49,48.46,22.94,21.18,235.50,9.89,44800.00,10.94,52.81,218.14,21.86
2025-11-24,Royce O'Neale,SF/PF,PHO,HOU,4500,31.48,13.81,19.88,4.42,,,Phoenix Suns,Houston Rockets,Royce O'Neale,17.00,0.14,24.40,58.90,30.00,1091.00,10.00,0.14,21.60,52.60,28.00,589.00,5.00,0.13,16.90,50.40,28.80,306.00,3.00,0.14,20.20,56.00,32.00,205.00,0.81,0.41,0.38,1.96,0.92,1724,63.28,99.39,57.73,61.80,23.91,25.60,176.70,13.81,0.77,0.41,0.37,1.88,0.89,996,59.14,99.09,52.33,59.13,21.49,24.28,175.70,12.29,0.59,0.34,0.28,1.75,0.82,506,60.47,99.19,49.40,55.09,16.56,18.47,193.10,8.75,0.63,0.36,0.30,1.75,0.82,306,66.99,98.67,54.17,55.09,19.54,19.87,190.20,10.62,40400.00,11.14,90.58,221.56,18.44
2025-11-24,Jaylon Tyson,SF,CLE,TOR,5100,30.18,5.85,19.53,3.83,,,Cleveland Cavaliers,Toronto Raptors,Jaylon Tyson,13.00,0.14,23.30,33.10,25.60,706.00,5.00,0.13,27.20,34.00,27.00,282.00,2.00,0.11,20.00,30.50,24.80,101.00,2.00,0.11,20.00,30.50,24.80,101.00,0.91,0.70,0.43,1.29,0.61,1852,38.12,101.90,23.68,39.02,16.67,27.47,191.00,12.20,1.01,0.80,0.48,1.26,0.60,1029,27.41,101.15,16.71,38.01,13.37,30.41,201.30,13.51,0.81,0.66,0.40,1.23,0.60,504,20.04,101.06,12.23,37.12,8.02,24.34,187.10,10.69,0.81,0.66,0.40,1.23,0.60,298,33.89,98.92,20.25,37.12,13.28,24.34,185.90,10.76,46300.00,11.02,57.77,232.51,7.49
2025-11-24,Day'Ron Sharpe,C,BKN,NY,4200,17.18,0.03,19.21,4.57,,,Brooklyn Nets,New York Knicks,Day'Ron Sharpe,15.00,0.18,17.90,28.70,15.80,487.00,9.00,0.19,17.90,27.40,15.70,285.00,5.00,0.20,17.90,27.60,15.50,153.00,3.00,0.22,19.10,28.00,16.00,94.00,1.13,0.62,0.55,1.82,0.88,1561,31.20,99.36,27.40,31.21,17.09,19.47,197.40,9.07,1.14,0.65,0.57,1.75,0.87,964,29.56,99.15,25.36,29.99,16.57,19.59,212.20,8.44,1.15,0.65,0.58,1.78,0.90,477,32.08,98.85,28.60,30.59,18.55,19.84,219.50,8.15,1.19,0.68,0.61,1.75,0.89,286,32.87,99.09,29.10,30.07,19.85,20.51,214.80,8.89,44000.00,9.55,32.78,227.36,12.64
2025-11-24,Ben Sheppard,SG/PG,IND,DET,4300,25.53,0.31,19.04,4.43,,,Indiana Pacers,Detroit Pistons,Ben Sheppard,16.00,0.13,17.10,45.10,25.70,892.00,10.00,0.13,16.30,38.80,24.90,547.00,5.00,0.12,19.00,33.80,25.50,276.00,3.00,0.12,23.70,34.70,28.50,181.00,0.67,0.38,0.31,1.75,0.81,1660,53.73,101.81,44.26,44.80,16.78,16.98,202.70,8.44,0.65,0.42,0.30,1.56,0.71,1023,53.47,101.68,38.56,39.78,16.20,16.71,205.20,7.94,0.75,0.56,0.34,1.33,0.61,511,54.01,102.00,33.73,33.84,18.96,19.02,199.30,9.53,0.83,0.68,0.39,1.22,0.58,305,59.34,101.59,34.67,31.08,23.68,21.23,215.10,11.02,44600.00,9.64,10.66,201.12,38.88
2025-11-24,Quinten Post,C,GS,UTA,4200,19.91,1.83,18.63,4.44,,,Golden State Warriors,Utah Jazz,Quinten Post,18.00,0.17,14.70,27.00,15.00,563.00,10.00,0.18,16.00,31.20,15.30,323.00,5.00,0.22,15.10,30.20,14.60,153.00,3.00,0.22,18.50,38.30,18.40,118.00,0.98,0.54,0.47,1.80,0.86,1836,30.66,102.13,27.03,35.84,14.72,19.51,191.50,7.68,1.05,0.51,0.50,2.04,0.97,1021,31.64,102.78,31.41,40.60,16.11,20.82,203.20,7.87,1.03,0.50,0.49,2.07,0.99,509,30.06,103.62,30.74,41.19,15.37,20.59,199.10,7.58,1.01,0.48,0.47,2.08,0.97,309,38.19,103.91,38.64,41.45,18.66,20.02,208.90,8.86,48000.00,8.75,68.67,217.31,22.69
2025-11-24,Lonzo Ball,PG,CLE,TOR,4600,23.86,3.67,18.55,4.03,,,Cleveland Cavaliers,Toronto Raptors,Lonzo Ball,14.00,0.14,20.40,57.40,23.30,725.00,7.00,0.14,21.70,54.00,22.50,348.00,4.00,0.14,21.70,50.50,23.90,207.00,2.00,0.10,18.20,51.00,25.20,106.00,0.88,0.36,0.39,2.46,1.11,1852,39.15,101.90,44.22,58.78,15.71,20.89,191.00,10.68,0.96,0.40,0.44,2.40,1.09,1029,33.82,101.15,37.16,57.26,14.93,23.01,201.30,10.78,0.91,0.43,0.42,2.11,0.98,504,41.07,101.06,40.50,50.41,17.40,21.66,187.10,11.60,0.72,0.36,0.34,2.02,0.96,298,35.57,98.92,33.86,48.29,12.08,17.23,185.90,9.79,46300.00,9.94,57.77,232.51,7.49
2025-11-24,Ja'Kobe Walter,SG,TOR,CLE,3700,23.80,0.21,18.44,4.98,,,Toronto Raptors,Cleveland Cavaliers,Ja'Kobe Walter,14.00,0.14,9.50,16.10,12.80,384.00,10.00,0.14,10.40,17.20,13.10,286.00,5.00,0.12,13.90,17.80,14.90,168.00,3.00,0.11,19.80,23.00,18.70,126.00,0.74,0.59,0.35,1.26,0.59,1726,22.25,101.90,13.31,29.94,7.85,17.66,214.80,4.42,0.79,0.60,0.36,1.31,0.60,1004,28.49,101.15,17.33,31.25,10.48,18.90,225.40,4.61,0.93,0.78,0.41,1.19,0.53,507,33.14,101.06,17.74,28.43,13.85,22.20,224.40,6.19,1.06,0.86,0.47,1.23,0.55,298,42.28,98.92,22.90,29.27,19.72,25.20,227.00,8.72,49900.00,7.41,27.73,226.41,13.59
2025-11-24,Miles McBride,PG/SG,NY,BKN,4500,25.64,4.88,18.25,4.06,,,New York Knicks,Brooklyn Nets,Miles McBride,12.00,0.17,19.00,48.30,24.10,614.00,9.00,0.18,18.40,48.10,22.40,430.00,4.00,0.21,20.80,63.30,27.80,239.00,2.00,0.23,24.40,70.00,30.20,132.00,0.79,0.39,0.37,2.00,0.94,1514,40.55,99.36,38.04,51.39,14.96,20.22,192.40,9.88,0.82,0.38,0.39,2.15,1.01,1017,42.28,99.15,42.20,55.06,16.14,21.06,199.40,9.23,0.75,0.33,0.35,2.28,1.06,512,46.68,98.85,48.88,58.39,16.06,19.19,209.80,9.91,0.81,0.35,0.37,2.32,1.06,309,42.72,99.09,44.90,59.44,15.65,20.72,215.10,11.34,45000.00,10.00,51.19,205.24,34.76
2025-11-24,AJ Green,SG,MIL,POR,3900,29.05,1.22,18.16,4.66,,,Milwaukee Bucks,Portland Trail Blazers,AJ Green,17.00,0.12,17.50,46.40,28.60,1032.00,10.00,0.12,17.70,46.10,28.70,601.00,5.00,0.13,19.20,47.40,31.10,327.00,3.00,0.12,20.70,52.70,34.90,222.00,0.61,0.38,0.29,1.62,0.76,1736,59.45,102.25,46.46,47.13,17.52,17.78,170.40,10.27,0.62,0.38,0.29,1.61,0.77,1019,58.98,101.25,45.81,46.66,17.59,17.92,172.00,10.29,0.62,0.41,0.29,1.52,0.72,518,63.13,100.91,46.17,44.28,18.70,17.94,173.00,11.10,0.59,0.39,0.28,1.51,0.71,310,71.61,100.77,51.39,43.87,20.19,17.23,188.80,10.96,41900.00,9.31,52.23,211.04,28.96
2025-11-24,Kevin Huerter,SF/SG,CHI,NO,5000,22.94,0.07,18.09,3.62,Q,,Chicago Bulls,New Orleans Pelicans,Kevin Huerter,16.00,0.20,24.60,39.90,24.70,882.00,10.00,0.20,23.60,39.30,24.60,554.00,5.00,0.16,16.80,30.00,21.70,243.00,3.00,0.14,12.40,21.30,17.30,120.00,1.00,0.62,0.45,1.62,0.72,1691,52.16,102.40,38.66,37.06,23.83,22.85,263.80,9.33,0.96,0.60,0.43,1.60,0.71,1074,51.58,103.16,37.75,36.65,22.67,22.01,259.90,9.08,0.77,0.56,0.35,1.38,0.62,552,44.02,104.49,28.39,31.72,15.90,17.76,247.10,6.80,0.72,0.58,0.31,1.23,0.53,322,37.27,105.50,20.94,28.25,12.19,16.44,228.60,5.42,53100.00,9.42,19.90,226.77,13.23
2025-11-24,Jaylen Wells,SG/SF,MEM,DEN,3800,25.54,2.24,18.08,4.76,,,Memphis Grizzlies,Denver Nuggets,Jaylen Wells,17.00,0.17,17.50,29.20,25.30,925.00,10.00,0.17,17.40,29.10,24.30,514.00,5.00,0.17,16.90,30.00,25.00,257.00,3.00,0.17,20.10,32.00,25.60,152.00,0.69,0.60,0.32,1.15,0.54,1734,53.34,101.36,29.02,29.47,17.39,17.66,227.50,7.69,0.72,0.60,0.34,1.20,0.57,1006,51.09,100.53,29.08,30.58,17.39,18.28,226.80,7.67,0.68,0.56,0.33,1.20,0.58,492,52.24,99.70,30.40,30.64,17.12,17.26,231.70,7.29,0.79,0.63,0.40,1.25,0.63,290,52.41,98.00,32.44,31.92,20.38,20.05,250.20,8.03,50700.00,7.50,20.87,237.43,2.57
2025-11-24,Robert Williams,C,POR,MIL,4100,16.90,0.03,18.01,4.39,,,Portland Trail Blazers,Milwaukee Bucks,Robert Williams III,10.00,0.12,14.80,16.40,12.80,274.00,8.00,0.13,14.90,16.50,12.80,220.00,3.00,0.12,21.00,23.00,15.10,99.00,1.00,0.13,32.20,30.00,20.50,44.00,1.16,0.90,0.54,1.28,0.60,1770,15.48,102.25,9.47,21.66,8.55,19.54,180.30,8.21,1.16,0.90,0.54,1.29,0.60,1039,21.17,101.25,12.86,21.79,11.62,19.68,184.90,8.06,1.39,0.91,0.64,1.52,0.70,524,18.89,100.91,13.29,25.75,12.13,23.51,215.40,9.75,1.57,1.07,0.73,1.46,0.68,307,14.33,100.77,9.85,24.74,10.57,26.55,235.50,13.67,44800.00,9.15,52.81,218.14,21.86
2025-11-24,Isaiah Collier,PG,UTA,GS,4400,21.72,0.50,17.91,4.07,,,Utah Jazz,Golden State Warriors,Isaiah Collier,8.00,0.18,21.60,65.10,23.50,419.00,8.00,0.18,21.60,65.10,23.50,419.00,5.00,0.19,21.20,67.60,23.80,266.00,3.00,0.21,13.40,56.70,19.10,126.00,0.92,0.33,0.41,2.77,1.24,1675,25.01,102.13,31.75,60.16,10.54,19.96,205.20,10.53,0.92,0.33,0.41,2.77,1.24,1054,39.75,102.78,50.79,60.16,16.85,19.96,213.90,10.10,0.89,0.31,0.40,2.84,1.27,546,48.72,103.62,64.15,61.68,20.12,19.34,226.20,9.37,0.70,0.24,0.32,2.97,1.35,313,40.26,103.91,56.47,64.47,13.35,15.24,200.60,6.68,47000.00,9.36,18.77,223.16,16.84
2025-11-24,Keegan Murray,PF/SF,SAC,MIN,5600,32.22,1.80,17.69,3.16,,,Sacramento Kings,Minnesota Timberwolves,Keegan Murray,2.00,0.18,25.30,40.50,34.70,142.00,2.00,0.18,25.30,40.50,34.70,142.00,2.00,0.18,25.30,40.50,34.70,142.00,2.00,0.18,25.30,40.50,34.70,142.00,0.73,0.62,0.36,1.17,0.57,1739,8.17,102.03,4.75,37.60,2.97,23.49,195.10,12.97,0.73,0.62,0.36,1.17,0.57,1026,13.84,102.65,8.10,37.60,5.06,23.49,184.40,13.72,0.73,0.62,0.36,1.17,0.57,505,28.12,102.30,16.41,37.60,10.25,23.49,190.40,13.29,0.73,0.62,0.36,1.17,0.57,299,47.49,101.59,27.52,37.60,17.19,23.49,190.10,13.31,43400.00,12.90,14.34,216.06,23.94
2025-11-24,Drew Eubanks,C,SAC,MIN,3900,25.74,0.27,17.61,4.52,,,Sacramento Kings,Minnesota Timberwolves,Drew Eubanks,17.00,0.16,14.10,18.10,16.20,585.00,10.00,0.17,15.90,21.10,18.70,396.00,5.00,0.13,13.30,17.80,17.70,186.00,3.00,0.14,16.20,24.00,23.30,150.00,0.87,0.78,0.41,1.12,0.53,1739,33.64,102.03,18.05,28.76,14.06,22.41,195.10,7.23,0.85,0.75,0.40,1.13,0.53,1026,38.60,102.65,21.11,29.05,15.91,21.89,184.40,8.62,0.75,0.75,0.36,1.01,0.48,505,36.83,102.30,18.03,25.89,13.47,19.34,190.40,6.99,0.70,0.67,0.32,1.03,0.48,299,50.17,101.59,24.46,26.52,16.51,17.90,190.10,8.52,43400.00,8.99,14.34,216.06,23.94
2025-11-24,T.J. McConnell,PG,IND,DET,4400,16.03,0.04,17.59,4.00,,,Indiana Pacers,Detroit Pistons,T.J. McConnell,6.00,0.23,17.50,44.30,15.00,199.00,6.00,0.23,17.50,44.30,15.00,199.00,5.00,0.20,18.10,43.40,15.70,173.00,3.00,0.17,19.70,42.00,15.60,105.00,1.17,0.40,0.53,2.95,1.34,1660,11.99,101.81,16.30,47.35,6.44,18.71,202.70,8.63,1.17,0.40,0.53,2.95,1.34,1023,19.45,101.68,26.42,47.35,10.44,18.71,205.20,8.53,1.15,0.42,0.52,2.76,1.25,511,33.86,102.00,43.32,44.32,18.06,18.48,199.30,9.08,1.26,0.47,0.56,2.69,1.20,305,34.43,101.59,41.97,43.17,19.69,20.25,215.10,9.16,44600.00,9.87,10.66,201.12,38.88
2025-11-24,Ausar Thompson,SF/SG,DET,IND,6200,25.46,0.93,17.56,2.83,,,Detroit Pistons,Indiana Pacers,Ausar Thompson,12.00,0.19,30.80,52.70,28.50,718.00,6.00,0.17,29.70,48.80,29.40,366.00,2.00,0.10,19.70,35.50,25.80,104.00,2.00,0.10,19.70,35.50,25.80,104.00,1.08,0.58,0.51,1.85,0.88,1632,44.00,101.81,39.45,47.08,23.06,27.52,275.50,11.18,1.01,0.61,0.49,1.66,0.80,1022,35.81,101.68,29.13,42.26,17.73,25.72,301.60,9.85,0.76,0.55,0.38,1.38,0.68,508,20.47,102.00,14.26,35.03,7.91,19.44,290.70,6.78,0.76,0.55,0.38,1.38,0.68,304,34.21,101.59,23.73,35.03,13.17,19.44,273.90,7.19,61400.00,10.10,11.72,224.00,16.00
2025-11-24,Cole Anthony,PG/SG,MIL,POR,4500,19.96,4.34,17.33,3.85,,,Milwaukee Bucks,Portland Trail Blazers,Cole Anthony,16.00,0.24,20.70,46.30,19.30,667.00,10.00,0.24,18.60,46.70,18.90,406.00,5.00,0.23,16.70,44.00,18.50,195.00,3.00,0.24,14.40,45.00,18.80,119.00,1.07,0.45,0.50,2.40,1.11,1736,38.42,102.25,43.63,47.89,19.51,21.41,170.40,12.15,0.98,0.40,0.46,2.47,1.15,1019,39.84,101.25,46.40,49.32,18.48,19.64,172.00,10.81,0.90,0.38,0.43,2.38,1.13,518,37.64,100.91,42.86,47.48,16.27,18.02,173.00,9.65,0.77,0.32,0.36,2.39,1.13,310,38.39,100.77,43.88,47.78,14.04,15.29,188.80,7.63,41900.00,10.74,52.23,211.04,28.96
2025-11-24,Bruce Brown,SF/SG,DEN,MEM,4200,24.38,1.92,17.30,4.12,,,Denver Nuggets,Memphis Grizzlies,Bruce Brown,16.00,0.13,16.20,32.30,22.90,777.00,10.00,0.12,15.90,35.40,25.20,531.00,5.00,0.12,16.70,35.20,25.50,275.00,3.00,0.15,21.80,40.00,24.90,158.00,0.71,0.50,0.33,1.41,0.67,1624,47.84,101.36,32.26,34.39,16.18,17.25,183.60,8.82,0.63,0.45,0.30,1.40,0.67,1005,52.84,100.53,35.41,34.25,15.90,15.39,192.20,8.27,0.65,0.47,0.30,1.38,0.64,507,54.24,99.70,34.61,33.66,16.42,15.97,204.30,8.17,0.88,0.55,0.41,1.61,0.76,298,53.02,98.00,39.46,39.17,21.51,21.35,200.60,10.87,43000.00,9.77,61.05,210.69,29.31
2025-11-24,Terance Mann,SF/SG,BKN,NY,4400,25.77,1.23,17.20,3.91,,,Brooklyn Nets,New York Knicks,Terance Mann,16.00,0.14,19.90,47.90,27.00,889.00,10.00,0.13,17.30,52.10,27.20,553.00,5.00,0.13,17.70,53.20,27.50,274.00,3.00,0.11,16.50,55.30,26.70,159.00,0.74,0.42,0.36,1.77,0.86,1561,56.95,99.36,48.78,45.72,20.27,18.99,197.40,10.08,0.64,0.33,0.31,1.92,0.94,964,57.37,99.15,53.59,49.36,17.79,16.39,212.20,8.15,0.64,0.33,0.32,1.93,0.97,477,57.44,98.85,55.12,49.86,18.34,16.59,219.50,8.06,0.62,0.30,0.31,2.07,1.04,286,55.59,99.09,57.48,53.38,17.15,15.93,214.80,7.68,44000.00,10.00,32.78,227.36,12.64
2025-11-24,Simone Fontecchio,SF,MIA,DAL,3900,20.89,0.22,17.15,4.40,,,Miami Heat,Dallas Mavericks,Simone Fontecchio,17.00,0.19,17.50,27.40,19.30,738.00,10.00,0.19,16.60,27.50,18.60,417.00,5.00,0.21,17.20,32.80,19.50,220.00,3.00,0.22,15.40,38.30,20.80,142.00,0.91,0.64,0.40,1.42,0.63,1822,40.50,104.64,26.75,29.65,17.09,18.94,195.10,8.97,0.89,0.60,0.40,1.48,0.66,1077,38.72,104.52,26.69,30.88,16.11,18.64,202.60,8.19,0.88,0.52,0.39,1.68,0.75,528,41.67,103.94,32.28,35.13,16.93,18.42,214.00,8.04,0.74,0.40,0.33,1.84,0.81,320,44.38,103.66,37.22,38.46,14.97,15.46,223.00,6.91,44600.00,8.74,37.93,205.27,34.73
2025-11-24,Caris LeVert,SG/SF,DET,IND,4700,16.76,0.30,17.13,3.64,P,,Detroit Pistons,Indiana Pacers,Caris LeVert,11.00,0.20,17.10,34.50,19.20,459.00,8.00,0.21,19.90,38.00,19.50,338.00,4.00,0.24,22.70,43.30,18.90,161.00,2.00,0.25,15.80,33.50,15.30,67.00,0.89,0.50,0.41,1.80,0.83,1632,28.12,101.81,23.67,30.11,11.73,14.92,275.50,6.21,1.02,0.52,0.47,1.95,0.90,1022,33.07,101.68,30.25,32.66,15.84,17.10,301.60,6.60,1.20,0.52,0.56,2.29,1.08,508,31.69,102.00,34.78,38.39,18.23,20.13,290.70,7.81,1.03,0.47,0.47,2.19,1.00,304,22.04,101.59,22.39,36.69,10.56,17.31,273.90,5.77,61400.00,7.65,11.72,224.00,16.00
2025-11-24,Gary Payton,SG,GS,UTA,3800,18.85,0.28,17.08,4.50,,,Golden State Warriors,Utah Jazz,Gary Payton II,17.00,0.12,10.50,19.30,10.80,399.00,10.00,0.12,13.20,24.00,12.50,268.00,5.00,0.14,14.70,27.40,14.80,158.00,3.00,0.12,15.80,27.00,15.40,102.00,0.97,0.54,0.45,1.79,0.82,1836,21.73,102.13,18.25,33.69,9.93,18.33,191.50,5.48,1.06,0.55,0.49,1.92,0.90,1021,26.25,102.78,24.16,36.20,13.29,19.91,203.20,6.50,0.99,0.54,0.47,1.85,0.87,509,31.04,103.62,27.89,34.90,14.96,18.73,199.10,7.38,1.03,0.59,0.46,1.75,0.79,309,33.01,103.91,27.24,33.05,15.94,19.34,208.90,7.56,48000.00,7.92,68.67,217.31,22.69
2025-11-24,Malik Monk,SG/PG,SAC,MIN,4100,22.87,4.66,17.04,4.16,,,Sacramento Kings,Minnesota Timberwolves,Malik Monk,14.00,0.21,20.50,36.30,23.90,723.00,9.00,0.21,17.70,35.00,23.10,452.00,5.00,0.21,15.90,31.40,22.20,233.00,3.00,0.19,18.10,30.70,22.40,141.00,0.86,0.56,0.40,1.52,0.70,1739,41.58,102.03,29.82,34.73,16.84,19.61,195.10,10.51,0.77,0.51,0.35,1.52,0.70,1026,44.05,102.65,31.52,34.65,15.94,17.52,184.40,9.60,0.72,0.51,0.34,1.41,0.67,505,46.14,102.30,31.80,32.34,16.10,16.38,190.40,8.35,0.81,0.59,0.39,1.37,0.65,299,47.16,101.59,31.29,31.34,18.45,18.48,190.10,9.52,43400.00,9.45,14.34,216.06,23.94
2025-11-24,Nae'Qwan Tomlin,PF,CLE,TOR,3700,26.55,17.57,16.97,4.59,,,Cleveland Cavaliers,Toronto Raptors,Nae'Qwan Tomlin,9.00,0.18,14.70,14.90,14.40,268.00,8.00,0.18,16.50,16.80,16.00,266.00,5.00,0.15,11.90,17.20,16.60,169.00,3.00,0.18,11.40,18.70,17.70,104.00,1.02,0.99,0.49,1.03,0.50,1852,14.47,101.90,7.38,27.47,7.28,27.10,191.00,7.70,1.03,0.98,0.50,1.05,0.51,1029,25.85,101.15,13.21,27.87,12.98,27.38,201.30,8.20,0.72,0.69,0.35,1.04,0.51,504,33.53,101.06,17.24,27.51,11.93,19.03,187.10,6.36,0.64,0.61,0.33,1.06,0.54,298,34.90,98.92,18.62,28.05,11.35,17.10,185.90,6.13,46300.00,7.99,57.77,232.51,7.49
2025-11-24,Josh Okogie,SG/SF,HOU,PHO,3900,27.63,5.26,16.63,4.26,,,Houston Rockets,Phoenix Suns,Josh Okogie,14.00,0.13,15.60,22.60,20.70,592.00,10.00,0.13,15.70,23.20,19.90,408.00,5.00,0.12,13.30,19.80,17.50,184.00,3.00,0.09,7.30,14.00,13.70,84.00,0.75,0.69,0.37,1.09,0.53,1404,42.17,99.39,22.40,30.17,15.46,20.83,185.70,8.40,0.79,0.68,0.38,1.17,0.57,996,40.96,99.09,23.08,32.22,15.62,21.80,187.80,8.36,0.76,0.67,0.36,1.13,0.54,496,37.10,99.19,19.80,31.27,13.30,21.00,195.80,6.79,0.53,0.52,0.26,1.02,0.50,296,28.38,98.67,14.00,28.24,7.30,14.72,182.10,4.01,41000.00,9.51,74.80,208.00,32.00
2025-11-24,Gradey Dick,SG,TOR,CLE,3700,19.20,0.12,16.54,4.47,,,Toronto Raptors,Cleveland Cavaliers,Gradey Dick,17.00,0.17,13.30,17.40,16.90,633.00,10.00,0.16,14.30,18.60,17.90,387.00,5.00,0.16,16.70,20.60,18.40,199.00,3.00,0.17,16.90,20.70,17.70,113.00,0.79,0.76,0.36,1.03,0.47,1726,36.67,101.90,17.46,19.77,13.35,15.11,214.80,6.19,0.80,0.77,0.37,1.04,0.48,1004,38.55,101.15,18.74,19.95,14.41,15.34,225.40,6.34,0.91,0.81,0.42,1.12,0.52,507,39.25,101.06,20.53,21.50,16.64,17.43,224.40,7.44,0.95,0.82,0.45,1.17,0.55,298,37.92,98.92,20.61,22.45,16.83,18.33,227.00,7.44,49900.00,7.41,27.73,226.41,13.59
2025-11-24,Precious Achiuwa,PF/C,SAC,MIN,3800,20.65,0.70,16.53,4.35,,,Sacramento Kings,Minnesota Timberwolves,Precious Achiuwa,10.00,0.14,16.10,23.40,19.10,409.00,10.00,0.14,16.10,23.40,19.10,409.00,5.00,0.13,15.80,22.20,19.60,204.00,3.00,0.14,19.00,28.30,24.60,154.00,0.84,0.69,0.39,1.23,0.57,1739,23.52,102.03,13.73,25.30,9.45,17.41,195.10,8.25,0.84,0.69,0.39,1.23,0.57,1026,39.86,102.65,23.41,25.30,16.11,17.41,184.40,8.73,0.81,0.71,0.39,1.13,0.54,505,40.40,102.30,22.49,23.39,16.00,16.65,190.40,8.30,0.77,0.67,0.37,1.15,0.55,299,51.51,101.59,28.85,23.76,19.37,15.95,190.10,9.99,43400.00,8.76,14.34,216.06,23.94
2025-11-24,Trayce Jackson-Davis,C/PF,GS,UTA,3900,23.90,18.68,16.31,4.18,,,Golden State Warriors,Utah Jazz,Trayce Jackson-Davis,11.00,0.14,10.90,21.50,11.60,279.00,7.00,0.15,11.60,21.40,12.30,187.00,3.00,0.10,10.40,18.00,10.40,72.00,2.00,0.10,13.20,24.00,14.10,63.00,0.94,0.51,0.43,1.85,0.85,1836,15.20,102.13,13.16,44.29,6.67,22.46,191.50,5.69,0.94,0.54,0.43,1.74,0.80,1021,18.32,102.78,15.08,41.58,8.17,22.54,203.20,5.71,1.00,0.58,0.43,1.73,0.75,509,14.15,103.62,10.99,41.36,6.35,23.90,199.10,5.22,0.94,0.55,0.42,1.70,0.76,309,20.39,103.91,16.14,40.68,8.88,22.37,208.90,6.32,48000.00,8.12,68.67,217.31,22.69
2025-11-24,Klay Thompson,SF/SG,DAL,MIA,3900,20.29,0.83,16.24,4.16,,,Dallas Mavericks,Miami Heat,Klay Thompson,17.00,0.21,16.30,27.30,21.70,815.00,9.00,0.21,17.20,28.30,22.80,454.00,5.00,0.23,18.10,25.40,22.70,246.00,3.00,0.22,17.00,26.30,23.60,148.00,0.75,0.60,0.34,1.26,0.57,1880,43.35,104.64,25.83,25.52,15.42,15.24,198.80,8.20,0.75,0.61,0.34,1.24,0.56,1056,42.99,104.52,25.21,25.18,15.32,15.30,210.20,8.18,0.80,0.71,0.37,1.12,0.52,520,47.31,103.94,25.39,22.70,18.09,16.17,211.70,8.55,0.72,0.65,0.34,1.11,0.53,300,49.33,103.66,27.26,22.61,17.62,14.61,232.30,7.32,43800.00,8.90,42.93,210.81,29.19
2025-11-24,Kris Murray,SF,POR,MIL,3900,24.48,3.20,16.21,4.16,,,Portland Trail Blazers,Milwaukee Bucks,Kris Murray,16.00,0.10,14.50,21.10,23.60,822.00,10.00,0.10,14.10,21.60,23.80,521.00,5.00,0.10,17.80,24.80,27.20,298.00,3.00,0.15,19.10,25.00,26.20,171.00,0.61,0.69,0.28,0.89,0.41,1770,46.44,102.25,19.50,21.88,13.40,15.04,180.30,8.04,0.59,0.65,0.27,0.91,0.41,1039,50.14,101.25,21.05,22.21,13.74,14.50,184.90,7.63,0.65,0.72,0.30,0.91,0.42,524,56.87,100.91,23.88,22.32,17.14,16.02,215.40,8.26,0.73,0.76,0.34,0.95,0.44,307,55.70,100.77,24.62,23.36,18.81,17.84,235.50,8.11,44800.00,8.71,52.81,218.14,21.86
2025-11-24,Yves Missi,C,NO,CHI,4000,20.11,0.11,16.08,4.02,,,New Orleans Pelicans,Chicago Bulls,Yves Missi,12.00,0.12,15.90,25.10,18.60,471.00,7.00,0.12,12.70,19.40,15.30,227.00,5.00,0.13,16.70,24.60,19.00,204.00,3.00,0.12,14.50,18.70,16.10,100.00,0.85,0.63,0.41,1.35,0.64,1719,27.40,102.40,17.94,27.14,11.37,17.19,199.50,7.97,0.83,0.65,0.39,1.27,0.60,1013,22.41,103.16,13.83,25.50,9.05,16.70,212.30,5.98,0.88,0.68,0.41,1.29,0.60,515,39.61,104.49,24.96,26.04,16.94,17.68,216.60,7.71,0.90,0.78,0.43,1.16,0.56,311,32.15,105.50,19.03,23.36,14.76,18.12,225.50,6.43,48200.00,8.30,47.55,231.50,8.50
2025-11-24,Jose Alvarado,PG,NO,CHI,4000,21.77,0.27,15.64,3.91,,,New Orleans Pelicans,Chicago Bulls,Jose Alvarado,16.00,0.16,15.50,41.10,19.60,658.00,10.00,0.18,16.50,44.50,20.90,441.00,5.00,0.19,14.80,45.40,20.60,220.00,3.00,0.15,13.20,42.00,18.40,119.00,0.79,0.38,0.38,2.10,1.00,1719,38.28,102.40,39.17,45.65,14.77,17.22,199.50,7.77,0.79,0.37,0.37,2.13,1.01,1013,43.53,103.16,45.32,46.35,16.80,17.19,212.30,7.77,0.72,0.33,0.34,2.20,1.03,515,42.72,104.49,46.06,47.98,15.01,15.64,216.60,6.83,0.72,0.31,0.33,2.28,1.06,311,38.26,105.50,42.74,49.69,13.43,15.62,225.50,5.85,48200.00,8.30,47.55,231.50,8.50
2025-11-24,Tim Hardaway,SF/SG,DEN,MEM,4000,24.05,0.18,15.61,3.90,,,Denver Nuggets,Memphis Grizzlies,Tim Hardaway Jr.,16.00,0.16,16.80,26.40,23.60,804.00,10.00,0.16,17.50,28.90,23.80,506.00,5.00,0.15,16.90,29.40,25.30,270.00,3.00,0.15,12.70,35.00,26.90,165.00,0.71,0.64,0.33,1.12,0.53,1624,49.51,101.36,26.36,26.90,16.78,17.12,183.60,9.15,0.74,0.61,0.35,1.21,0.57,1005,50.35,100.53,28.91,29.20,17.51,17.68,192.20,9.11,0.67,0.57,0.31,1.16,0.54,507,53.25,99.70,28.91,27.94,16.62,16.06,204.30,8.27,0.47,0.36,0.23,1.30,0.64,298,55.37,98.00,34.53,31.29,12.53,11.35,200.60,6.33,43000.00,9.30,61.05,210.69,29.31
2025-11-24,Svi Mykhailiuk,SG/SF,UTA,GS,3800,24.35,0.17,15.44,4.06,,,Utah Jazz,Golden State Warriors,Svi Mykhailiuk,16.00,0.12,17.10,34.60,26.70,916.00,10.00,0.14,18.60,34.80,26.70,580.00,5.00,0.12,14.60,31.60,25.60,284.00,3.00,0.16,16.60,32.30,24.90,163.00,0.64,0.49,0.30,1.30,0.60,1675,54.69,102.13,33.75,31.56,16.68,15.60,205.20,8.33,0.70,0.53,0.32,1.30,0.60,1054,55.03,102.78,33.93,31.74,18.14,16.97,213.90,8.70,0.57,0.46,0.26,1.23,0.56,546,52.01,103.62,29.99,30.06,13.85,13.89,226.20,6.45,0.67,0.51,0.31,1.30,0.59,313,52.08,103.91,32.17,31.59,16.53,16.24,200.60,8.28,47000.00,8.09,18.77,223.16,16.84
2025-11-24,Sidy Cissoko,SF,POR,MIL,3700,26.02,0.71,15.32,4.14,,,Portland Trail Blazers,Milwaukee Bucks,Sidy Cissoko,12.00,0.12,9.90,22.60,15.70,406.00,10.00,0.12,10.30,25.60,17.40,374.00,5.00,0.15,15.10,36.20,22.40,238.00,3.00,0.16,16.10,37.70,24.10,151.00,0.63,0.44,0.29,1.44,0.67,1770,22.94,102.25,15.67,37.46,6.86,16.41,180.30,5.49,0.59,0.40,0.28,1.47,0.68,1039,36.00,101.25,24.95,38.28,10.04,15.40,184.90,5.57,0.67,0.42,0.32,1.62,0.76,524,45.42,100.91,34.86,42.05,14.54,17.54,215.40,7.01,0.67,0.43,0.32,1.56,0.75,307,49.19,100.77,37.12,40.71,15.85,17.38,235.50,6.84,44800.00,8.26,52.81,218.14,21.86
2025-11-24,Kentavious Caldwell-Pope,SG/SF,MEM,DEN,3700,22.84,0.37,14.94,4.04,,,Memphis Grizzlies,Denver Nuggets,Kentavious Caldwell-Pope,17.00,0.15,17.30,41.70,22.90,844.00,10.00,0.13,14.80,37.40,21.60,461.00,5.00,0.11,13.10,37.60,20.90,220.00,3.00,0.12,15.20,38.70,20.90,130.00,0.76,0.41,0.35,1.82,0.84,1734,48.67,101.36,41.44,41.59,17.19,17.25,227.50,7.60,0.69,0.40,0.32,1.73,0.81,1006,45.83,100.53,37.37,39.55,14.79,15.65,226.80,6.53,0.63,0.35,0.30,1.80,0.85,492,44.72,99.70,38.10,41.09,13.27,14.32,231.70,5.65,0.73,0.39,0.35,1.85,0.89,290,44.83,98.00,39.23,42.29,15.41,16.61,250.20,6.08,50700.00,7.30,20.87,237.43,2.57
2025-11-24,Keshad Johnson,SF,MIA,DAL,4000,20.92,0.52,14.92,3.73,,,Miami Heat,Dallas Mavericks,Keshad Johnson,7.00,0.17,9.80,19.60,10.50,172.00,5.00,0.16,11.00,20.40,12.60,145.00,4.00,0.15,12.60,22.30,13.40,124.00,2.00,0.15,22.00,41.00,24.40,110.00,0.93,0.50,0.40,1.87,0.80,1822,9.44,104.64,7.88,39.06,3.94,19.53,195.10,5.02,0.87,0.54,0.38,1.62,0.70,1077,13.46,104.52,9.90,33.88,5.34,18.27,202.60,5.43,0.94,0.57,0.41,1.66,0.72,528,23.48,103.94,17.56,34.82,9.92,19.68,214.00,5.89,0.90,0.54,0.40,1.68,0.75,320,34.38,103.66,26.56,35.16,14.25,18.87,223.00,9.87,44600.00,8.97,37.93,205.27,34.73
2025-11-24,Mike Conley,PG,MIN,SAC,3900,19.48,0.10,14.91,3.82,,,Minnesota Timberwolves,Sacramento Kings,Mike Conley,16.00,0.12,15.60,43.70,20.20,699.00,10.00,0.11,14.50,40.80,19.40,422.00,5.00,0.11,14.60,42.80,20.00,216.00,3.00,0.13,16.30,43.30,19.10,124.00,0.77,0.36,0.36,2.16,1.00,1628,42.94,102.03,43.82,42.15,15.64,15.04,216.70,7.20,0.75,0.36,0.34,2.10,0.97,1027,41.09,102.65,40.78,40.97,14.49,14.56,222.00,6.53,0.73,0.34,0.34,2.14,0.99,517,41.78,102.30,42.34,41.69,14.44,14.22,221.10,6.60,0.85,0.38,0.39,2.27,1.05,311,39.87,101.59,42.43,44.16,15.97,16.63,220.80,7.38,46400.00,8.41,27.36,201.91,38.09
2025-11-24,Ronald Holland,PF/SF,DET,IND,4500,16.17,0.07,14.91,3.31,,,Detroit Pistons,Indiana Pacers,Ronald Holland II,16.00,0.18,19.80,37.80,23.40,810.00,10.00,0.16,18.50,37.80,24.80,540.00,5.00,0.17,19.00,36.40,23.70,259.00,3.00,0.12,15.50,31.30,22.00,144.00,0.85,0.52,0.39,1.62,0.75,1632,49.63,101.81,37.73,26.12,19.76,13.68,275.50,7.19,0.75,0.49,0.34,1.52,0.70,1022,52.84,101.68,37.61,24.64,18.41,12.06,301.60,6.13,0.80,0.52,0.37,1.54,0.70,508,50.98,102.00,36.54,24.83,19.07,12.96,290.70,6.54,0.70,0.50,0.32,1.42,0.65,304,47.37,101.59,31.38,23.00,15.54,11.39,273.90,5.66,61400.00,7.33,11.72,224.00,16.00
2025-11-24,Ziaire Williams,SF/SG,BKN,NY,4000,23.44,0.62,14.61,3.65,,,Brooklyn Nets,New York Knicks,Ziaire Williams,14.00,0.17,16.10,27.30,23.00,669.00,10.00,0.17,15.10,29.00,24.70,499.00,5.00,0.16,16.40,29.00,27.50,273.00,3.00,0.16,12.70,25.70,23.70,140.00,0.70,0.59,0.34,1.19,0.57,1561,42.86,99.36,24.33,27.82,14.35,16.41,197.40,8.16,0.61,0.52,0.30,1.17,0.58,964,51.76,99.15,29.83,27.52,15.53,14.33,212.20,7.12,0.60,0.57,0.30,1.05,0.53,477,57.23,98.85,30.05,24.72,16.99,13.98,219.50,7.47,0.54,0.49,0.27,1.08,0.55,286,48.95,99.09,26.71,25.42,13.20,12.56,214.80,5.91,44000.00,9.09,32.78,227.36,12.64
2025-11-24,Tre Jones,SG/PG,CHI,NO,5200,23.48,0.29,14.55,2.80,,,Chicago Bulls,New Orleans Pelicans,Tre Jones,13.00,0.17,28.80,65.90,28.70,826.00,7.00,0.18,26.80,65.90,27.70,436.00,2.00,0.17,14.40,45.00,22.00,99.00,2.00,0.17,14.40,45.00,22.00,99.00,1.00,0.44,0.45,2.30,1.04,1691,48.85,102.40,51.88,53.91,22.67,23.56,263.80,10.92,0.97,0.41,0.43,2.38,1.06,1074,40.60,103.16,44.31,55.86,18.02,22.72,259.90,10.31,0.65,0.32,0.29,2.05,0.91,552,17.93,104.49,17.04,48.02,5.45,15.37,247.10,5.83,0.65,0.32,0.29,2.05,0.91,322,30.75,105.50,29.49,48.02,9.44,15.37,228.60,6.30,53100.00,9.79,19.90,226.77,13.23
2025-11-24,Tyrese Proctor,PG,CLE,TOR,3600,22.22,0.16,14.22,3.95,,,Cleveland Cavaliers,Toronto Raptors,Tyrese Proctor,15.00,0.20,8.60,19.90,11.40,358.00,8.00,0.21,10.80,21.10,12.30,204.00,4.00,0.18,7.00,15.00,8.20,68.00,3.00,0.18,9.30,17.30,9.60,61.00,0.75,0.43,0.36,1.75,0.83,1852,19.33,101.90,16.42,38.79,7.10,16.76,191.00,4.50,0.88,0.51,0.42,1.72,0.83,1029,19.83,101.15,16.59,38.12,8.49,19.51,201.30,5.37,0.85,0.47,0.41,1.83,0.88,504,13.49,101.06,12.03,40.65,5.61,18.97,187.10,3.74,0.97,0.54,0.46,1.80,0.85,298,20.47,98.92,17.23,40.04,9.26,21.53,185.90,5.00,46300.00,7.78,57.77,232.51,7.49
2025-11-24,Will Richard,SG,GS,UTA,4400,23.86,0.03,14.22,3.23,,,Golden State Warriors,Utah Jazz,Will Richard,16.00,0.15,15.00,22.60,17.50,618.00,10.00,0.16,16.20,27.10,19.70,436.00,5.00,0.13,11.30,24.00,16.20,180.00,3.00,0.09,6.50,16.00,14.20,95.00,0.86,0.66,0.39,1.29,0.59,1836,33.66,102.13,20.11,30.81,13.35,20.45,191.50,7.83,0.82,0.60,0.37,1.38,0.62,1021,42.70,102.78,27.28,32.82,16.31,19.62,203.20,7.97,0.70,0.47,0.31,1.48,0.67,509,35.36,103.62,24.43,35.35,11.50,16.64,199.10,5.68,0.46,0.41,0.21,1.13,0.51,309,30.74,103.91,16.14,26.88,6.56,10.92,208.90,3.11,48000.00,9.17,68.67,217.31,22.69
2025-11-24,Nick Richards,C,PHO,HOU,3600,21.81,1.40,13.72,3.81,,,Phoenix Suns,Houston Rockets,Nick Richards,17.00,0.18,9.40,14.80,9.90,351.00,10.00,0.17,8.70,15.00,10.10,210.00,5.00,0.18,8.00,15.20,10.50,111.00,3.00,0.26,7.20,13.70,7.90,51.00,0.95,0.64,0.46,1.49,0.72,1724,20.36,99.39,14.50,32.61,9.21,20.71,176.70,5.32,0.86,0.58,0.41,1.49,0.71,996,21.08,99.09,14.92,32.39,8.66,18.79,175.70,4.95,0.76,0.53,0.36,1.45,0.68,506,21.94,99.19,14.90,31.58,7.84,16.62,193.10,4.14,0.91,0.53,0.42,1.73,0.81,306,16.67,98.67,13.25,37.83,6.96,19.88,190.20,3.79,40400.00,8.91,90.58,221.56,18.44
2025-11-24,Micah Peavy,SG,NO,CHI,3600,23.73,0.30,13.39,3.72,,,New Orleans Pelicans,Chicago Bulls,Micah Peavy,13.00,0.13,8.40,14.70,13.50,380.00,10.00,0.12,9.00,16.70,15.80,343.00,5.00,0.15,12.40,20.60,17.20,190.00,3.00,0.16,10.80,22.70,19.20,126.00,0.62,0.57,0.29,1.09,0.50,1719,22.11,102.40,11.38,25.84,6.50,14.77,199.50,4.21,0.57,0.54,0.26,1.06,0.49,1013,33.86,103.16,17.01,25.09,9.17,13.52,212.30,4.24,0.72,0.60,0.33,1.20,0.54,515,36.89,104.49,20.90,28.42,12.58,17.11,216.60,5.72,0.56,0.48,0.26,1.18,0.54,311,40.51,105.50,23.10,28.06,10.99,13.35,225.50,4.79,48200.00,7.47,47.55,231.50,8.50
2025-11-24,Brice Sensabaugh,SF/SG,UTA,GS,4000,18.24,0.16,13.35,3.34,,,Utah Jazz,Golden State Warriors,Brice Sensabaugh,15.00,0.22,14.00,21.80,14.90,497.00,9.00,0.22,13.60,20.90,15.50,306.00,5.00,0.21,14.10,22.60,17.80,193.00,3.00,0.21,10.10,22.70,16.50,109.00,0.94,0.64,0.42,1.46,0.66,1675,29.67,102.13,19.94,26.69,12.80,17.14,205.20,6.82,0.88,0.65,0.40,1.35,0.61,1054,29.03,102.78,18.34,24.60,11.94,16.01,213.90,6.36,0.79,0.62,0.37,1.27,0.59,546,35.35,103.62,21.45,23.16,13.38,14.45,226.20,6.23,0.61,0.44,0.28,1.38,0.62,313,34.82,103.91,22.61,25.10,10.06,11.17,200.60,5.03,47000.00,8.51,18.77,223.16,16.84
2025-11-24,Jarace Walker,PF/C,IND,DET,4400,19.73,0.16,13.20,3.00,,,Indiana Pacers,Detroit Pistons,Jarace Walker,16.00,0.19,20.60,48.80,28.10,980.00,10.00,0.18,17.30,46.20,27.30,596.00,5.00,0.16,14.60,40.60,25.40,278.00,3.00,0.13,12.90,33.30,23.70,157.00,0.73,0.42,0.34,1.74,0.80,1660,59.04,101.81,47.89,34.27,20.21,14.47,202.70,10.16,0.63,0.37,0.29,1.69,0.78,1023,58.26,101.68,45.92,33.39,17.20,12.50,205.20,8.43,0.57,0.36,0.26,1.60,0.73,511,54.40,102.00,40.52,31.54,14.57,11.34,199.30,7.33,0.54,0.39,0.25,1.41,0.64,305,51.48,101.59,33.27,27.72,12.89,10.74,215.10,6.00,44600.00,9.87,10.66,201.12,38.88
2025-11-24,Drake Powell,SG/SF,BKN,NY,3800,20.56,0.09,13.13,3.45,,,Brooklyn Nets,New York Knicks,Drake Powell,10.00,0.14,13.00,25.90,18.40,377.00,8.00,0.15,15.00,31.50,21.60,352.00,5.00,0.13,13.50,26.60,20.30,202.00,3.00,0.13,11.60,27.30,20.10,117.00,0.71,0.50,0.34,1.41,0.69,1561,24.15,99.36,16.49,28.94,8.27,14.52,197.40,6.59,0.69,0.48,0.34,1.46,0.72,964,36.51,99.15,25.92,29.98,12.34,14.28,212.20,7.07,0.67,0.51,0.33,1.31,0.66,477,42.35,98.85,27.56,26.94,13.99,13.67,219.50,6.15,0.58,0.42,0.30,1.36,0.70,286,40.91,99.09,28.38,27.92,12.06,11.86,214.80,5.40,44000.00,8.64,32.78,227.36,12.64
2025-11-24,Aaron Holiday,PG,HOU,PHO,3800,20.68,0.19,13.11,3.45,,,Houston Rockets,Phoenix Suns,Aaron Holiday,9.00,0.18,7.90,17.60,10.10,191.00,8.00,0.18,8.30,18.80,10.50,178.00,5.00,0.17,10.50,22.20,13.00,137.00,3.00,0.15,11.10,24.00,16.10,103.00,0.78,0.45,0.37,1.74,0.83,1404,13.60,99.39,11.21,36.04,5.03,16.18,185.70,4.25,0.79,0.44,0.37,1.79,0.84,996,17.87,99.09,14.96,37.03,6.61,16.35,187.80,4.42,0.81,0.47,0.38,1.71,0.81,496,27.62,99.19,22.20,35.32,10.50,16.70,195.80,5.36,0.69,0.46,0.32,1.49,0.70,296,34.80,98.67,24.00,30.83,11.10,14.26,182.10,6.10,41000.00,9.27,74.80,208.00,32.00
2025-11-24,Patrick Williams,PF/SF,CHI,NO,3900,16.56,0.10,13.05,3.35,Q,,Chicago Bulls,New Orleans Pelicans,Patrick Williams,15.00,0.15,16.90,33.40,21.00,699.00,9.00,0.15,15.10,32.20,19.80,406.00,4.00,0.18,14.00,26.00,15.50,150.00,2.00,0.19,14.40,30.50,15.50,72.00,0.80,0.51,0.36,1.59,0.72,1691,41.34,102.40,30.34,26.34,15.35,13.33,263.80,6.41,0.76,0.47,0.33,1.63,0.71,1074,37.80,103.16,27.84,26.94,13.05,12.63,259.90,5.81,0.90,0.54,0.37,1.68,0.69,552,27.17,104.49,19.69,27.78,10.60,14.96,247.10,5.67,0.93,0.47,0.40,1.97,0.85,322,22.36,105.50,19.99,32.59,9.44,15.39,228.60,6.30,53100.00,7.34,19.90,226.77,13.23
2025-11-24,John Konchar,SF,MEM,DEN,3600,16.98,0.10,12.90,3.58,,,Memphis Grizzlies,Denver Nuggets,John Konchar,15.00,0.08,10.80,19.50,12.70,416.00,8.00,0.08,10.20,20.50,11.90,199.00,5.00,0.09,11.80,26.60,14.70,151.00,3.00,0.10,14.60,32.30,17.90,108.00,0.85,0.55,0.39,1.54,0.70,1734,23.99,101.36,17.10,26.07,9.47,14.44,227.50,4.75,0.86,0.50,0.41,1.72,0.82,1006,19.78,100.53,16.39,29.24,8.15,14.55,226.80,4.50,0.80,0.44,0.39,1.81,0.88,492,30.69,99.70,26.95,30.72,11.96,13.63,231.70,5.09,0.82,0.45,0.41,1.80,0.90,290,37.24,98.00,32.75,30.63,14.80,13.85,250.20,5.84,50700.00,7.10,20.87,237.43,2.57
2025-11-24,Buddy Hield,SG/SF,GS,UTA,4100,18.34,0.16,12.58,3.07,,,Golden State Warriors,Utah Jazz,Buddy Hield,18.00,0.17,12.70,30.20,17.40,688.00,10.00,0.17,12.70,31.90,17.60,390.00,5.00,0.17,13.10,37.60,19.10,213.00,3.00,0.18,12.00,40.00,20.50,142.00,0.73,0.42,0.33,1.74,0.79,1836,37.47,102.13,30.24,31.84,12.72,13.39,191.50,6.63,0.72,0.40,0.33,1.81,0.82,1021,38.20,102.78,32.11,33.25,12.78,13.24,203.20,6.25,0.69,0.35,0.31,1.97,0.88,509,41.85,103.62,38.27,36.11,13.33,12.58,199.10,6.58,0.59,0.30,0.25,1.95,0.85,309,45.95,103.91,40.35,35.79,12.11,10.74,208.90,5.74,48000.00,8.54,68.67,217.31,22.69
2025-11-24,Gary Trent,SG/SF,MIL,POR,4100,26.02,3.04,12.55,3.06,,,Milwaukee Bucks,Portland Trail Blazers,Gary Trent Jr.,17.00,0.15,17.00,25.60,27.80,1000.00,10.00,0.13,12.60,22.10,26.30,546.00,5.00,0.15,12.90,22.40,26.80,282.00,3.00,0.15,12.50,24.70,29.50,188.00,0.61,0.66,0.29,0.92,0.44,1736,57.60,102.25,25.63,23.96,17.02,15.91,170.40,9.98,0.48,0.57,0.23,0.84,0.40,1019,53.58,101.25,21.96,21.86,12.52,12.46,172.00,7.33,0.48,0.58,0.23,0.84,0.40,518,54.44,100.91,21.82,21.75,12.57,12.52,173.00,7.46,0.42,0.51,0.20,0.84,0.39,310,60.65,100.77,24.09,21.78,12.19,11.02,188.80,6.62,41900.00,9.79,52.23,211.04,28.96
2025-11-24,Isaiah Livers,PF,PHO,HOU,3500,19.08,0.39,11.67,3.34,,,Phoenix Suns,Houston Rockets,Isaiah Livers,11.00,0.09,7.80,12.60,11.50,275.00,7.00,0.09,9.10,14.70,12.70,190.00,5.00,0.08,10.30,16.20,14.20,155.00,3.00,0.11,9.10,12.30,11.40,78.00,0.68,0.62,0.31,1.10,0.50,1724,15.95,99.39,7.99,20.91,4.95,12.94,176.70,4.41,0.72,0.62,0.34,1.16,0.54,996,19.08,99.09,10.24,22.09,6.34,13.67,175.70,5.18,0.73,0.64,0.33,1.14,0.52,506,30.63,99.19,15.88,21.77,10.10,13.84,193.10,5.33,0.80,0.74,0.35,1.08,0.47,306,25.49,98.67,11.90,20.59,8.80,15.23,190.20,4.78,40400.00,8.66,90.58,221.56,18.44
2025-11-24,Luke Travers,SF,CLE,TOR,3500,17.87,0.39,11.45,3.27,,,Cleveland Cavaliers,Toronto Raptors,Luke Travers,7.00,0.14,8.90,13.60,8.80,138.00,4.00,0.13,12.30,14.00,9.40,86.00,1.00,0.09,12.90,15.00,14.90,31.00,1.00,0.09,12.90,15.00,14.90,31.00,1.01,0.65,0.45,1.55,0.69,1852,7.45,101.90,5.24,27.61,3.43,18.07,191.00,4.66,1.31,0.88,0.57,1.49,0.65,1029,8.36,101.15,5.50,26.61,4.84,23.38,201.30,6.11,0.87,0.86,0.42,1.01,0.48,504,6.15,101.06,3.01,17.99,2.59,15.47,187.10,6.89,0.87,0.86,0.42,1.01,0.48,298,10.40,98.92,4.98,17.99,4.28,15.47,185.90,6.94,46300.00,7.56,57.77,232.51,7.49
2025-11-24,Jaden Ivey,SG/PG,DET,IND,5300,16.62,0.03,11.29,2.13,P,,Detroit Pistons,Indiana Pacers,Jaden Ivey,1.00,0.23,16.20,31.00,15.40,35.00,1.00,0.23,16.20,31.00,15.40,35.00,1.00,0.23,16.20,31.00,15.40,35.00,1.00,0.23,16.20,31.00,15.40,35.00,1.05,0.52,0.46,2.01,0.89,1632,2.14,101.81,1.93,33.46,1.01,17.48,275.50,5.88,1.05,0.52,0.46,2.01,0.89,1022,3.42,101.68,3.08,33.46,1.61,17.48,301.60,5.37,1.05,0.52,0.46,2.01,0.89,508,6.89,102.00,6.22,33.46,3.25,17.48,290.70,5.57,1.05,0.52,0.46,2.01,0.89,304,11.51,101.59,10.36,33.46,5.41,17.48,273.90,5.91,61400.00,8.63,11.72,224.00,16.00
2025-11-24,Jericho Sims,C,MIL,POR,3600,17.98,0.01,11.22,3.12,,,Milwaukee Bucks,Portland Trail Blazers,Jericho Sims,12.00,0.07,6.20,11.90,9.30,237.00,8.00,0.07,8.20,15.60,12.20,206.00,5.00,0.07,10.10,17.40,13.80,148.00,3.00,0.08,12.30,20.00,17.00,108.00,0.67,0.52,0.31,1.28,0.60,1736,13.65,102.25,8.41,23.00,4.38,11.98,170.40,3.64,0.67,0.53,0.32,1.28,0.61,1019,20.22,101.25,12.40,22.99,6.52,12.08,172.00,4.77,0.73,0.58,0.34,1.26,0.59,518,28.57,100.91,16.95,22.66,9.84,13.16,173.00,5.84,0.72,0.61,0.34,1.18,0.56,310,34.84,100.77,19.50,21.15,11.99,13.01,188.80,6.51,41900.00,8.59,52.23,211.04,28.96
2025-11-24,Bryce McGowens,SG,NO,CHI,3500,17.11,0.61,10.26,2.93,,,New Orleans Pelicans,Chicago Bulls,Bryce McGowens,7.00,0.17,6.90,13.30,9.00,139.00,4.00,0.18,10.00,18.30,12.60,112.00,3.00,0.17,12.00,21.30,15.00,99.00,1.00,0.16,16.20,24.00,20.00,42.00,0.77,0.52,0.35,1.48,0.67,1719,8.09,102.40,5.55,25.28,2.88,13.12,199.50,3.46,0.79,0.55,0.36,1.45,0.65,1013,11.06,103.16,7.45,24.85,4.07,13.58,212.30,4.71,0.80,0.56,0.36,1.42,0.65,515,19.22,104.49,12.96,24.30,7.30,13.69,216.60,5.54,0.81,0.67,0.39,1.20,0.57,311,13.50,105.50,8.14,20.53,5.50,13.86,225.50,7.18,48200.00,7.26,47.55,231.50,8.50
2025-11-24,Guerschon Yabusele,PF,NY,BKN,3600,17.76,0.17,8.69,2.41,,,New York Knicks,Brooklyn Nets,Guerschon Yabusele,14.00,0.13,6.70,12.10,10.50,317.00,10.00,0.13,6.30,10.60,10.20,227.00,5.00,0.12,6.70,9.20,10.40,117.00,3.00,0.11,6.20,11.70,13.50,89.00,0.64,0.55,0.30,1.15,0.53,1514,20.94,99.36,11.12,20.47,6.16,11.33,192.40,3.48,0.62,0.59,0.28,1.04,0.47,1017,22.32,99.15,10.33,18.46,6.14,10.97,199.40,3.16,0.64,0.73,0.29,0.88,0.39,512,22.85,98.85,8.88,15.71,6.47,11.44,209.80,3.19,0.46,0.53,0.21,0.87,0.39,309,28.80,99.09,11.26,15.39,5.96,8.16,215.10,2.88,45000.00,8.00,51.19,205.24,34.76
2025-11-24,Larry Nance,PF/C,CLE,TOR,3700,17.24,0.25,8.20,2.22,,,Cleveland Cavaliers,Toronto Raptors,Larry Nance Jr.,14.00,0.14,10.70,18.90,15.20,456.00,6.00,0.10,8.10,14.30,12.80,167.00,3.00,0.12,6.70,14.30,12.10,79.00,2.00,0.09,10.60,18.50,15.90,69.00,0.70,0.57,0.33,1.24,0.58,1852,24.62,101.90,14.56,21.43,8.24,12.13,191.00,5.60,0.63,0.57,0.29,1.12,0.51,1029,16.23,101.15,8.43,19.26,4.78,10.91,201.30,4.02,0.55,0.47,0.25,1.18,0.54,504,15.67,101.06,8.60,20.37,4.03,9.54,187.10,3.58,0.67,0.57,0.31,1.16,0.54,298,23.15,98.92,12.28,20.06,7.04,11.49,185.90,5.70,46300.00,7.99,57.77,232.51,7.49
2025-11-24,Spencer Jones,SF,DEN,MEM,3600,27.69,0.15,7.96,2.21,,,Denver Nuggets,Memphis Grizzlies,Spencer Jones,12.00,0.07,4.80,7.60,11.10,283.00,8.00,0.05,6.50,8.90,14.80,247.00,5.00,0.04,5.20,7.80,15.80,162.00,3.00,0.04,6.20,8.70,18.60,108.00,0.43,0.63,0.20,0.68,0.32,1624,17.43,101.36,5.69,18.96,3.60,11.97,183.60,2.61,0.44,0.73,0.21,0.60,0.29,1005,24.58,100.53,7.12,16.65,5.20,12.16,192.20,3.38,0.33,0.67,0.16,0.49,0.24,507,31.95,99.70,7.67,13.67,5.11,9.11,204.30,2.55,0.33,0.71,0.17,0.47,0.24,298,36.24,98.00,8.58,12.95,6.12,9.23,200.60,3.09,43000.00,8.37,61.05,210.69,29.31
2025-11-24,Collin Murray-Boyles,PF/SF,TOR,CLE,4100,17.18,0.07,7.60,1.85,,,Toronto Raptors,Cleveland Cavaliers,Collin Murray-Boyles,12.00,0.16,15.80,30.50,19.70,496.00,7.00,0.13,12.40,24.60,17.60,269.00,3.00,0.12,8.80,22.70,16.50,110.00,1.00,0.02,4.70,22.00,17.10,36.00,0.80,0.52,0.38,1.55,0.74,1726,28.74,101.90,21.61,26.59,11.19,13.78,214.80,7.36,0.70,0.50,0.32,1.40,0.64,1004,26.79,101.15,17.35,24.01,8.74,12.10,225.40,5.50,0.53,0.39,0.24,1.38,0.62,507,21.70,101.06,13.57,23.63,5.26,9.16,224.40,3.92,0.27,0.21,0.13,1.29,0.61,298,12.08,98.92,7.30,22.10,1.56,4.72,227.00,2.07,49900.00,8.22,27.73,226.41,13.59
2025-11-24,Cody Williams,SF,UTA,GS,3500,17.74,0.08,4.75,1.36,,,Utah Jazz,Golden State Warriors,Cody Williams,11.00,0.12,5.20,11.50,12.80,316.00,7.00,0.12,5.30,12.70,14.70,233.00,5.00,0.10,3.80,11.60,14.90,167.00,3.00,0.11,4.80,14.00,14.60,96.00,0.41,0.45,0.18,0.90,0.40,1675,18.87,102.13,7.71,15.94,3.49,7.21,205.20,2.53,0.36,0.42,0.16,0.86,0.38,1054,22.11,102.78,8.67,15.32,3.62,6.40,213.90,2.48,0.26,0.33,0.11,0.78,0.35,546,30.59,103.62,11.01,13.81,3.61,4.52,226.20,1.68,0.33,0.34,0.15,0.96,0.44,313,30.67,103.91,13.94,17.01,4.78,5.83,200.60,2.39,47000.00,7.45,18.77,223.16,16.84
