game_date,player,pos,team,opp,salary,proj_mins,ownership,fp_proj,projected_value,status,game_info,team_full_name,opp_full_name,db_player,gp_sl,usg_pct_sl,fp_sl,touches_sl,min_sl,poss_sl,gp_l10,usg_pct_l10,fp_l10,touches_l10,min_l10,poss_l10,gp_l5,usg_pct_l5,fp_l5,touches_l5,min_l5,poss_l5,gp_l3,usg_pct_l3,fp_l3,touches_l3,min_l3,poss_l3,fppm_sl,fppt_sl,fppp_sl,tpm_sl,tpp_sl,team_poss_sl,poss_pct_sl,implied_poss_sl,touches_ip_sl,touches_tpm_sl,fp_proj_it_sl,fp_proj_tpm_sl,team_fp_sl,fp_per_sl,fppm_l10,fppt_l10,fppp_l10,tpm_l10,tpp_l10,team_poss_l10,poss_pct_l10,implied_poss_l10,touches_ip_l10,touches_tpm_l10,fp_proj_it_l10,fp_proj_tpm_l10,team_fp_l10,fp_per_l10,fppm_l5,fppt_l5,fppp_l5,tpm_l5,tpp_l5,team_poss_l5,poss_pct_l5,implied_poss_l5,touches_ip_l5,touches_tpm_l5,fp_proj_it_l5,fp_proj_tpm_l5,team_fp_l5,fp_per_l5,fppm_l3,fppt_l3,fppp_l3,tpm_l3,tpp_l3,team_poss_l3,poss_pct_l3,implied_poss_l3,touches_ip_l3,touches_tpm_l3,fp_proj_it_l3,fp_proj_tpm_l3,team_fp_l3,fp_per_l3,team_salary,salary_share,team_ownership,team_minutes,minutes_avail
2025-11-07,Nikola Jokic,C,DEN,GS,12400,34.87,13.02,67.60,5.45,,,Denver Nuggets,Golden State Warriors,Nikola Jokić,7.00,0.23,65.00,99.40,35.20,525.00,7.00,0.23,65.00,99.40,35.20,525.00,5.00,0.23,68.40,100.40,34.70,370.00,3.00,0.24,72.90,107.00,36.50,238.00,1.85,0.65,0.87,2.82,1.33,725,72.41,101.67,97.58,98.46,63.81,64.39,226.50,28.70,1.85,0.65,0.87,2.82,1.33,725,72.41,101.67,97.58,98.46,63.81,64.39,226.50,28.70,1.97,0.68,0.92,2.89,1.36,513,72.12,101.25,99.08,100.88,67.50,68.73,225.60,30.32,2.00,0.68,0.92,2.93,1.35,311,76.53,103.08,106.39,102.21,72.49,69.64,232.00,31.42,48200.00,25.73,24.03,218.93,21.07
2025-11-07,Giannis Antetokounmpo,PF,MIL,CHI,12000,31.79,15.29,53.43,4.45,,,Milwaukee Bucks,Chicago Bulls,Giannis Antetokounmpo,7.00,0.34,59.80,75.70,31.20,466.00,7.00,0.34,59.80,75.70,31.20,466.00,4.00,0.34,53.90,72.30,30.20,252.00,3.00,0.32,51.10,69.30,29.20,183.00,1.92,0.79,0.90,2.43,1.14,818,56.97,102.51,66.41,77.12,52.46,60.92,226.00,26.46,1.92,0.79,0.90,2.43,1.14,818,56.97,102.51,66.41,77.12,52.46,60.92,226.00,26.46,1.78,0.75,0.86,2.39,1.15,504,50.00,101.00,57.95,76.10,43.21,56.73,218.40,24.68,1.75,0.74,0.84,2.37,1.14,303,60.40,100.66,69.07,75.44,50.93,55.63,203.10,25.16,51100.00,23.48,27.78,228.46,11.54
2025-11-07,Victor Wembanyama,C/PF,SA,HOU,12500,33.80,7.62,52.56,4.20,Confirmed,,San Antonio Spurs,Houston Rockets,Victor Wembanyama,7.00,0.31,59.10,68.40,33.70,496.00,7.00,0.31,59.10,68.40,33.70,496.00,5.00,0.29,53.50,68.80,34.80,369.00,3.00,0.30,46.20,69.70,35.60,225.00,1.75,0.86,0.83,2.03,0.97,707,70.16,98.87,66.96,68.61,57.85,59.28,204.50,28.90,1.75,0.86,0.83,2.03,0.97,707,70.16,98.87,66.96,68.61,57.85,59.28,204.50,28.90,1.54,0.78,0.72,1.98,0.93,500,73.80,99.55,68.49,66.83,53.26,51.97,199.50,26.82,1.30,0.66,0.62,1.96,0.93,305,73.77,101.34,69.48,66.18,46.05,43.87,197.40,23.40,42600.00,29.34,29.56,205.94,34.06
2025-11-07,Josh Giddey,PG/SG,CHI,MIL,9400,33.96,20.91,51.85,5.52,,,Chicago Bulls,Milwaukee Bucks,Josh Giddey,7.00,0.28,48.70,97.70,34.20,515.00,7.00,0.28,48.70,97.70,34.20,515.00,5.00,0.27,53.30,103.20,35.60,379.00,3.00,0.28,59.90,114.00,38.10,241.00,1.42,0.50,0.66,2.86,1.33,719,71.63,102.51,97.51,97.02,48.60,48.36,245.70,19.82,1.42,0.50,0.66,2.86,1.33,719,71.63,102.51,97.51,97.02,48.60,48.36,245.70,19.82,1.50,0.52,0.70,2.90,1.36,506,74.90,101.00,103.00,98.45,53.19,50.85,252.70,21.09,1.57,0.53,0.75,2.99,1.42,302,79.80,100.66,113.99,101.62,59.90,53.39,270.00,22.19,49500.00,18.99,36.18,230.29,9.71
2025-11-07,Shai Gilgeous-Alexander,PG,OKC,SAC,11500,32.06,6.72,51.49,4.48,,,Oklahoma City Thunder,Sacramento Kings,Shai Gilgeous-Alexander,9.00,0.34,53.80,74.40,35.40,659.00,9.00,0.34,53.80,74.40,35.40,659.00,5.00,0.32,52.30,68.40,32.30,347.00,3.00,0.32,51.50,64.00,32.20,209.00,1.52,0.72,0.73,2.10,1.02,936,70.41,101.20,72.40,67.38,52.35,48.72,243.50,22.09,1.52,0.72,0.73,2.10,1.02,936,70.41,101.20,72.40,67.38,52.35,48.72,243.50,22.09,1.62,0.76,0.75,2.12,0.99,510,68.04,102.40,68.67,67.89,52.51,51.91,237.70,22.00,1.60,0.80,0.74,1.99,0.92,306,68.30,103.17,64.73,63.72,52.09,51.28,232.00,22.20,48800.00,23.57,33.85,214.42,25.58
2025-11-07,Cade Cunningham,PG,DET,BKN,10400,34.83,11.53,49.50,4.76,Confirmed,,Detroit Pistons,Brooklyn Nets,Cade Cunningham,8.00,0.29,47.20,97.90,36.10,610.00,8.00,0.29,47.20,97.90,36.10,610.00,5.00,0.28,51.20,96.20,35.50,376.00,3.00,0.29,54.60,104.00,37.70,239.00,1.31,0.48,0.62,2.71,1.28,809,75.40,100.28,97.08,94.46,46.81,45.54,211.70,22.30,1.31,0.48,0.62,2.71,1.28,809,75.40,100.28,97.08,94.46,46.81,45.54,211.70,22.30,1.44,0.53,0.68,2.71,1.28,505,74.46,99.45,94.72,94.39,50.41,50.24,214.80,23.84,1.45,0.53,0.69,2.76,1.31,300,79.67,100.00,104.00,96.09,54.60,50.45,236.80,23.06,45900.00,22.66,56.72,223.09,16.91
2025-11-07,Paolo Banchero,PF/SF,ORL,BOS,9200,34.28,4.33,48.46,5.27,Confirmed,,Orlando Magic,Boston Celtics,Paolo Banchero,8.00,0.28,44.30,72.10,34.40,592.00,8.00,0.28,44.30,72.10,34.40,592.00,5.00,0.28,50.30,72.40,33.70,355.00,3.00,0.27,48.90,72.00,31.90,206.00,1.29,0.61,0.60,2.10,0.97,824,71.84,99.94,69.96,71.85,42.98,44.15,214.70,20.63,1.29,0.61,0.60,2.10,0.97,824,71.84,99.94,69.96,71.85,42.98,44.15,214.70,20.63,1.49,0.69,0.71,2.15,1.02,502,70.72,98.80,71.25,73.65,49.50,51.17,218.30,23.04,1.53,0.68,0.71,2.26,1.05,303,67.99,99.50,70.93,77.37,48.17,52.55,224.70,21.76,46000.00,20.00,13.60,207.14,32.86
2025-11-07,Alperen Sengun,C,HOU,SA,9400,34.29,3.43,46.75,4.97,Confirmed,,Houston Rockets,San Antonio Spurs,Alperen Sengun,7.00,0.26,48.90,82.70,36.80,535.00,7.00,0.26,48.90,82.70,36.80,535.00,5.00,0.25,46.50,78.40,34.10,358.00,3.00,0.28,48.10,88.00,35.10,226.00,1.33,0.59,0.64,2.25,1.08,713,75.04,98.87,80.27,77.06,47.47,45.56,237.90,20.55,1.33,0.59,0.64,2.25,1.08,713,75.04,98.87,80.27,77.06,47.47,45.56,237.90,20.55,1.36,0.59,0.65,2.30,1.09,498,71.89,99.55,78.36,78.83,46.48,46.76,244.80,19.00,1.37,0.55,0.64,2.51,1.17,305,74.10,101.34,87.72,85.97,47.95,46.99,237.50,20.25,49300.00,19.07,18.02,222.70,17.30
2025-11-07,Scottie Barnes,PF/SF,TOR,ATL,8700,32.73,5.74,46.14,5.30,Confirmed,,Toronto Raptors,Atlanta Hawks,Scottie Barnes,8.00,0.25,44.10,68.40,32.30,556.00,8.00,0.25,44.10,68.40,32.30,556.00,5.00,0.24,43.00,63.80,31.40,320.00,3.00,0.25,50.20,66.70,31.50,191.00,1.37,0.64,0.63,2.12,0.98,822,67.64,102.66,68.34,69.32,44.06,44.69,225.60,19.55,1.37,0.64,0.63,2.12,0.98,822,67.64,102.66,68.34,69.32,44.06,44.69,225.60,19.55,1.37,0.67,0.67,2.03,1.00,493,64.91,100.45,65.00,66.51,43.81,44.83,213.80,20.11,1.59,0.75,0.79,2.12,1.05,294,64.97,100.50,68.40,69.31,51.48,52.17,236.70,21.21,50900.00,17.09,15.29,220.58,19.42
2025-11-07,Julius Randle,PF,MIN,UTA,8900,33.60,3.22,45.25,5.08,,,Minnesota Timberwolves,Utah Jazz,Julius Randle,8.00,0.27,45.40,68.80,34.90,580.00,8.00,0.27,45.40,68.80,34.90,580.00,5.00,0.28,46.10,70.40,34.80,359.00,3.00,0.28,46.20,72.00,34.60,214.00,1.30,0.66,0.63,1.97,0.95,795,72.96,100.00,69.23,66.24,45.69,43.71,216.70,20.95,1.30,0.66,0.63,1.97,0.95,795,72.96,100.00,69.23,66.24,45.69,43.71,216.70,20.95,1.32,0.65,0.64,2.02,0.98,494,72.67,100.45,71.58,67.97,46.87,44.51,223.80,20.60,1.34,0.64,0.65,2.08,1.01,294,72.79,98.66,72.48,69.92,46.51,44.87,222.60,20.75,49200.00,18.09,30.42,220.22,19.78
2025-11-07,Jaylen Brown,SF/SG,BOS,ORL,8600,32.29,3.55,42.84,4.98,Confirmed,,Boston Celtics,Orlando Magic,Jaylen Brown,9.00,0.34,39.30,62.40,31.10,569.00,9.00,0.34,39.30,62.40,31.10,569.00,5.00,0.36,41.90,59.60,29.80,304.00,3.00,0.40,39.30,58.30,28.40,177.00,1.26,0.63,0.62,2.01,0.99,872,65.25,99.94,64.37,64.79,40.54,40.81,191.20,20.55,1.26,0.63,0.62,2.01,0.99,872,65.25,99.94,64.37,64.79,40.54,40.81,191.20,20.55,1.41,0.70,0.69,2.00,0.98,484,62.81,98.80,60.83,64.59,42.77,45.41,191.40,21.89,1.38,0.67,0.67,2.05,0.99,292,60.62,99.50,59.60,66.29,40.17,44.69,177.70,22.12,41400.00,20.77,7.60,191.77,48.23
2025-11-07,Jalen Johnson,PF/SF,ATL,TOR,8400,33.22,17.16,42.78,5.09,Confirmed,,Atlanta Hawks,Toronto Raptors,Jalen Johnson,7.00,0.24,41.10,77.60,31.90,496.00,7.00,0.24,41.10,77.60,31.90,496.00,5.00,0.24,43.80,77.80,32.40,354.00,3.00,0.23,44.80,82.30,33.70,224.00,1.29,0.53,0.58,2.43,1.10,821,60.41,102.66,67.92,80.82,35.97,42.81,208.20,19.74,1.29,0.53,0.58,2.43,1.10,821,60.41,102.66,67.92,80.82,35.97,42.81,208.20,19.74,1.35,0.56,0.62,2.40,1.10,511,69.28,100.45,76.47,79.78,43.05,44.91,215.60,20.32,1.33,0.54,0.60,2.44,1.10,309,72.49,100.50,80.30,81.14,43.71,44.17,227.10,19.73,46800.00,17.95,52.95,212.46,27.54
2025-11-07,Evan Mobley,PF/C,CLE,WAS,8800,31.98,17.02,42.53,4.83,Confirmed,,Cleveland Cavaliers,Washington Wizards,Evan Mobley,8.00,0.25,44.20,76.50,34.10,588.00,8.00,0.25,44.20,76.50,34.10,588.00,5.00,0.25,44.10,75.60,33.70,360.00,3.00,0.25,43.60,81.00,34.70,226.00,1.30,0.58,0.60,2.24,1.04,823,71.45,103.57,77.02,71.74,44.50,41.45,237.50,18.61,1.30,0.58,0.60,2.24,1.04,823,71.45,103.57,77.02,71.74,44.50,41.45,237.50,18.61,1.31,0.58,0.61,2.24,1.05,510,70.59,102.09,75.67,71.74,44.14,41.85,242.90,18.16,1.26,0.54,0.58,2.33,1.08,310,72.90,103.00,80.74,74.65,43.46,40.18,276.80,15.75,52900.00,16.64,32.53,232.58,7.42
2025-11-07,Jalen Duren,C,DET,BKN,7200,31.02,16.59,42.34,5.88,Confirmed,,Detroit Pistons,Brooklyn Nets,Jalen Duren,8.00,0.23,37.90,44.10,26.40,445.00,8.00,0.23,37.90,44.10,26.40,445.00,5.00,0.22,40.80,48.80,30.30,317.00,3.00,0.22,47.40,52.00,32.70,202.00,1.44,0.86,0.68,1.67,0.79,809,55.01,100.28,43.73,51.81,37.58,44.53,211.70,17.90,1.44,0.86,0.68,1.67,0.79,809,55.01,100.28,43.73,51.81,37.58,44.53,211.70,17.90,1.35,0.84,0.64,1.61,0.77,505,62.77,99.45,48.05,49.95,40.17,41.76,214.80,18.99,1.45,0.91,0.70,1.59,0.77,300,67.33,100.00,52.00,49.32,47.40,44.96,236.80,20.02,45900.00,15.69,56.72,223.09,16.91
2025-11-07,Donovan Mitchell,SG/PG,CLE,WAS,8900,32.50,11.66,42.23,4.75,Confirmed,,Cleveland Cavaliers,Washington Wizards,Donovan Mitchell,7.00,0.30,44.20,72.40,33.80,522.00,7.00,0.30,44.20,72.40,33.80,522.00,4.00,0.30,44.90,70.50,33.10,291.00,2.00,0.31,58.40,79.00,35.50,159.00,1.31,0.61,0.59,2.14,0.97,823,63.43,103.57,63.78,69.62,38.94,42.50,237.50,18.61,1.31,0.61,0.59,2.14,0.97,823,63.43,103.57,63.78,69.62,38.94,42.50,237.50,18.61,1.36,0.64,0.62,2.13,0.97,510,57.06,102.09,56.45,69.23,35.95,44.09,242.90,18.48,1.65,0.74,0.73,2.23,0.99,310,51.29,103.00,52.50,72.33,38.81,53.47,276.80,21.10,52900.00,16.82,32.53,232.58,7.42
2025-11-07,Alex Sarr,C/PF,WAS,CLE,7500,27.98,6.86,41.39,5.52,Confirmed,,Washington Wizards,Cleveland Cavaliers,Alex Sarr,8.00,0.26,40.90,60.40,27.90,482.00,8.00,0.26,40.90,60.40,27.90,482.00,5.00,0.27,43.50,66.00,29.30,312.00,3.00,0.26,42.10,63.30,28.80,187.00,1.47,0.68,0.68,2.16,1.00,847,56.91,103.57,59.09,60.57,40.01,41.02,169.40,24.14,1.47,0.68,0.68,2.16,1.00,847,56.91,103.57,59.09,60.57,40.01,41.02,169.40,24.14,1.48,0.66,0.70,2.25,1.06,523,59.66,102.09,64.42,63.03,42.46,41.54,161.20,26.99,1.46,0.67,0.68,2.20,1.02,310,60.32,103.00,63.10,61.50,41.96,40.90,148.30,28.39,40300.00,18.61,35.68,204.65,35.35
2025-11-07,Stephon Castle,SG/PG,SA,HOU,7400,33.82,6.41,40.03,5.41,Confirmed,,San Antonio Spurs,Houston Rockets,Stephon Castle,7.00,0.27,37.50,78.70,32.80,481.00,7.00,0.27,37.50,78.70,32.80,481.00,5.00,0.25,38.80,79.60,33.50,353.00,3.00,0.23,46.40,90.30,35.50,225.00,1.14,0.48,0.55,2.40,1.15,707,68.03,98.87,77.04,81.14,36.71,38.66,204.50,18.34,1.14,0.48,0.55,2.40,1.15,707,68.03,98.87,77.04,81.14,36.71,38.66,204.50,18.34,1.16,0.49,0.55,2.38,1.13,500,70.60,99.55,79.24,80.35,38.63,39.17,199.50,19.45,1.31,0.51,0.62,2.54,1.20,305,73.77,101.34,90.01,86.01,46.25,44.20,197.40,23.51,42600.00,17.37,29.56,205.94,34.06
2025-11-07,Nikola Vucevic,C,CHI,MIL,8000,30.79,3.40,39.70,4.96,,,Chicago Bulls,Milwaukee Bucks,Nikola Vučević,7.00,0.21,40.80,73.00,32.00,482.00,7.00,0.21,40.80,73.00,32.00,482.00,5.00,0.20,41.90,75.00,32.10,342.00,3.00,0.23,37.40,73.00,31.30,199.00,1.27,0.56,0.59,2.28,1.06,719,67.04,102.51,72.85,70.25,40.72,39.26,245.70,16.61,1.27,0.56,0.59,2.28,1.06,719,67.04,102.51,72.85,70.25,40.72,39.26,245.70,16.61,1.31,0.56,0.61,2.34,1.10,506,67.59,101.00,74.85,71.94,41.82,40.19,252.70,16.58,1.19,0.51,0.56,2.33,1.10,302,65.89,100.66,73.00,71.82,37.40,36.79,270.00,13.85,49500.00,16.16,36.18,230.29,9.71
2025-11-07,Amen Thompson,SG/PG,HOU,SA,8200,33.89,8.29,39.30,4.79,Confirmed,,Houston Rockets,San Antonio Spurs,Amen Thompson,7.00,0.22,36.10,74.30,34.90,506.00,7.00,0.22,36.10,74.30,34.90,506.00,5.00,0.23,41.30,78.00,35.10,370.00,3.00,0.25,44.40,86.30,36.70,236.00,1.03,0.49,0.50,2.13,1.03,713,70.97,98.87,72.12,72.15,35.04,35.05,237.90,15.17,1.03,0.49,0.50,2.13,1.03,713,70.97,98.87,72.12,72.15,35.04,35.05,237.90,15.17,1.18,0.53,0.56,2.22,1.05,498,74.30,99.55,77.96,75.31,41.28,39.87,244.80,16.87,1.21,0.51,0.56,2.35,1.10,305,77.38,101.34,86.02,79.69,44.26,41.00,237.50,18.69,49300.00,16.63,18.02,222.70,17.30
2025-11-07,Russell Westbrook,PG,SAC,OKC,6800,29.98,10.32,38.76,5.70,,,Sacramento Kings,Oklahoma City Thunder,Russell Westbrook,8.00,0.22,34.00,59.60,28.60,501.00,8.00,0.22,34.00,59.60,28.60,501.00,5.00,0.22,41.20,69.00,33.10,362.00,3.00,0.22,48.20,76.30,35.50,234.00,1.19,0.57,0.54,2.08,0.95,820,61.10,101.20,58.84,62.49,33.57,35.65,206.80,16.44,1.19,0.57,0.54,2.08,0.95,820,61.10,101.20,58.84,62.49,33.57,35.65,206.80,16.44,1.24,0.60,0.57,2.08,0.95,515,70.29,102.40,68.60,62.51,40.96,37.32,204.80,20.12,1.36,0.63,0.62,2.15,0.98,313,74.76,103.17,75.45,64.45,47.66,40.71,223.30,21.59,40200.00,16.92,60.16,216.32,23.68
2025-11-07,Lauri Markkanen,PF/SF,UTA,MIN,7700,33.88,7.46,38.06,4.94,,,Utah Jazz,Minnesota Timberwolves,Lauri Markkanen,8.00,0.28,43.20,60.40,37.10,631.00,8.00,0.28,43.20,60.40,37.10,631.00,5.00,0.28,40.50,59.40,36.40,390.00,3.00,0.29,35.20,61.70,36.50,230.00,1.16,0.72,0.55,1.63,0.77,819,77.05,100.00,59.00,55.17,42.20,39.46,164.10,26.33,1.16,0.72,0.55,1.63,0.77,819,77.05,100.00,59.00,55.17,42.20,39.46,164.10,26.33,1.11,0.68,0.52,1.63,0.76,511,76.32,100.45,58.38,55.30,39.81,37.70,160.90,25.17,0.96,0.57,0.46,1.69,0.80,299,76.92,98.66,61.08,57.28,34.84,32.68,164.80,21.36,37000.00,20.81,25.81,179.25,60.75
2025-11-07,Nic Claxton,C,BKN,DET,6300,29.61,8.81,38.00,6.03,Confirmed,,Brooklyn Nets,Detroit Pistons,Nic Claxton,8.00,0.18,33.30,48.40,28.70,477.00,8.00,0.18,33.30,48.40,28.70,477.00,5.00,0.18,37.40,49.40,29.90,306.00,3.00,0.18,46.30,56.30,32.50,201.00,1.16,0.69,0.56,1.69,0.81,793,60.15,100.28,48.96,49.94,33.69,34.36,185.20,17.98,1.16,0.69,0.56,1.69,0.81,793,60.15,100.28,48.96,49.94,33.69,34.36,185.20,17.98,1.25,0.76,0.61,1.65,0.81,488,62.70,99.45,50.34,48.93,38.11,37.04,198.80,18.81,1.42,0.82,0.69,1.73,0.84,298,67.45,100.00,56.68,51.30,46.61,42.19,209.10,22.14,42600.00,14.79,42.22,226.07,13.93
2025-11-07,Miles Bridges,PF/SF,CHA,MIA,8000,33.76,20.23,37.37,4.67,,,Charlotte Hornets,Miami Heat,Miles Bridges,8.00,0.24,36.20,57.30,33.60,585.00,8.00,0.24,36.20,57.30,33.60,585.00,5.00,0.25,35.60,58.60,34.20,364.00,3.00,0.26,42.80,65.30,35.60,226.00,1.08,0.63,0.50,1.71,0.78,823,71.08,104.66,58.29,57.57,36.83,36.37,172.50,20.99,1.08,0.63,0.50,1.71,0.78,823,71.08,104.66,58.29,57.57,36.83,36.37,172.50,20.99,1.04,0.61,0.49,1.71,0.80,505,72.08,102.75,59.62,57.85,36.22,35.14,179.80,19.80,1.20,0.66,0.57,1.83,0.87,302,74.83,102.75,66.65,61.93,43.69,40.59,198.10,21.61,42300.00,18.91,94.13,237.09,2.91
2025-11-07,Keyonte George,PG/SG,UTA,MIN,7300,32.54,2.38,37.34,5.11,,,Utah Jazz,Minnesota Timberwolves,Keyonte George,8.00,0.27,39.00,89.80,34.60,579.00,8.00,0.27,39.00,89.80,34.60,579.00,5.00,0.28,39.40,86.20,34.10,364.00,3.00,0.28,37.80,90.70,35.40,220.00,1.13,0.43,0.54,2.60,1.24,819,70.70,100.00,87.72,84.46,38.10,36.68,164.10,23.77,1.13,0.43,0.54,2.60,1.24,819,70.70,100.00,87.72,84.46,38.10,36.68,164.10,23.77,1.16,0.46,0.54,2.53,1.18,511,71.23,100.45,84.72,82.26,38.73,37.60,160.90,24.49,1.07,0.42,0.52,2.56,1.24,299,73.58,98.66,89.78,83.37,37.42,34.75,164.80,22.94,37000.00,19.73,25.81,179.25,60.75
2025-11-07,Kevin Durant,SF/PF,HOU,SA,8300,34.86,5.08,37.16,4.48,Confirmed,,Houston Rockets,San Antonio Spurs,Kevin Durant,7.00,0.25,38.60,61.90,35.40,515.00,7.00,0.25,38.60,61.90,35.40,515.00,5.00,0.26,36.30,59.20,32.80,347.00,3.00,0.23,35.10,60.70,34.10,222.00,1.09,0.62,0.52,1.75,0.84,713,72.23,98.87,60.08,60.95,37.47,38.01,237.90,16.23,1.09,0.62,0.52,1.75,0.84,713,72.23,98.87,60.08,60.95,37.47,38.01,237.90,16.23,1.11,0.61,0.52,1.80,0.85,498,69.68,99.55,59.17,62.91,36.28,38.58,244.80,14.83,1.03,0.58,0.47,1.78,0.82,305,72.79,101.34,60.50,62.05,34.99,35.88,237.50,14.78,49300.00,16.84,18.02,222.70,17.30
2025-11-07,Jamal Murray,PG/SG,DEN,GS,7700,32.38,8.32,36.90,4.79,,,Denver Nuggets,Golden State Warriors,Jamal Murray,7.00,0.27,39.40,66.40,33.50,498.00,7.00,0.27,39.40,66.40,33.50,498.00,5.00,0.27,37.60,67.40,32.50,351.00,3.00,0.22,34.90,71.70,33.40,221.00,1.18,0.59,0.55,1.98,0.93,725,68.69,101.67,65.18,64.18,38.68,38.08,226.50,17.40,1.18,0.59,0.55,1.98,0.93,725,68.69,101.67,65.18,64.18,38.68,38.08,226.50,17.40,1.16,0.56,0.54,2.07,0.96,513,68.42,101.25,66.51,67.15,37.11,37.46,225.60,16.67,1.04,0.49,0.47,2.15,0.97,311,71.06,103.08,71.29,69.51,34.70,33.83,232.00,15.04,48200.00,15.98,24.03,218.93,21.07
2025-11-07,Michael Porter,PF/SF,BKN,DET,7200,32.45,11.14,36.16,5.02,Confirmed,,Brooklyn Nets,Detroit Pistons,Michael Porter Jr.,7.00,0.28,37.20,59.60,32.40,479.00,7.00,0.28,37.20,59.60,32.40,479.00,4.00,0.31,38.90,62.00,31.90,266.00,2.00,0.33,44.10,67.00,33.40,140.00,1.15,0.62,0.54,1.84,0.87,793,60.40,100.28,52.76,59.68,32.93,37.25,185.20,20.09,1.15,0.62,0.54,1.84,0.87,793,60.40,100.28,52.76,59.68,32.93,37.25,185.20,20.09,1.22,0.63,0.58,1.94,0.93,488,54.51,99.45,50.54,63.06,31.71,39.56,198.80,19.57,1.32,0.66,0.63,2.01,0.96,298,46.98,100.00,44.97,65.08,29.60,42.84,209.10,21.09,42600.00,16.90,42.22,226.07,13.93
2025-11-07,Brandon Ingram,SF/PF,TOR,ATL,7400,32.53,5.70,36.14,4.88,Confirmed,,Toronto Raptors,Atlanta Hawks,Brandon Ingram,8.00,0.25,35.80,53.30,32.60,555.00,8.00,0.25,35.80,53.30,32.60,555.00,5.00,0.23,35.50,55.20,32.90,334.00,3.00,0.23,37.70,54.70,33.00,201.00,1.10,0.67,0.52,1.63,0.77,822,67.52,102.66,53.25,53.18,35.77,35.72,225.60,15.87,1.10,0.67,0.52,1.63,0.77,822,67.52,102.66,53.25,53.18,35.77,35.72,225.60,15.87,1.08,0.64,0.53,1.68,0.83,493,67.75,100.45,56.24,54.57,36.17,35.10,213.80,16.60,1.14,0.69,0.56,1.66,0.82,294,68.37,100.50,56.10,53.91,38.66,37.16,236.70,15.93,50900.00,14.54,15.29,220.58,19.42
2025-11-07,P.J. Washington,PF/SF,DAL,MEM,6800,34.94,15.75,35.62,5.24,,,Dallas Mavericks,Memphis Grizzlies,P.J. Washington,8.00,0.21,33.80,62.90,34.60,600.00,8.00,0.21,33.80,62.90,34.60,600.00,5.00,0.21,35.90,62.40,35.30,380.00,3.00,0.23,38.70,67.00,36.60,236.00,0.98,0.54,0.45,1.82,0.84,824,72.82,103.31,63.09,63.52,33.90,34.13,184.10,18.36,0.98,0.54,0.45,1.82,0.84,824,72.82,103.31,63.09,63.52,33.90,34.13,184.10,18.36,1.02,0.58,0.47,1.77,0.82,506,75.10,100.95,62.25,61.76,35.81,35.53,192.60,18.64,1.06,0.58,0.49,1.83,0.85,303,77.89,100.50,66.67,63.96,38.51,36.94,204.10,18.96,41000.00,16.59,44.95,208.22,31.78
2025-11-07,RJ Barrett,SG/SF,TOR,ATL,7200,32.45,1.02,35.45,4.92,Confirmed,,Toronto Raptors,Atlanta Hawks,RJ Barrett,8.00,0.23,35.10,59.90,32.30,553.00,8.00,0.23,35.10,59.90,32.30,553.00,5.00,0.25,34.40,61.00,33.60,344.00,3.00,0.25,39.50,65.30,34.30,206.00,1.09,0.59,0.51,1.85,0.87,822,67.27,102.66,59.85,60.17,35.07,35.26,225.60,15.56,1.09,0.59,0.51,1.85,0.87,822,67.27,102.66,59.85,60.17,35.07,35.26,225.60,15.56,1.02,0.56,0.50,1.82,0.89,493,69.78,100.45,62.14,58.91,35.05,33.22,213.80,16.09,1.15,0.60,0.58,1.90,0.95,294,70.07,100.50,66.97,61.77,40.51,37.37,236.70,16.69,50900.00,14.15,15.29,220.58,19.42
2025-11-07,Franz Wagner,SF/PF,ORL,BOS,7300,34.06,5.81,35.11,4.81,Confirmed,,Orlando Magic,Boston Celtics,Franz Wagner,8.00,0.23,35.50,58.40,34.20,601.00,8.00,0.23,35.50,58.40,34.20,601.00,5.00,0.24,35.20,56.00,33.80,355.00,3.00,0.26,34.90,60.70,33.00,206.00,1.04,0.61,0.47,1.71,0.78,824,72.94,99.94,56.67,58.16,34.45,35.35,214.70,16.53,1.04,0.61,0.47,1.71,0.78,824,72.94,99.94,56.67,58.16,34.45,35.35,214.70,16.53,1.04,0.63,0.50,1.66,0.79,502,70.72,98.80,55.11,56.43,34.64,35.47,218.30,16.12,1.06,0.57,0.51,1.84,0.88,303,67.99,99.50,59.80,62.65,34.38,36.02,224.70,15.53,46000.00,15.87,13.60,207.14,32.86
2025-11-07,Dyson Daniels,SG/PG,ATL,TOR,7500,34.75,11.30,34.69,4.63,Confirmed,,Atlanta Hawks,Toronto Raptors,Dyson Daniels,8.00,0.15,29.80,58.00,32.40,556.00,8.00,0.15,29.80,58.00,32.40,556.00,5.00,0.15,35.30,65.20,35.50,376.00,3.00,0.17,41.10,71.00,36.40,232.00,0.92,0.51,0.43,1.79,0.83,821,67.72,102.66,58.02,62.20,29.81,31.96,208.20,14.31,0.92,0.51,0.43,1.79,0.83,821,67.72,102.66,58.02,62.20,29.81,31.96,208.20,14.31,0.99,0.54,0.47,1.84,0.87,511,73.58,100.45,64.08,63.81,34.70,34.55,215.60,16.37,1.13,0.58,0.53,1.95,0.92,309,75.08,100.50,69.28,67.77,40.10,39.23,227.10,18.10,46800.00,16.03,52.95,212.46,27.54
2025-11-07,Derrick White,SG/PG,BOS,ORL,7600,32.06,0.82,34.47,4.54,Confirmed,,Boston Celtics,Orlando Magic,Derrick White,9.00,0.22,33.50,80.10,31.90,584.00,9.00,0.22,33.50,80.10,31.90,584.00,5.00,0.21,32.40,76.20,30.10,306.00,3.00,0.16,32.30,69.00,26.90,164.00,1.05,0.42,0.52,2.51,1.23,872,66.97,99.94,82.62,80.51,34.55,33.67,191.20,17.52,1.05,0.42,0.52,2.51,1.23,872,66.97,99.94,82.62,80.51,34.55,33.67,191.20,17.52,1.08,0.43,0.53,2.53,1.25,484,63.22,98.80,77.77,81.17,33.07,34.52,191.40,16.93,1.20,0.47,0.59,2.57,1.26,292,56.16,99.50,70.54,82.25,33.02,38.50,177.70,18.18,41400.00,18.36,7.60,191.77,48.23
2025-11-07,Isaiah Hartenstein,C,OKC,SAC,6600,26.62,0.64,34.28,5.19,,,Oklahoma City Thunder,Sacramento Kings,Isaiah Hartenstein,9.00,0.14,32.90,52.80,30.00,556.00,9.00,0.14,32.90,52.80,30.00,556.00,5.00,0.15,36.00,51.40,27.40,293.00,3.00,0.14,36.80,46.30,26.80,174.00,1.10,0.62,0.53,1.76,0.85,936,59.40,101.20,51.38,46.85,32.01,29.19,243.50,13.51,1.10,0.62,0.53,1.76,0.85,936,59.40,101.20,51.38,46.85,32.01,29.19,243.50,13.51,1.31,0.70,0.61,1.88,0.88,510,57.45,102.40,51.60,49.93,36.14,34.97,237.70,15.15,1.37,0.79,0.63,1.73,0.80,306,56.86,103.17,46.83,45.98,37.22,36.55,232.00,15.86,48800.00,13.52,33.85,214.42,25.58
2025-11-07,Isaiah Stewart,C/PF,DET,BKN,5100,30.00,18.80,33.30,6.53,Confirmed,,Detroit Pistons,Brooklyn Nets,Isaiah Stewart,8.00,0.18,29.50,33.30,24.70,419.00,8.00,0.18,29.50,33.30,24.70,419.00,5.00,0.18,30.30,34.20,26.90,282.00,3.00,0.18,36.30,36.70,30.10,188.00,1.19,0.89,0.56,1.35,0.64,809,51.79,100.28,33.02,40.44,29.25,35.83,211.70,13.93,1.19,0.89,0.56,1.35,0.64,809,51.79,100.28,33.02,40.44,29.25,35.83,211.70,13.93,1.13,0.89,0.54,1.27,0.61,505,55.84,99.45,33.68,38.14,29.84,33.79,214.80,14.11,1.21,0.99,0.58,1.22,0.59,300,62.67,100.00,36.70,36.58,36.30,36.18,236.80,15.33,45900.00,11.11,56.72,223.09,16.91
2025-11-07,Kristaps Porzingis,C/PF,ATL,TOR,6700,27.62,10.38,33.14,4.95,Confirmed,,Atlanta Hawks,Toronto Raptors,Kristaps Porziņģis,6.00,0.26,33.60,37.00,25.50,334.00,6.00,0.26,33.60,37.00,25.50,334.00,5.00,0.26,33.20,36.00,25.50,271.00,3.00,0.25,31.60,39.00,25.80,164.00,1.32,0.91,0.60,1.45,0.66,821,40.68,102.66,27.76,40.08,25.21,36.40,208.20,16.14,1.32,0.91,0.60,1.45,0.66,821,40.68,102.66,27.76,40.08,25.21,36.40,208.20,16.14,1.30,0.92,0.61,1.41,0.66,511,53.03,100.45,35.38,39.00,32.63,35.96,215.60,15.40,1.22,0.81,0.58,1.51,0.71,309,53.07,100.50,38.05,41.75,30.83,33.83,227.10,13.91,46800.00,14.32,52.95,212.46,27.54
2025-11-07,Ja Morant,PG,MEM,DAL,7800,32.63,20.21,32.75,4.20,,,Memphis Grizzlies,Dallas Mavericks,Ja Morant,8.00,0.30,35.50,77.00,30.00,536.00,8.00,0.30,35.50,77.00,30.00,536.00,4.00,0.28,35.50,80.30,32.80,285.00,2.00,0.29,36.00,80.50,34.30,149.00,1.18,0.46,0.53,2.57,1.15,931,57.57,103.31,68.36,83.76,31.51,38.62,215.60,16.47,1.18,0.46,0.53,2.57,1.15,931,57.57,103.31,68.36,83.76,31.51,38.62,215.60,16.47,1.08,0.44,0.50,2.45,1.13,502,56.77,100.95,64.59,79.89,28.56,35.32,219.80,16.15,1.05,0.45,0.48,2.35,1.08,299,49.83,100.50,54.12,76.59,24.20,34.25,213.60,16.85,45300.00,17.22,34.74,219.89,20.11
2025-11-07,Andrew Wiggins,SF/PF,MIA,CHA,6400,31.50,11.80,32.26,5.04,,,Miami Heat,Charlotte Hornets,Andrew Wiggins,8.00,0.21,31.00,40.40,31.50,560.00,8.00,0.21,31.00,40.40,31.50,560.00,5.00,0.23,34.70,45.00,33.10,359.00,3.00,0.21,33.00,42.70,33.50,219.00,0.98,0.77,0.44,1.28,0.58,851,65.80,104.66,39.75,40.39,30.50,31.00,215.20,14.41,0.98,0.77,0.44,1.28,0.58,851,65.80,104.66,39.75,40.39,30.50,31.00,215.20,14.41,1.05,0.77,0.48,1.36,0.63,521,68.91,102.75,44.37,42.82,34.22,33.02,209.10,16.59,0.99,0.77,0.45,1.27,0.58,314,69.75,102.75,41.92,40.15,32.40,31.03,209.90,15.72,44300.00,14.45,77.61,226.29,13.71
2025-11-07,Jimmy Butler,SF/PF,GS,DEN,7800,30.84,4.61,32.10,4.11,Q,,Golden State Warriors,Denver Nuggets,Jimmy Butler III,8.00,0.23,35.10,60.80,31.10,519.00,8.00,0.23,35.10,60.80,31.10,519.00,4.00,0.23,34.10,56.00,29.30,242.00,2.00,0.22,29.80,49.50,24.30,100.00,1.13,0.58,0.54,1.95,0.94,921,56.35,101.67,53.69,60.29,31.00,34.80,199.40,17.60,1.13,0.58,0.54,1.95,0.94,921,56.35,101.67,53.69,60.29,31.00,34.80,199.40,17.60,1.16,0.61,0.56,1.91,0.93,499,48.50,101.25,45.45,58.94,27.68,35.89,202.20,16.86,1.23,0.60,0.60,2.04,0.99,305,32.79,103.08,33.46,62.82,20.14,37.82,233.50,12.76,45600.00,17.11,15.96,214.58,25.42
2025-11-07,Ausar Thompson,SF/SG,DET,BKN,7100,29.45,7.28,32.06,4.52,Confirmed,,Detroit Pistons,Brooklyn Nets,Ausar Thompson,8.00,0.21,32.40,56.10,27.90,474.00,8.00,0.21,32.40,56.10,27.90,474.00,5.00,0.21,28.90,51.00,26.00,277.00,3.00,0.22,32.20,58.30,28.50,180.00,1.16,0.58,0.55,2.01,0.95,809,58.59,100.28,55.63,59.21,32.13,34.20,211.70,15.30,1.16,0.58,0.55,2.01,0.95,809,58.59,100.28,55.63,59.21,32.13,34.20,211.70,15.30,1.11,0.57,0.52,1.96,0.92,505,54.85,99.45,50.22,57.76,28.46,32.73,214.80,13.45,1.13,0.55,0.54,2.05,0.97,300,60.00,100.00,58.30,60.24,32.20,33.27,236.80,13.60,45900.00,15.47,56.72,223.09,16.91
2025-11-07,Jarrett Allen,C/PF,CLE,WAS,6400,26.28,1.07,32.03,5.00,Confirmed,,Cleveland Cavaliers,Washington Wizards,Jarrett Allen,6.00,0.20,33.30,34.20,27.40,361.00,6.00,0.20,33.30,34.20,27.40,361.00,3.00,0.24,38.90,37.30,26.60,173.00,1.00,0.25,55.50,47.00,29.50,65.00,1.22,0.97,0.55,1.25,0.57,823,43.86,103.57,25.82,32.80,25.14,31.94,237.50,14.02,1.22,0.97,0.55,1.25,0.57,823,43.86,103.57,25.82,32.80,25.14,31.94,237.50,14.02,1.46,1.04,0.67,1.40,0.65,510,33.92,102.09,22.40,36.85,23.36,38.43,242.90,16.01,1.88,1.18,0.85,1.59,0.72,310,20.97,103.00,15.62,41.87,18.44,49.44,276.80,20.05,52900.00,12.10,32.53,232.58,7.42
2025-11-07,Jaren Jackson,PF/C,MEM,DAL,7100,30.42,4.78,31.99,4.51,,,Memphis Grizzlies,Dallas Mavericks,Jaren Jackson Jr.,9.00,0.22,30.60,43.40,28.70,553.00,9.00,0.22,30.60,43.40,28.70,553.00,5.00,0.19,31.90,45.20,31.30,324.00,3.00,0.19,33.80,44.00,31.00,192.00,1.07,0.71,0.50,1.51,0.71,931,59.40,103.31,43.34,46.00,30.56,32.43,215.60,14.19,1.07,0.71,0.50,1.51,0.71,931,59.40,103.31,43.34,46.00,30.56,32.43,215.60,14.19,1.02,0.71,0.49,1.44,0.70,502,64.54,100.95,45.45,43.93,32.07,31.00,219.80,14.51,1.09,0.77,0.53,1.42,0.69,299,64.21,100.50,44.37,43.18,34.08,33.17,213.60,15.82,45300.00,15.67,34.74,219.89,20.11
2025-11-07,Dennis Schroder,PG/SG,SAC,OKC,5900,30.08,0.52,31.93,5.41,,,Sacramento Kings,Oklahoma City Thunder,Dennis Schröder,8.00,0.22,32.80,80.00,32.70,558.00,8.00,0.22,32.80,80.00,32.70,558.00,5.00,0.20,32.00,76.80,32.80,352.00,3.00,0.23,39.20,85.00,34.80,223.00,1.00,0.41,0.47,2.45,1.15,820,68.05,101.20,78.99,73.59,32.38,30.17,206.80,15.86,1.00,0.41,0.47,2.45,1.15,820,68.05,101.20,78.99,73.59,32.38,30.17,206.80,15.86,0.98,0.42,0.45,2.34,1.09,515,68.35,102.40,76.35,70.43,31.81,29.34,204.80,15.62,1.13,0.46,0.53,2.44,1.14,313,71.25,103.17,84.05,73.47,38.76,33.88,223.30,17.55,40200.00,14.68,60.16,216.32,23.68
2025-11-07,Jusuf Nurkic,C,UTA,MIN,5700,29.38,15.59,31.47,5.52,,,Utah Jazz,Minnesota Timberwolves,Jusuf Nurkić,8.00,0.20,26.20,48.40,21.50,386.00,8.00,0.20,26.20,48.40,21.50,386.00,5.00,0.20,27.50,52.80,23.90,265.00,3.00,0.16,32.50,59.70,28.60,184.00,1.22,0.54,0.54,2.25,1.00,819,47.13,100.00,47.28,66.15,25.59,35.81,164.10,15.97,1.22,0.54,0.54,2.25,1.00,819,47.13,100.00,47.28,66.15,25.59,35.81,164.10,15.97,1.15,0.52,0.52,2.21,1.00,511,51.86,100.45,51.90,64.91,27.03,33.81,160.90,17.09,1.14,0.54,0.53,2.09,0.97,299,61.54,98.66,59.10,61.33,32.17,33.39,164.80,19.72,37000.00,15.41,25.81,179.25,60.75
2025-11-07,Donte DiVincenzo,SG/PG,MIN,UTA,6200,30.26,7.86,31.23,5.04,,,Minnesota Timberwolves,Utah Jazz,Donte DiVincenzo,8.00,0.19,29.00,59.10,31.00,520.00,8.00,0.19,29.00,59.10,31.00,520.00,5.00,0.20,32.00,61.60,32.30,332.00,3.00,0.23,36.20,65.00,32.60,198.00,0.94,0.49,0.45,1.91,0.91,795,65.41,100.00,59.47,57.69,29.18,28.31,216.70,13.38,0.94,0.49,0.45,1.91,0.91,795,65.41,100.00,59.47,57.69,29.18,28.31,216.70,13.38,0.99,0.52,0.48,1.91,0.93,494,67.21,100.45,62.63,57.71,32.53,29.98,223.80,14.30,1.11,0.56,0.55,1.99,0.98,294,67.35,98.66,65.44,60.33,36.44,33.60,222.60,16.26,49200.00,12.60,30.42,220.22,19.78
2025-11-07,Ryan Kalkbrenner,C,CHA,MIA,5500,28.71,0.36,30.94,5.63,,,Charlotte Hornets,Miami Heat,Ryan Kalkbrenner,8.00,0.11,27.90,30.10,27.40,472.00,8.00,0.11,27.90,30.10,27.40,472.00,5.00,0.10,31.40,29.40,28.80,310.00,3.00,0.09,31.10,26.30,27.20,175.00,1.02,0.93,0.47,1.10,0.51,823,57.35,104.66,30.62,31.54,28.38,29.23,172.50,16.17,1.02,0.93,0.47,1.10,0.51,823,57.35,104.66,30.62,31.54,28.38,29.23,172.50,16.17,1.09,1.07,0.51,1.02,0.47,505,61.39,102.75,29.91,29.31,31.94,31.30,179.80,17.46,1.14,1.18,0.53,0.97,0.45,302,57.95,102.75,26.84,27.76,31.74,32.82,198.10,15.70,42300.00,13.00,94.13,237.09,2.91
2025-11-07,Kel'el Ware,C/PF,MIA,CHA,5600,27.77,24.12,30.82,5.50,,,Miami Heat,Charlotte Hornets,Kel'el Ware,8.00,0.18,24.30,30.90,20.30,366.00,8.00,0.18,24.30,30.90,20.30,366.00,5.00,0.18,25.10,34.20,20.80,232.00,3.00,0.17,27.80,30.70,18.80,123.00,1.20,0.79,0.53,1.52,0.68,851,43.01,104.66,30.40,42.27,23.91,33.24,215.20,11.29,1.20,0.79,0.53,1.52,0.68,851,43.01,104.66,30.40,42.27,23.91,33.24,215.20,11.29,1.21,0.73,0.54,1.64,0.74,521,44.53,102.75,33.72,45.66,24.75,33.51,209.10,12.00,1.48,0.91,0.68,1.63,0.75,314,39.17,102.75,30.14,45.35,27.29,41.06,209.90,13.24,44300.00,12.64,77.61,226.29,13.71
2025-11-07,DeMar DeRozan,SF/PF,SAC,OKC,6900,33.54,4.23,30.50,4.42,,,Sacramento Kings,Oklahoma City Thunder,DeMar DeRozan,8.00,0.22,34.20,46.40,36.80,640.00,8.00,0.22,34.20,46.40,36.80,640.00,5.00,0.23,31.30,45.60,36.20,395.00,3.00,0.24,31.40,48.30,37.60,247.00,0.93,0.74,0.43,1.26,0.58,820,78.05,101.20,45.81,42.30,33.77,31.17,206.80,16.54,0.93,0.74,0.43,1.26,0.58,820,78.05,101.20,45.81,42.30,33.77,31.17,206.80,16.54,0.86,0.69,0.40,1.26,0.58,515,76.70,102.40,45.33,42.25,31.12,29.00,204.80,15.28,0.84,0.65,0.38,1.28,0.59,313,78.91,103.17,47.76,43.09,31.05,28.01,223.30,14.06,40200.00,17.16,60.16,216.32,23.68
2025-11-07,Ryan Rollins,PG/SG,MIL,CHI,6300,29.79,6.98,30.10,4.78,,,Milwaukee Bucks,Chicago Bulls,Ryan Rollins,8.00,0.21,32.00,66.50,31.10,526.00,8.00,0.21,32.00,66.50,31.10,526.00,5.00,0.23,33.00,64.60,31.10,327.00,3.00,0.22,24.90,58.30,31.00,195.00,1.03,0.48,0.49,2.14,1.01,818,64.30,102.51,66.67,63.71,32.08,30.66,226.00,14.16,1.03,0.48,0.49,2.14,1.01,818,64.30,102.51,66.67,63.71,32.08,30.66,226.00,14.16,1.06,0.51,0.50,2.08,0.99,504,64.88,101.00,64.73,61.89,33.07,31.61,218.40,15.11,0.80,0.43,0.38,1.88,0.90,303,64.36,100.66,58.10,56.03,24.82,23.93,203.10,12.26,51100.00,12.33,27.78,228.46,11.54
2025-11-07,Cooper Flagg,PG/SG/SF,DAL,MEM,6700,33.40,4.70,30.10,4.49,,,Dallas Mavericks,Memphis Grizzlies,Cooper Flagg,8.00,0.20,29.60,61.50,33.00,573.00,8.00,0.20,29.60,61.50,33.00,573.00,5.00,0.19,29.00,62.40,33.70,359.00,3.00,0.23,33.50,70.00,34.20,212.00,0.90,0.48,0.41,1.86,0.86,824,69.54,103.31,61.69,62.24,29.69,29.96,184.10,16.08,0.90,0.48,0.41,1.86,0.86,824,69.54,103.31,61.69,62.24,29.69,29.96,184.10,16.08,0.86,0.46,0.40,1.85,0.87,506,70.95,100.95,62.25,61.84,28.93,28.74,192.60,15.06,0.98,0.48,0.47,2.05,0.99,303,69.97,100.50,69.65,68.36,33.33,32.72,204.10,16.41,41000.00,16.34,44.95,208.22,31.78
2025-11-07,Jaden McDaniels,SF/PF,MIN,UTA,6200,30.99,0.99,29.66,4.78,,,Minnesota Timberwolves,Utah Jazz,Jaden McDaniels,8.00,0.21,30.10,50.40,32.60,541.00,8.00,0.21,30.10,50.40,32.60,541.00,5.00,0.22,32.40,54.20,33.80,351.00,3.00,0.19,27.10,51.00,31.00,191.00,0.92,0.60,0.45,1.55,0.75,795,68.05,100.00,50.72,47.90,30.29,28.61,216.70,13.89,0.92,0.60,0.45,1.55,0.75,795,68.05,100.00,50.72,47.90,30.29,28.61,216.70,13.89,0.96,0.60,0.46,1.60,0.77,494,71.05,100.45,55.11,49.69,32.94,29.70,223.80,14.48,0.87,0.53,0.43,1.65,0.80,294,64.97,98.66,51.34,50.98,27.28,27.09,222.60,12.17,49200.00,12.60,30.42,220.22,19.78
2025-11-07,Zach LaVine,SF/SG,SAC,OKC,3700,33.99,41.31,29.16,7.88,,,Sacramento Kings,Oklahoma City Thunder,Zach LaVine,7.00,0.25,34.30,67.70,36.90,550.00,7.00,0.25,34.30,67.70,36.90,550.00,4.00,0.23,34.10,64.50,36.80,314.00,2.00,0.20,32.90,70.00,37.80,163.00,0.93,0.51,0.44,1.83,0.86,820,67.07,101.20,58.49,62.37,29.63,31.60,206.80,16.59,0.93,0.51,0.44,1.83,0.86,820,67.07,101.20,58.49,62.37,29.63,31.60,206.80,16.59,0.93,0.53,0.43,1.75,0.82,515,60.97,102.40,51.30,59.58,27.12,31.50,204.80,16.65,0.87,0.47,0.40,1.85,0.86,313,52.08,103.17,46.15,62.95,21.69,29.59,223.30,14.73,40200.00,9.20,60.16,216.32,23.68
2025-11-07,Payton Pritchard,PG/SG,BOS,ORL,6100,31.77,1.73,29.09,4.77,Confirmed,,Boston Celtics,Orlando Magic,Payton Pritchard,9.00,0.20,29.70,67.80,31.90,592.00,9.00,0.20,29.70,67.80,31.90,592.00,5.00,0.21,28.00,67.60,29.90,310.00,3.00,0.21,25.50,63.70,28.30,178.00,0.93,0.44,0.45,2.13,1.03,872,67.89,99.94,69.94,67.53,30.64,29.58,191.20,15.53,0.93,0.44,0.45,2.13,1.03,872,67.89,99.94,69.94,67.53,30.64,29.58,191.20,15.53,0.94,0.41,0.45,2.26,1.09,484,64.05,98.80,69.00,71.84,28.58,29.76,191.40,14.63,0.90,0.40,0.43,2.25,1.07,292,60.96,99.50,65.12,71.52,26.07,28.63,177.70,14.35,41400.00,14.73,7.60,191.77,48.23
2025-11-07,Neemias Queta,C,BOS,ORL,5000,24.00,0.23,28.93,5.79,Confirmed,,Boston Celtics,Orlando Magic,Neemias Queta,9.00,0.14,26.90,33.40,22.90,418.00,9.00,0.14,26.90,33.40,22.90,418.00,5.00,0.12,27.90,31.40,22.20,228.00,3.00,0.14,27.40,29.70,22.00,134.00,1.17,0.81,0.58,1.46,0.72,872,47.94,99.94,34.45,35.01,27.75,28.20,191.20,14.07,1.17,0.81,0.58,1.46,0.72,872,47.94,99.94,34.45,35.01,27.75,28.20,191.20,14.07,1.26,0.89,0.61,1.41,0.69,484,47.11,98.80,32.05,33.95,28.48,30.17,191.40,14.58,1.25,0.92,0.61,1.35,0.66,292,45.89,99.50,30.36,32.41,28.01,29.90,177.70,15.42,41400.00,12.08,7.60,191.77,48.23
2025-11-07,Brandin Podziemski,SG/PG,GS,DEN,5600,29.77,3.10,28.88,5.16,,,Golden State Warriors,Denver Nuggets,Brandin Podziemski,9.00,0.17,26.80,59.70,29.40,559.00,9.00,0.17,26.80,59.70,29.40,559.00,5.00,0.18,28.90,65.40,28.60,300.00,3.00,0.19,29.70,66.70,30.20,191.00,0.91,0.45,0.43,2.03,0.96,921,60.69,101.67,59.31,60.46,26.63,27.14,199.40,13.44,0.91,0.45,0.43,2.03,0.96,921,60.69,101.67,59.31,60.46,26.63,27.14,199.40,13.44,1.01,0.44,0.48,2.29,1.09,499,60.12,101.25,66.35,68.08,29.32,30.08,202.20,14.29,0.98,0.45,0.47,2.21,1.05,305,62.62,103.08,67.63,65.76,30.11,29.28,233.50,12.72,45600.00,12.28,15.96,214.58,25.42
2025-11-07,Nickeil Alexander-Walker,SG/SF,ATL,TOR,5800,32.58,10.34,28.41,4.90,Confirmed,,Atlanta Hawks,Toronto Raptors,Nickeil Alexander-Walker,8.00,0.25,28.80,58.30,31.10,534.00,8.00,0.25,28.80,58.30,31.10,534.00,5.00,0.25,29.10,61.00,32.10,342.00,3.00,0.27,25.80,66.30,32.70,214.00,0.93,0.49,0.43,1.87,0.87,821,65.04,102.66,58.32,61.07,28.81,30.17,208.20,13.83,0.93,0.49,0.43,1.87,0.87,821,65.04,102.66,58.32,61.07,28.81,30.17,208.20,13.83,0.91,0.48,0.43,1.90,0.89,511,66.93,100.45,59.96,61.90,28.60,29.53,215.60,13.50,0.79,0.39,0.36,2.03,0.93,309,69.26,100.50,64.69,66.05,25.17,25.70,227.10,11.36,46800.00,12.39,52.95,212.46,27.54
2025-11-07,Myles Turner,C,MIL,CHI,5900,28.47,1.55,28.35,4.81,,,Milwaukee Bucks,Chicago Bulls,Myles Turner,8.00,0.16,28.10,35.60,28.40,488.00,8.00,0.16,28.10,35.60,28.40,488.00,5.00,0.15,28.10,32.20,27.70,288.00,3.00,0.15,26.90,29.00,26.30,162.00,0.99,0.79,0.46,1.25,0.58,818,59.66,102.51,35.69,35.69,28.17,28.17,226.00,12.43,0.99,0.79,0.46,1.25,0.58,818,59.66,102.51,35.69,35.69,28.17,28.17,226.00,12.43,1.01,0.87,0.49,1.16,0.56,504,57.14,101.00,32.26,33.10,28.16,28.89,218.40,12.87,1.02,0.93,0.50,1.10,0.54,303,53.47,100.66,28.90,31.40,26.81,29.12,203.10,13.24,51100.00,11.55,27.78,228.46,11.54
2025-11-07,De'Andre Hunter,SF/PF,CLE,WAS,5900,28.60,0.54,28.20,4.78,Confirmed,,Cleveland Cavaliers,Washington Wizards,De'Andre Hunter,5.00,0.26,30.80,52.20,29.20,312.00,5.00,0.26,30.80,52.20,29.20,312.00,4.00,0.26,32.80,54.00,29.80,257.00,2.00,0.26,37.60,62.00,32.30,143.00,1.05,0.59,0.49,1.79,0.84,823,37.91,103.57,32.85,51.13,19.38,30.17,237.50,12.97,1.05,0.59,0.49,1.79,0.84,823,37.91,103.57,32.85,51.13,19.38,30.17,237.50,12.97,1.10,0.61,0.51,1.81,0.84,510,50.39,102.09,43.24,51.82,26.26,31.48,242.90,13.50,1.16,0.61,0.53,1.92,0.87,310,46.13,103.00,41.20,54.90,24.99,33.29,276.80,13.58,52900.00,11.15,32.53,232.58,7.42
2025-11-07,Rudy Gobert,C,MIN,UTA,5600,30.27,5.72,28.18,5.03,,,Minnesota Timberwolves,Utah Jazz,Rudy Gobert,8.00,0.11,27.20,39.90,32.00,537.00,8.00,0.11,27.20,39.90,32.00,537.00,5.00,0.13,28.60,41.40,32.40,334.00,3.00,0.13,32.40,44.00,32.40,199.00,0.85,0.68,0.41,1.25,0.59,795,67.55,100.00,40.15,37.74,27.37,25.73,216.70,12.55,0.85,0.68,0.41,1.25,0.59,795,67.55,100.00,40.15,37.74,27.37,25.73,216.70,12.55,0.88,0.69,0.43,1.28,0.62,494,67.61,100.45,42.09,38.68,29.08,26.72,223.80,12.78,1.00,0.74,0.49,1.36,0.66,294,67.69,98.66,44.30,41.11,32.62,30.27,222.60,14.56,49200.00,11.38,30.42,220.22,19.78
2025-11-07,Ajay Mitchell,PG/SG,OKC,SAC,5200,27.19,16.83,28.17,5.42,,,Oklahoma City Thunder,Sacramento Kings,Ajay Mitchell,9.00,0.25,29.50,51.80,27.10,522.00,9.00,0.25,29.50,51.80,27.10,522.00,5.00,0.25,27.30,50.40,27.10,298.00,3.00,0.22,28.20,49.70,27.10,179.00,1.09,0.57,0.51,1.91,0.89,936,55.77,101.20,50.41,51.96,28.71,29.59,243.50,12.11,1.09,0.57,0.51,1.91,0.89,936,55.77,101.20,50.41,51.96,28.71,29.59,243.50,12.11,1.01,0.54,0.46,1.86,0.85,510,58.43,102.40,50.60,50.56,27.41,27.39,237.70,11.49,1.04,0.57,0.47,1.83,0.83,306,58.50,103.17,50.27,49.86,28.52,28.29,232.00,12.16,48800.00,10.66,33.85,214.42,25.58
2025-11-07,Kon Knueppel,SF/SG,CHA,MIA,5300,32.66,23.00,27.92,5.27,,,Charlotte Hornets,Miami Heat,Kon Knueppel,8.00,0.19,24.40,47.50,30.40,528.00,8.00,0.19,24.40,47.50,30.40,528.00,5.00,0.20,26.30,49.80,30.60,324.00,3.00,0.20,31.60,55.30,32.90,210.00,0.80,0.51,0.37,1.56,0.72,823,64.16,104.66,48.32,51.03,24.82,26.21,172.50,14.14,0.80,0.51,0.37,1.56,0.72,823,64.16,104.66,48.32,51.03,24.82,26.21,172.50,14.14,0.86,0.53,0.41,1.63,0.77,505,64.16,102.75,50.66,53.15,26.76,28.07,179.80,14.63,0.96,0.57,0.45,1.68,0.79,302,69.54,102.75,56.44,54.90,32.25,31.37,198.10,15.95,42300.00,12.53,94.13,237.09,2.91
2025-11-07,D'Angelo Russell,PG,DAL,MEM,5500,26.82,18.12,27.86,5.06,,,Dallas Mavericks,Memphis Grizzlies,D'Angelo Russell,8.00,0.28,25.20,61.90,22.80,389.00,8.00,0.28,25.20,61.90,22.80,389.00,5.00,0.28,27.10,71.80,25.90,272.00,3.00,0.28,28.40,73.00,26.50,168.00,1.11,0.41,0.52,2.71,1.27,824,47.21,103.31,62.09,72.80,25.28,29.64,184.10,13.69,1.11,0.41,0.52,2.71,1.27,824,47.21,103.31,62.09,72.80,25.28,29.64,184.10,13.69,1.05,0.38,0.50,2.77,1.32,506,53.75,100.95,71.62,74.34,27.03,28.06,192.60,14.07,1.07,0.39,0.51,2.75,1.30,303,55.45,100.50,72.64,73.87,28.26,28.74,204.10,13.91,41000.00,13.41,44.95,208.22,31.78
2025-11-07,Jaime Jaquez,SF,MIA,CHA,5400,22.63,14.09,27.58,5.11,,,Miami Heat,Charlotte Hornets,Jaime Jaquez Jr.,8.00,0.21,32.00,64.90,29.10,518.00,8.00,0.21,32.00,64.90,29.10,518.00,5.00,0.22,32.00,69.20,29.90,330.00,3.00,0.23,32.00,69.70,29.00,194.00,1.10,0.49,0.49,2.23,1.00,851,60.87,104.66,63.85,50.46,31.48,24.88,215.20,14.87,1.10,0.49,0.49,2.23,1.00,851,60.87,104.66,63.85,50.46,31.48,24.88,215.20,14.87,1.07,0.46,0.48,2.31,1.05,521,63.34,102.75,68.24,52.37,31.55,24.22,209.10,15.30,1.10,0.46,0.49,2.40,1.08,314,61.78,102.75,68.42,54.38,31.41,24.97,209.90,15.25,44300.00,12.19,77.61,226.29,13.71
2025-11-07,Immanuel Quickley,PG/SG,TOR,ATL,6400,30.65,2.68,27.56,4.31,Confirmed,,Toronto Raptors,Atlanta Hawks,Immanuel Quickley,8.00,0.20,29.90,70.10,30.50,519.00,8.00,0.20,29.90,70.10,30.50,519.00,5.00,0.18,26.70,67.40,29.40,300.00,3.00,0.18,23.10,64.00,28.30,173.00,0.98,0.43,0.46,2.30,1.08,822,63.14,102.66,70.04,70.44,29.87,30.05,225.60,13.25,0.98,0.43,0.46,2.30,1.08,822,63.14,102.66,70.04,70.44,29.87,30.05,225.60,13.25,0.91,0.40,0.45,2.29,1.12,493,60.85,100.45,68.66,70.26,27.20,27.83,213.80,12.49,0.82,0.36,0.40,2.26,1.11,294,58.84,100.50,65.63,69.31,23.69,25.02,236.70,9.76,50900.00,12.57,15.29,220.58,19.42
2025-11-07,Josh Minott,PF/SF,BOS,ORL,5200,26.03,0.72,27.44,5.28,Confirmed,,Boston Celtics,Orlando Magic,Josh Minott,8.00,0.16,24.70,23.10,22.50,353.00,8.00,0.16,24.70,23.10,22.50,353.00,5.00,0.18,27.00,26.40,24.60,239.00,3.00,0.20,25.60,25.70,22.70,132.00,1.10,1.07,0.56,1.03,0.52,872,40.48,99.94,21.18,26.72,22.65,28.57,191.20,12.92,1.10,1.07,0.56,1.03,0.52,872,40.48,99.94,21.18,26.72,22.65,28.57,191.20,12.92,1.10,1.02,0.56,1.07,0.55,484,49.38,98.80,26.95,27.93,27.56,28.57,191.40,14.11,1.13,1.00,0.58,1.13,0.58,292,45.21,99.50,26.27,29.47,26.17,29.35,177.70,14.41,41400.00,12.56,7.60,191.77,48.23
2025-11-07,Terance Mann,SF/SG,BKN,DET,4800,28.82,6.68,27.33,5.69,Confirmed,,Brooklyn Nets,Detroit Pistons,Terance Mann,8.00,0.15,24.70,48.00,27.90,471.00,8.00,0.15,24.70,48.00,27.90,471.00,5.00,0.17,28.70,56.20,29.80,312.00,3.00,0.16,29.50,60.70,32.20,206.00,0.89,0.51,0.42,1.72,0.82,793,59.39,100.28,48.56,49.59,24.99,25.52,185.20,13.34,0.89,0.51,0.42,1.72,0.82,793,59.39,100.28,48.56,49.59,24.99,25.52,185.20,13.34,0.96,0.51,0.46,1.89,0.90,488,63.93,99.45,57.27,54.35,29.24,27.76,198.80,14.44,0.92,0.49,0.43,1.89,0.88,298,69.13,100.00,61.11,54.33,29.70,26.40,209.10,14.11,42600.00,11.27,42.22,226.07,13.93
2025-11-07,Aaron Gordon,PF,DEN,GS,6100,30.05,1.70,27.32,4.48,,,Denver Nuggets,Golden State Warriors,Aaron Gordon,7.00,0.22,31.00,50.60,30.30,453.00,7.00,0.22,31.00,50.60,30.30,453.00,5.00,0.20,24.70,49.00,29.60,318.00,3.00,0.22,28.70,53.70,30.90,203.00,1.02,0.61,0.48,1.67,0.78,725,62.48,101.67,49.67,50.18,30.43,30.74,226.50,13.69,1.02,0.61,0.48,1.67,0.78,725,62.48,101.67,49.67,50.18,30.43,30.74,226.50,13.69,0.83,0.50,0.39,1.66,0.77,513,61.99,101.25,48.36,49.74,24.37,25.07,225.60,10.95,0.93,0.53,0.42,1.74,0.79,311,65.27,103.08,53.40,52.22,28.54,27.91,232.00,12.37,48200.00,12.66,24.03,218.93,21.07
2025-11-07,Jabari Smith,PF,HOU,SA,5400,33.07,0.89,27.23,5.04,Confirmed,,Houston Rockets,San Antonio Spurs,Jabari Smith Jr.,6.00,0.17,28.90,44.70,34.20,420.00,6.00,0.17,28.90,44.70,34.20,420.00,4.00,0.17,30.80,40.30,30.90,255.00,2.00,0.15,27.00,38.50,30.90,134.00,0.85,0.65,0.41,1.31,0.64,713,58.91,98.87,37.19,43.22,24.04,27.95,237.90,12.15,0.85,0.65,0.41,1.31,0.64,713,58.91,98.87,37.19,43.22,24.04,27.95,237.90,12.15,1.00,0.76,0.48,1.30,0.63,498,51.20,99.55,32.22,43.13,24.63,32.96,244.80,12.58,0.87,0.70,0.40,1.25,0.57,305,43.93,101.34,25.58,41.20,17.94,28.90,237.50,11.37,49300.00,10.95,18.02,222.70,17.30
2025-11-07,Wendell Carter,C,ORL,BOS,5300,28.73,0.31,26.93,5.08,Confirmed,,Orlando Magic,Boston Celtics,Wendell Carter Jr.,8.00,0.15,25.70,39.90,28.20,484.00,8.00,0.15,25.70,39.90,28.20,484.00,5.00,0.16,25.80,40.80,26.80,278.00,3.00,0.16,29.00,43.70,28.30,177.00,0.91,0.64,0.42,1.41,0.66,824,58.74,99.94,38.71,40.66,24.94,26.19,214.70,11.97,0.91,0.64,0.42,1.41,0.66,824,58.74,99.94,38.71,40.66,24.94,26.19,214.70,11.97,0.96,0.63,0.46,1.52,0.73,502,55.38,98.80,40.15,43.74,25.39,27.66,218.30,11.82,1.02,0.66,0.49,1.54,0.74,303,58.42,99.50,43.05,44.37,28.57,29.44,224.70,12.91,46000.00,11.52,13.60,207.14,32.86
2025-11-07,Tre Jones,SG/PG,CHI,MIL,5400,28.18,4.60,26.68,4.94,,,Chicago Bulls,Milwaukee Bucks,Tre Jones,7.00,0.16,30.10,65.00,29.40,449.00,7.00,0.16,30.10,65.00,29.40,449.00,5.00,0.15,27.10,64.20,29.00,312.00,3.00,0.16,23.30,61.70,28.20,182.00,1.02,0.46,0.47,2.21,1.01,719,62.45,102.51,64.87,62.30,30.04,28.85,245.70,12.25,1.02,0.46,0.47,2.21,1.01,719,62.45,102.51,64.87,62.30,30.04,28.85,245.70,12.25,0.93,0.42,0.43,2.21,1.03,506,61.66,101.00,64.07,62.38,27.05,26.33,252.70,10.72,0.83,0.38,0.38,2.19,1.02,302,60.26,100.66,61.70,61.65,23.30,23.28,270.00,8.63,49500.00,10.91,36.18,230.29,9.71
2025-11-07,Jonathan Kuminga,SF/PF,GS,DEN,6500,29.07,3.47,26.67,4.10,,,Golden State Warriors,Denver Nuggets,Jonathan Kuminga,9.00,0.23,29.90,53.70,30.80,591.00,9.00,0.23,29.90,53.70,30.80,591.00,5.00,0.24,26.50,53.20,30.40,322.00,3.00,0.25,25.80,55.30,30.70,197.00,0.97,0.56,0.46,1.74,0.82,921,64.17,101.67,53.35,50.69,29.71,28.22,199.40,14.99,0.97,0.56,0.46,1.74,0.82,921,64.17,101.67,53.35,50.69,29.71,28.22,199.40,14.99,0.87,0.50,0.41,1.75,0.83,499,64.53,101.25,53.97,50.88,26.89,25.34,202.20,13.11,0.84,0.47,0.39,1.80,0.84,305,64.59,103.08,56.07,52.37,26.16,24.43,233.50,11.05,45600.00,14.25,15.96,214.58,25.42
2025-11-07,Onyeka Okongwu,C/PF,ATL,TOR,6200,23.70,2.53,26.63,4.29,,,Atlanta Hawks,Toronto Raptors,Onyeka Okongwu,8.00,0.17,31.00,44.40,29.10,500.00,8.00,0.17,31.00,44.40,29.10,500.00,5.00,0.17,29.50,40.80,27.10,293.00,3.00,0.16,25.60,40.00,26.00,175.00,1.07,0.70,0.50,1.53,0.71,821,60.90,102.66,44.42,36.15,31.01,25.24,208.20,14.89,1.07,0.70,0.50,1.53,0.71,821,60.90,102.66,44.42,36.15,31.01,25.24,208.20,14.89,1.09,0.72,0.50,1.51,0.70,511,57.34,100.45,40.10,35.67,28.99,25.79,215.60,13.68,0.98,0.64,0.44,1.54,0.69,309,56.63,100.50,39.03,36.45,24.98,23.33,227.10,11.27,46800.00,13.25,52.95,212.46,27.54
2025-11-07,Cason Wallace,SG/PG,OKC,SAC,5100,29.84,1.21,26.34,5.16,,,Oklahoma City Thunder,Sacramento Kings,Cason Wallace,8.00,0.13,26.70,43.80,30.10,503.00,8.00,0.13,26.70,43.80,30.10,503.00,5.00,0.13,26.40,40.20,28.20,305.00,3.00,0.11,25.60,37.00,29.00,190.00,0.89,0.61,0.42,1.46,0.70,936,53.74,101.20,37.89,43.42,23.09,26.47,243.50,10.97,0.89,0.61,0.42,1.46,0.70,936,53.74,101.20,37.89,43.42,23.09,26.47,243.50,10.97,0.94,0.66,0.43,1.43,0.66,510,59.80,102.40,40.36,42.53,26.50,27.93,237.70,11.11,0.88,0.69,0.40,1.28,0.58,306,62.09,103.17,37.42,38.07,25.89,26.34,232.00,11.03,48800.00,10.45,33.85,214.42,25.58
2025-11-07,Moussa Diabate,C,CHA,MIA,4500,21.40,0.67,25.83,5.74,,,Charlotte Hornets,Miami Heat,Moussa Diabaté,8.00,0.17,23.80,29.50,19.90,344.00,8.00,0.17,23.80,29.50,19.90,344.00,5.00,0.16,23.60,27.00,19.60,204.00,3.00,0.16,26.90,29.30,19.60,122.00,1.20,0.81,0.55,1.48,0.69,823,41.80,104.66,30.01,31.73,24.21,25.60,172.50,13.80,1.20,0.81,0.55,1.48,0.69,823,41.80,104.66,30.01,31.73,24.21,25.60,172.50,13.80,1.20,0.87,0.58,1.38,0.66,505,40.40,102.75,27.47,29.48,24.01,25.77,179.80,13.13,1.37,0.92,0.66,1.49,0.72,302,40.40,102.75,29.91,31.99,27.46,29.37,198.10,13.58,42300.00,10.64,94.13,237.09,2.91
2025-11-07,Davion Mitchell,PG,MIA,CHA,4600,29.92,16.42,25.26,5.49,,,Miami Heat,Charlotte Hornets,Davion Mitchell,8.00,0.14,25.70,68.40,29.30,522.00,8.00,0.14,25.70,68.40,29.30,522.00,5.00,0.14,25.20,71.20,31.10,339.00,3.00,0.12,27.50,72.30,32.40,212.00,0.88,0.38,0.39,2.33,1.05,851,61.34,104.66,67.30,69.84,25.29,26.24,215.20,11.94,0.88,0.38,0.39,2.33,1.05,851,61.34,104.66,67.30,69.84,25.29,26.24,215.20,11.94,0.81,0.35,0.37,2.29,1.05,521,65.07,102.75,70.21,68.49,24.85,24.24,209.10,12.05,0.85,0.38,0.39,2.23,1.02,314,67.52,102.75,70.98,66.76,27.00,25.39,209.90,13.10,44300.00,10.38,77.61,226.29,13.71
2025-11-07,Cedric Coward,SG/SF,MEM,DAL,5100,24.80,7.48,25.22,4.95,,,Memphis Grizzlies,Dallas Mavericks,Cedric Coward,9.00,0.18,28.00,46.00,26.30,520.00,9.00,0.18,28.00,46.00,26.30,520.00,5.00,0.19,26.90,51.20,28.70,307.00,3.00,0.17,25.80,52.30,29.60,190.00,1.06,0.61,0.48,1.75,0.80,931,55.85,103.31,45.94,43.37,27.96,26.40,215.60,12.99,1.06,0.61,0.48,1.75,0.80,931,55.85,103.31,45.94,43.37,27.96,26.40,215.60,12.99,0.94,0.53,0.44,1.78,0.83,502,61.16,100.95,51.48,44.24,27.05,23.24,219.80,12.24,0.87,0.49,0.41,1.77,0.83,299,63.55,100.50,52.74,43.82,26.02,21.61,213.60,12.08,45300.00,11.26,34.74,219.89,20.11
2025-11-07,Christian Braun,SG/SF,DEN,GS,5700,29.51,0.21,25.10,4.40,,,Denver Nuggets,Golden State Warriors,Christian Braun,7.00,0.16,25.20,44.10,31.60,466.00,7.00,0.16,25.20,44.10,31.60,466.00,5.00,0.17,26.30,44.40,30.30,320.00,3.00,0.16,26.50,47.30,32.30,209.00,0.80,0.57,0.38,1.40,0.66,725,64.28,101.67,43.29,41.18,24.74,23.53,226.50,11.13,0.80,0.57,0.38,1.40,0.66,725,64.28,101.67,43.29,41.18,24.74,23.53,226.50,11.13,0.87,0.59,0.41,1.47,0.69,513,62.38,101.25,43.82,43.24,25.95,25.61,225.60,11.66,0.82,0.56,0.38,1.46,0.68,311,67.20,103.08,47.03,43.21,26.35,24.21,232.00,11.42,48200.00,11.83,24.03,218.93,21.07
2025-11-07,Daniel Gafford,C,DAL,MEM,5400,23.79,3.10,25.08,4.64,,,Dallas Mavericks,Memphis Grizzlies,Daniel Gafford,3.00,0.15,28.70,25.70,22.30,142.00,3.00,0.15,28.70,25.70,22.30,142.00,3.00,0.15,28.70,25.70,22.30,142.00,3.00,0.15,28.70,25.70,22.30,142.00,1.29,1.12,0.61,1.15,0.54,824,17.23,103.31,9.67,27.42,10.79,30.62,184.10,15.59,1.29,1.12,0.61,1.15,0.54,824,17.23,103.31,9.67,27.42,10.79,30.62,184.10,15.59,1.29,1.12,0.61,1.15,0.54,506,28.06,100.95,15.38,27.42,17.18,30.62,192.60,14.90,1.29,1.12,0.61,1.15,0.54,303,46.86,100.50,25.57,27.42,28.56,30.62,204.10,14.06,41000.00,13.17,44.95,208.22,31.78
2025-11-07,Matas Buzelis,PF/SF,CHI,MIL,5500,28.56,6.76,25.02,4.55,,,Chicago Bulls,Milwaukee Bucks,Matas Buzelis,7.00,0.20,25.80,45.10,29.00,443.00,7.00,0.20,25.80,45.10,29.00,443.00,5.00,0.19,27.40,47.20,31.40,339.00,3.00,0.17,23.20,41.00,30.30,193.00,0.89,0.57,0.41,1.56,0.71,719,61.61,102.51,45.01,44.41,25.75,25.41,245.70,10.50,0.89,0.57,0.41,1.56,0.71,719,61.61,102.51,45.01,44.41,25.75,25.41,245.70,10.50,0.87,0.58,0.40,1.50,0.70,506,67.00,101.00,47.11,42.93,27.35,24.92,252.70,10.84,0.77,0.57,0.36,1.35,0.64,302,63.91,100.66,41.00,38.64,23.20,21.87,270.00,8.59,49500.00,11.11,36.18,230.29,9.71
2025-11-07,Tari Eason,SF/PF,HOU,SA,5600,22.62,0.16,24.80,4.43,,,Houston Rockets,San Antonio Spurs,Tari Eason,7.00,0.17,24.20,38.30,25.70,386.00,7.00,0.17,24.20,38.30,25.70,386.00,5.00,0.19,29.00,40.60,26.00,279.00,3.00,0.17,26.50,38.70,27.10,177.00,0.94,0.63,0.44,1.49,0.69,713,54.14,98.87,37.18,33.70,23.49,21.30,237.90,10.17,0.94,0.63,0.44,1.49,0.69,713,54.14,98.87,37.18,33.70,23.49,21.30,237.90,10.17,1.12,0.71,0.52,1.56,0.73,498,56.02,99.55,40.58,35.32,28.99,25.23,244.80,11.85,0.98,0.68,0.45,1.43,0.66,305,58.03,101.34,38.58,32.30,26.41,22.12,237.50,11.16,49300.00,11.36,18.02,222.70,17.30
2025-11-07,Jaylin Williams,C/PF,OKC,SAC,4200,24.39,0.04,24.73,5.89,,,Oklahoma City Thunder,Sacramento Kings,Jaylin Williams,9.00,0.15,17.80,35.10,17.70,338.00,9.00,0.15,17.80,35.10,17.70,338.00,5.00,0.14,23.60,39.60,19.30,208.00,3.00,0.13,20.80,34.30,19.10,123.00,1.01,0.51,0.47,1.98,0.93,936,36.11,101.20,34.16,48.37,17.32,24.53,243.50,7.31,1.01,0.51,0.47,1.98,0.93,936,36.11,101.20,34.16,48.37,17.32,24.53,243.50,7.31,1.22,0.60,0.57,2.05,0.95,510,40.78,102.40,39.76,50.04,23.69,29.82,237.70,9.93,1.09,0.61,0.51,1.80,0.84,306,40.20,103.17,34.69,43.80,21.04,26.56,232.00,8.97,48800.00,8.61,33.85,214.42,25.58
2025-11-07,Tre Mann,SG/PG,CHA,MIA,4200,30.34,40.80,24.71,5.88,,,Charlotte Hornets,Miami Heat,Tre Mann,8.00,0.24,17.80,43.40,20.80,352.00,8.00,0.24,17.80,43.40,20.80,352.00,5.00,0.27,20.30,50.20,22.30,230.00,3.00,0.28,23.30,46.70,23.00,139.00,0.86,0.41,0.40,2.09,0.99,823,42.77,104.66,44.15,63.30,18.11,25.96,172.50,10.32,0.86,0.41,0.40,2.09,0.99,823,42.77,104.66,44.15,63.30,18.11,25.96,172.50,10.32,0.91,0.40,0.44,2.25,1.09,505,45.54,102.75,51.07,68.29,20.65,27.62,179.80,11.29,1.01,0.50,0.50,2.03,1.01,302,46.03,102.75,47.67,61.60,23.78,30.73,198.10,11.76,42300.00,9.93,94.13,237.09,2.91
2025-11-07,Jalen Suggs,PG/SG,ORL,BOS,5300,22.01,0.06,24.63,4.65,Confirmed,,Orlando Magic,Boston Celtics,Jalen Suggs,6.00,0.21,24.50,43.70,19.40,265.00,6.00,0.21,24.50,43.70,19.40,265.00,4.00,0.22,26.10,45.50,20.20,180.00,2.00,0.25,27.70,47.50,19.80,84.00,1.26,0.56,0.55,2.25,0.99,824,32.16,99.94,31.80,49.59,17.83,27.80,214.70,11.41,1.26,0.56,0.55,2.25,0.99,824,32.16,99.94,31.80,49.59,17.83,27.80,214.70,11.41,1.29,0.57,0.58,2.25,1.01,502,35.86,98.80,35.82,49.58,20.55,28.44,218.30,11.96,1.40,0.58,0.66,2.40,1.13,303,27.72,99.50,31.20,52.81,18.19,30.80,224.70,12.33,46000.00,11.52,13.60,207.14,32.86
2025-11-07,Kevin Huerter,SF/SG,CHI,MIL,4900,21.93,0.22,23.94,4.89,,,Chicago Bulls,Milwaukee Bucks,Kevin Huerter,7.00,0.20,26.10,41.40,24.90,382.00,7.00,0.20,26.10,41.40,24.90,382.00,5.00,0.21,24.50,40.60,23.60,253.00,3.00,0.21,25.60,41.30,24.00,151.00,1.05,0.63,0.48,1.66,0.76,719,53.13,102.51,41.32,36.46,26.05,22.99,245.70,10.62,1.05,0.63,0.48,1.66,0.76,719,53.13,102.51,41.32,36.46,26.05,22.99,245.70,10.62,1.04,0.60,0.48,1.72,0.80,506,50.00,101.00,40.52,37.73,24.45,22.77,252.70,9.70,1.07,0.62,0.51,1.72,0.82,302,50.00,100.66,41.30,37.74,25.60,23.39,270.00,9.48,49500.00,9.90,36.18,230.29,9.71
2025-11-07,Santi Aldama,PF/C,MEM,DAL,5100,21.93,1.13,23.91,4.69,,,Memphis Grizzlies,Dallas Mavericks,Santi Aldama,9.00,0.20,27.00,44.70,24.60,486.00,9.00,0.20,27.00,44.70,24.60,486.00,5.00,0.21,27.10,49.20,26.90,289.00,3.00,0.22,23.20,43.70,25.80,166.00,1.10,0.60,0.50,1.82,0.83,931,52.20,103.31,44.64,39.84,26.96,24.07,215.60,12.52,1.10,0.60,0.50,1.82,0.83,931,52.20,103.31,44.64,39.84,26.96,24.07,215.60,12.52,1.01,0.55,0.47,1.83,0.85,502,57.57,100.95,49.47,40.10,27.25,22.09,219.80,12.33,0.90,0.53,0.42,1.69,0.79,299,55.52,100.50,44.07,37.14,23.39,19.72,213.60,10.86,45300.00,11.26,34.74,219.89,20.11
2025-11-07,Jock Landale,C,MEM,DAL,4400,24.86,0.46,23.89,5.43,,,Memphis Grizzlies,Dallas Mavericks,Jock Landale,9.00,0.15,21.80,29.60,23.90,474.00,9.00,0.15,21.80,29.60,23.90,474.00,5.00,0.16,23.70,31.60,24.40,262.00,3.00,0.17,25.30,34.00,24.30,152.00,0.91,0.74,0.41,1.24,0.56,931,50.91,103.31,29.56,30.79,21.77,22.68,215.60,10.11,0.91,0.74,0.41,1.24,0.56,931,50.91,103.31,29.56,30.79,21.77,22.68,215.60,10.11,0.97,0.75,0.45,1.30,0.60,502,52.19,100.95,31.77,32.19,23.83,24.15,219.80,10.78,1.04,0.74,0.50,1.40,0.67,299,50.84,100.50,34.28,34.78,25.51,25.88,213.60,11.84,45300.00,9.71,34.74,219.89,20.11
2025-11-07,Naz Reid,C/PF,MIN,UTA,5200,23.42,0.32,23.71,4.56,,,Minnesota Timberwolves,Utah Jazz,Naz Reid,8.00,0.22,23.60,48.80,22.80,386.00,8.00,0.22,23.60,48.80,22.80,386.00,5.00,0.23,23.30,51.20,23.40,246.00,3.00,0.23,23.10,50.30,22.40,137.00,1.04,0.48,0.49,2.14,1.01,795,48.55,100.00,49.11,50.13,23.75,24.24,216.70,10.89,1.04,0.48,0.49,2.14,1.01,795,48.55,100.00,49.11,50.13,23.75,24.24,216.70,10.89,1.00,0.46,0.47,2.19,1.04,494,49.80,100.45,52.06,51.24,23.69,23.32,223.80,10.41,1.03,0.46,0.51,2.25,1.10,294,46.60,98.66,50.64,52.59,23.26,24.15,222.60,10.38,49200.00,10.57,30.42,220.22,19.78
2025-11-07,Anthony Edwards,SG/SF,MIN,UTA,9000,32.45,12.19,23.35,2.59,,,Minnesota Timberwolves,Utah Jazz,Anthony Edwards,4.00,0.32,32.10,55.00,26.50,221.00,4.00,0.32,32.10,55.00,26.50,221.00,1.00,0.26,27.90,67.00,28.80,59.00,1.00,0.26,27.90,67.00,28.80,59.00,1.21,0.58,0.58,2.08,1.00,795,27.80,100.00,27.67,67.36,16.15,39.31,216.70,14.81,1.21,0.58,0.58,2.08,1.00,795,27.80,100.00,27.67,67.36,16.15,39.31,216.70,14.81,0.97,0.42,0.47,2.33,1.14,494,11.94,100.45,13.62,75.50,5.67,31.44,223.80,12.47,0.97,0.42,0.47,2.33,1.14,294,20.07,98.66,22.48,75.50,9.36,31.44,222.60,12.53,49200.00,18.29,30.42,220.22,19.78
2025-11-07,Devin Vassell,SF/SG,SA,HOU,5500,34.26,11.28,23.22,4.22,Confirmed,,San Antonio Spurs,Houston Rockets,Devin Vassell,7.00,0.19,25.00,54.00,34.60,506.00,7.00,0.19,25.00,54.00,34.60,506.00,5.00,0.18,23.30,52.60,34.30,353.00,3.00,0.17,21.80,55.30,35.40,222.00,0.72,0.46,0.35,1.56,0.75,707,71.57,98.87,52.86,53.47,24.47,24.75,204.50,12.22,0.72,0.46,0.35,1.56,0.75,707,71.57,98.87,52.86,53.47,24.47,24.75,204.50,12.22,0.68,0.44,0.33,1.53,0.75,500,70.60,99.55,52.36,52.54,23.20,23.27,199.50,11.68,0.62,0.39,0.29,1.56,0.75,305,72.79,101.34,55.12,53.52,21.73,21.10,197.40,11.04,42600.00,12.91,29.56,205.94,34.06
2025-11-07,Chet Holmgren,C/PF,OKC,SAC,7900,29.72,6.24,23.12,2.93,,,Oklahoma City Thunder,Sacramento Kings,Chet Holmgren,5.00,0.23,40.00,51.80,33.40,343.00,5.00,0.23,40.00,51.80,33.40,343.00,1.00,0.19,30.50,37.00,30.10,63.00,1.00,0.19,30.50,37.00,30.10,63.00,1.20,0.77,0.58,1.55,0.76,936,36.65,101.20,28.00,46.10,21.62,35.60,243.50,16.43,1.20,0.77,0.58,1.55,0.76,936,36.65,101.20,28.00,46.10,21.62,35.60,243.50,16.43,1.01,0.82,0.48,1.23,0.59,510,12.35,102.40,7.43,36.54,6.12,30.12,237.70,12.83,1.01,0.82,0.48,1.23,0.59,306,20.59,103.17,12.47,36.54,10.28,30.12,232.00,13.15,48800.00,16.19,33.85,214.42,25.58
2025-11-07,Moses Moody,SF,GS,DEN,4400,20.50,0.06,22.71,5.16,Q,,Golden State Warriors,Denver Nuggets,Moses Moody,7.00,0.20,23.40,32.30,23.40,346.00,7.00,0.20,23.40,32.30,23.40,346.00,5.00,0.18,24.40,32.80,24.10,251.00,3.00,0.18,33.00,38.30,29.50,188.00,1.00,0.72,0.47,1.38,0.65,921,37.57,101.67,24.96,28.29,18.08,20.50,199.40,11.74,1.00,0.72,0.47,1.38,0.65,921,37.57,101.67,24.96,28.29,18.08,20.50,199.40,11.74,1.01,0.74,0.49,1.36,0.65,499,50.30,101.25,33.28,27.89,24.75,20.75,202.20,12.07,1.12,0.86,0.53,1.30,0.61,305,61.64,103.08,38.83,26.61,33.46,22.93,233.50,14.13,45600.00,9.65,15.96,214.58,25.42
2025-11-07,Cole Anthony,PG/SG,MIL,CHI,5000,21.43,1.56,22.50,4.50,,,Milwaukee Bucks,Chicago Bulls,Cole Anthony,7.00,0.22,24.90,47.10,20.60,315.00,7.00,0.22,24.90,47.10,20.60,315.00,5.00,0.22,22.10,48.00,21.20,228.00,3.00,0.19,20.20,45.30,20.10,132.00,1.21,0.53,0.55,2.29,1.05,818,38.51,102.51,41.32,49.00,21.84,25.90,226.00,11.02,1.21,0.53,0.55,2.29,1.05,818,38.51,102.51,41.32,49.00,21.84,25.90,226.00,11.02,1.04,0.46,0.48,2.26,1.05,504,45.24,101.00,48.10,48.52,22.14,22.34,218.40,10.12,1.00,0.45,0.46,2.25,1.03,303,43.56,100.66,45.15,48.30,20.13,21.54,203.10,9.95,51100.00,9.78,27.78,228.46,11.54
2025-11-07,Max Christie,SF/SG,DAL,MEM,4500,30.87,2.61,22.40,4.98,,,Dallas Mavericks,Memphis Grizzlies,Max Christie,8.00,0.14,20.10,40.90,30.00,514.00,8.00,0.14,20.10,40.90,30.00,514.00,5.00,0.15,22.50,46.60,31.60,333.00,3.00,0.16,25.50,45.30,31.10,198.00,0.67,0.49,0.31,1.36,0.64,824,62.38,103.31,41.02,42.09,20.16,20.68,184.10,10.92,0.67,0.49,0.31,1.36,0.64,824,62.38,103.31,41.02,42.09,20.16,20.68,184.10,10.92,0.71,0.48,0.34,1.47,0.70,506,65.81,100.95,46.48,45.53,22.44,21.98,192.60,11.68,0.82,0.56,0.39,1.46,0.69,303,65.35,100.50,45.08,44.97,25.37,25.31,204.10,12.49,41000.00,10.98,44.95,208.22,31.78
2025-11-07,Norman Powell,SF/SG,MIA,CHA,6500,29.84,8.78,22.39,3.45,,,Miami Heat,Charlotte Hornets,Norman Powell,5.00,0.26,35.30,47.00,30.30,341.00,5.00,0.26,35.30,47.00,30.30,341.00,2.00,0.29,24.90,46.00,29.40,128.00,2.00,0.29,24.90,46.00,29.40,128.00,1.17,0.75,0.52,1.55,0.69,851,40.07,104.66,28.90,46.29,21.71,34.77,215.20,16.40,1.17,0.75,0.52,1.55,0.69,851,40.07,104.66,28.90,46.29,21.71,34.77,215.20,16.40,0.85,0.54,0.39,1.56,0.72,521,24.57,102.75,18.14,46.70,9.82,25.28,209.10,11.91,0.85,0.54,0.39,1.56,0.72,314,40.76,102.75,30.11,46.70,16.30,25.28,209.90,11.86,44300.00,14.67,77.61,226.29,13.71
2025-11-07,Ronald Holland,PF/SF,DET,BKN,4500,23.34,1.48,22.36,4.97,,,Detroit Pistons,Brooklyn Nets,Ronald Holland II,8.00,0.19,22.90,38.60,21.80,376.00,8.00,0.19,22.90,38.60,21.80,376.00,5.00,0.16,21.30,38.40,23.10,248.00,3.00,0.15,22.00,38.00,22.00,144.00,1.05,0.59,0.49,1.77,0.82,809,46.48,100.28,38.28,41.33,22.71,24.52,211.70,10.82,1.05,0.59,0.49,1.77,0.82,809,46.48,100.28,38.28,41.33,22.71,24.52,211.70,10.82,0.92,0.55,0.43,1.66,0.77,505,49.11,99.45,37.81,38.81,20.97,21.52,214.80,9.92,1.00,0.58,0.46,1.73,0.79,300,48.00,100.00,38.00,40.32,22.00,23.34,236.80,9.29,45900.00,9.80,56.72,223.09,16.91
2025-11-07,Desmond Bane,SG/SF,ORL,BOS,6000,30.31,2.78,22.34,3.72,Confirmed,,Orlando Magic,Boston Celtics,Desmond Bane,8.00,0.22,23.70,50.80,29.10,501.00,8.00,0.22,23.70,50.80,29.10,501.00,5.00,0.21,20.70,45.00,27.10,282.00,3.00,0.19,18.10,40.00,23.40,149.00,0.81,0.47,0.38,1.75,0.81,824,60.80,99.94,49.29,52.91,23.00,24.68,214.70,11.04,0.81,0.47,0.38,1.75,0.81,824,60.80,99.94,49.29,52.91,23.00,24.68,214.70,11.04,0.76,0.46,0.37,1.66,0.80,502,56.18,98.80,44.28,50.33,20.37,23.15,218.30,9.48,0.77,0.45,0.36,1.71,0.81,303,49.17,99.50,39.41,51.81,17.83,23.44,224.70,8.06,46000.00,13.04,13.60,207.14,32.86
2025-11-07,Jaylon Tyson,SF,CLE,WAS,4700,22.54,0.00,22.34,4.75,,,Cleveland Cavaliers,Washington Wizards,Jaylon Tyson,8.00,0.15,20.90,32.50,24.80,424.00,8.00,0.15,20.90,32.50,24.80,424.00,5.00,0.17,25.20,39.00,28.20,298.00,3.00,0.17,29.20,38.30,28.90,182.00,0.84,0.64,0.39,1.31,0.61,823,51.52,103.57,32.72,29.54,21.04,19.00,237.50,8.80,0.84,0.64,0.39,1.31,0.61,823,51.52,103.57,32.72,29.54,21.04,19.00,237.50,8.80,0.89,0.65,0.42,1.38,0.65,510,58.43,102.09,39.03,31.18,25.22,20.15,242.90,10.37,1.01,0.76,0.48,1.33,0.63,310,58.71,103.00,38.18,29.88,29.11,22.78,276.80,10.55,52900.00,8.88,32.53,232.58,7.42
2025-11-07,Ayo Dosunmu,SG,CHI,MIL,4700,22.98,0.09,21.64,4.60,,,Chicago Bulls,Milwaukee Bucks,Ayo Dosunmu,5.00,0.19,24.60,47.20,26.10,279.00,5.00,0.19,24.60,47.20,26.10,279.00,3.00,0.18,27.60,50.00,25.80,159.00,1.00,0.20,42.30,62.00,29.30,61.00,0.94,0.52,0.44,1.81,0.85,719,38.80,102.51,33.65,41.56,17.54,21.66,245.70,10.01,0.94,0.52,0.44,1.81,0.85,719,38.80,102.51,33.65,41.56,17.54,21.66,245.70,10.01,1.07,0.55,0.52,1.94,0.94,506,31.42,101.00,29.94,44.53,16.53,24.58,252.70,10.92,1.44,0.68,0.69,2.12,1.02,302,20.20,100.66,20.67,48.62,14.10,33.17,270.00,15.67,49500.00,9.49,36.18,230.29,9.71
2025-11-07,Zaccharie Risacher,SF/PF,ATL,TOR,4400,27.56,1.11,21.55,4.90,Confirmed,,Atlanta Hawks,Toronto Raptors,Zaccharie Risacher,6.00,0.19,19.30,26.00,23.50,311.00,6.00,0.19,19.30,26.00,23.50,311.00,5.00,0.18,18.90,25.00,24.00,258.00,3.00,0.22,25.30,29.30,24.00,154.00,0.82,0.74,0.37,1.11,0.50,821,37.88,102.66,19.51,30.49,14.48,22.63,208.20,9.27,0.82,0.74,0.37,1.11,0.50,821,37.88,102.66,19.51,30.49,14.48,22.63,208.20,9.27,0.79,0.76,0.37,1.04,0.48,511,50.49,100.45,24.57,28.71,18.58,21.70,215.60,8.77,1.05,0.86,0.49,1.22,0.57,309,49.84,100.50,28.59,33.64,24.69,29.05,227.10,11.14,46800.00,9.40,52.95,212.46,27.54
2025-11-07,Draymond Green,PF/C,GS,DEN,5800,29.22,4.37,20.85,3.60,,,Golden State Warriors,Denver Nuggets,Draymond Green,8.00,0.14,26.10,68.60,29.60,502.00,8.00,0.14,26.10,68.60,29.60,502.00,4.00,0.11,23.40,67.50,31.50,262.00,2.00,0.11,20.30,71.50,31.30,132.00,0.88,0.38,0.42,2.32,1.09,921,54.51,101.67,60.58,67.71,23.05,25.76,199.40,13.09,0.88,0.38,0.42,2.32,1.09,921,54.51,101.67,60.58,67.71,23.05,25.76,199.40,13.09,0.74,0.35,0.36,2.14,1.03,499,52.51,101.25,54.78,62.61,18.99,21.70,202.20,11.57,0.65,0.28,0.31,2.28,1.08,305,43.28,103.08,48.33,66.74,13.72,18.95,233.50,8.69,45600.00,12.72,15.96,214.58,25.42
2025-11-07,Gary Trent,SG/SF,MIL,CHI,4600,30.15,1.91,20.82,4.53,,,Milwaukee Bucks,Chicago Bulls,Gary Trent Jr.,8.00,0.17,22.00,28.80,28.70,499.00,8.00,0.17,22.00,28.80,28.70,499.00,5.00,0.15,21.00,25.80,29.60,314.00,3.00,0.13,17.30,22.00,29.10,187.00,0.77,0.76,0.35,1.00,0.46,818,61.00,102.51,28.87,30.26,22.06,23.11,226.00,9.73,0.77,0.76,0.35,1.00,0.46,818,61.00,102.51,28.87,30.26,22.06,23.11,226.00,9.73,0.71,0.81,0.33,0.87,0.41,504,62.30,101.00,25.85,26.28,21.04,21.39,218.40,9.62,0.59,0.79,0.28,0.76,0.35,303,61.72,100.66,21.93,22.79,17.24,17.92,203.10,8.52,51100.00,9.00,27.78,228.46,11.54
2025-11-07,Julian Champagnie,SG/SF,SA,HOU,4100,29.31,3.01,20.65,5.04,Confirmed,,San Antonio Spurs,Houston Rockets,Julian Champagnie,7.00,0.12,20.90,38.10,29.80,445.00,7.00,0.12,20.90,38.10,29.80,445.00,5.00,0.13,21.40,39.00,29.50,317.00,3.00,0.15,20.20,44.00,30.90,199.00,0.70,0.55,0.33,1.28,0.60,707,62.94,98.87,37.30,37.48,20.46,20.56,204.50,10.22,0.70,0.55,0.33,1.28,0.60,707,62.94,98.87,37.30,37.48,20.46,20.56,204.50,10.22,0.73,0.55,0.34,1.32,0.62,500,63.40,99.55,38.82,38.75,21.30,21.27,199.50,10.73,0.65,0.46,0.30,1.42,0.66,305,65.25,101.34,43.86,41.74,20.14,19.16,197.40,10.23,42600.00,9.62,29.56,205.94,34.06
2025-11-07,Steven Adams,C,HOU,SA,4300,19.52,0.00,20.61,4.79,,,Houston Rockets,San Antonio Spurs,Steven Adams,6.00,0.10,24.10,25.80,22.50,284.00,6.00,0.10,24.10,25.80,22.50,284.00,4.00,0.11,23.10,20.80,18.30,158.00,2.00,0.09,20.40,22.50,18.80,82.00,1.07,0.93,0.51,1.15,0.55,713,39.83,98.87,21.47,22.39,20.05,20.91,237.90,10.13,1.07,0.93,0.51,1.15,0.55,713,39.83,98.87,21.47,22.39,20.05,20.91,237.90,10.13,1.26,1.11,0.58,1.14,0.53,498,31.73,99.55,16.63,22.19,18.47,24.65,244.80,9.44,1.09,0.91,0.50,1.20,0.55,305,26.89,101.34,14.95,23.37,13.56,21.19,237.50,8.59,49300.00,8.72,18.02,222.70,17.30
2025-11-07,Pelle Larsson,SG,MIA,CHA,4000,25.82,0.82,20.58,5.14,,,Miami Heat,Charlotte Hornets,Pelle Larsson,8.00,0.16,15.00,27.60,18.30,322.00,8.00,0.16,15.00,27.60,18.30,322.00,5.00,0.15,21.50,39.20,26.10,282.00,3.00,0.17,21.60,35.70,24.40,155.00,0.82,0.54,0.37,1.51,0.69,851,37.84,104.66,27.16,38.95,14.76,21.17,215.20,6.97,0.82,0.54,0.37,1.51,0.69,851,37.84,104.66,27.16,38.95,14.76,21.17,215.20,6.97,0.82,0.55,0.38,1.50,0.70,521,54.13,102.75,38.65,38.79,21.20,21.27,209.10,10.28,0.89,0.61,0.42,1.46,0.69,314,49.36,102.75,35.05,37.78,21.20,22.86,209.90,10.29,44300.00,9.03,77.61,226.29,13.71
2025-11-07,Mike Conley,PG,MIN,UTA,4300,21.50,0.09,20.46,4.76,,,Minnesota Timberwolves,Utah Jazz,Mike Conley,8.00,0.13,17.80,47.00,21.50,363.00,8.00,0.13,17.80,47.00,21.50,363.00,5.00,0.12,24.40,54.20,25.10,262.00,3.00,0.12,20.60,50.30,23.70,151.00,0.83,0.38,0.39,2.19,1.04,795,45.66,100.00,47.30,47.00,17.91,17.80,216.70,8.21,0.83,0.38,0.39,2.19,1.04,795,45.66,100.00,47.30,47.00,17.91,17.80,216.70,8.21,0.97,0.45,0.47,2.16,1.03,494,53.04,100.45,55.11,46.43,24.81,20.90,223.80,10.90,0.87,0.41,0.41,2.12,1.00,294,51.36,98.66,50.64,45.63,20.74,18.69,222.60,9.25,49200.00,8.74,30.42,220.22,19.78
2025-11-07,Anthony Black,PG/SG,ORL,BOS,4800,22.43,0.19,20.41,4.25,,,Orlando Magic,Boston Celtics,Anthony Black,8.00,0.20,21.60,49.00,26.20,446.00,8.00,0.20,21.60,49.00,26.20,446.00,5.00,0.19,22.70,49.80,27.00,287.00,3.00,0.17,24.10,49.70,27.10,177.00,0.82,0.44,0.39,1.87,0.88,824,54.13,99.94,47.54,41.96,20.96,18.50,214.70,10.06,0.82,0.44,0.39,1.87,0.88,824,54.13,99.94,47.54,41.96,20.96,18.50,214.70,10.06,0.84,0.46,0.40,1.84,0.87,502,57.17,98.80,49.01,41.38,22.34,18.86,218.30,10.40,0.89,0.48,0.41,1.83,0.84,303,58.42,99.50,48.96,41.14,23.74,19.95,224.70,10.73,46000.00,10.43,13.60,207.14,32.86
2025-11-07,Quinten Post,C,GS,DEN,3900,21.60,0.05,20.30,5.21,,,Golden State Warriors,Denver Nuggets,Quinten Post,9.00,0.15,13.60,23.70,14.70,275.00,9.00,0.15,13.60,23.70,14.70,275.00,5.00,0.18,18.40,32.20,18.00,185.00,3.00,0.17,21.60,36.30,18.50,117.00,0.93,0.57,0.45,1.61,0.78,921,29.86,101.67,23.55,34.82,13.51,19.98,199.40,6.82,0.93,0.57,0.45,1.61,0.78,921,29.86,101.67,23.55,34.82,13.51,19.98,199.40,6.82,1.02,0.57,0.50,1.79,0.87,499,37.07,101.25,32.67,38.63,18.67,22.08,202.20,9.10,1.17,0.60,0.55,1.96,0.93,305,38.36,103.08,36.80,42.37,21.90,25.21,233.50,9.25,45600.00,8.55,15.96,214.58,25.42
2025-11-07,Keldon Johnson,SF/PF,SA,HOU,4100,23.81,0.86,20.19,4.93,,,San Antonio Spurs,Houston Rockets,Keldon Johnson,7.00,0.16,21.40,38.30,24.10,353.00,7.00,0.16,21.40,38.30,24.10,353.00,5.00,0.18,21.00,41.00,25.00,261.00,3.00,0.18,18.80,40.00,24.00,156.00,0.89,0.56,0.42,1.59,0.76,707,49.93,98.87,37.49,37.84,20.95,21.15,204.50,10.46,0.89,0.56,0.42,1.59,0.76,707,49.93,98.87,37.49,37.84,20.95,21.15,204.50,10.46,0.84,0.51,0.40,1.64,0.79,500,52.20,99.55,40.82,39.05,20.91,20.00,199.50,10.53,0.78,0.47,0.36,1.67,0.77,305,51.15,101.34,39.87,39.69,18.74,18.65,197.40,9.52,42600.00,9.62,29.56,205.94,34.06
2025-11-07,Isaiah Joe,SG,OKC,SAC,4300,24.15,0.19,20.16,4.69,,,Oklahoma City Thunder,Sacramento Kings,Isaiah Joe,4.00,0.23,23.70,35.50,24.50,212.00,4.00,0.23,23.70,35.50,24.50,212.00,4.00,0.23,23.70,35.50,24.50,212.00,3.00,0.23,21.00,34.00,24.70,160.00,0.97,0.67,0.45,1.45,0.67,936,22.65,101.20,15.35,34.99,10.25,23.36,243.50,9.73,0.97,0.67,0.45,1.45,0.67,936,22.65,101.20,15.35,34.99,10.25,23.36,243.50,9.73,0.97,0.67,0.45,1.45,0.67,510,41.57,102.40,28.51,34.99,19.03,23.36,237.70,9.97,0.85,0.62,0.39,1.38,0.64,306,52.29,103.17,34.39,33.24,21.24,20.53,232.00,9.05,48800.00,8.81,33.85,214.42,25.58
2025-11-07,Harrison Barnes,PF/SF,SA,HOU,4100,28.11,0.24,20.01,4.88,Confirmed,,San Antonio Spurs,Houston Rockets,Harrison Barnes,7.00,0.13,19.20,33.90,29.70,426.00,7.00,0.13,19.20,33.90,29.70,426.00,5.00,0.15,20.10,34.60,28.60,295.00,3.00,0.14,22.60,35.00,28.70,177.00,0.65,0.57,0.32,1.14,0.56,707,60.25,98.87,33.19,32.09,18.80,18.17,204.50,9.39,0.65,0.57,0.32,1.14,0.56,707,60.25,98.87,33.19,32.09,18.80,18.17,204.50,9.39,0.70,0.58,0.34,1.21,0.59,500,59.00,99.55,34.44,34.01,20.01,19.76,199.50,10.08,0.79,0.65,0.38,1.22,0.59,305,58.03,101.34,34.89,34.28,22.53,22.14,197.40,11.45,42600.00,9.62,29.56,205.94,34.06
2025-11-07,Reed Sheppard,PG/SG,HOU,SA,4200,19.47,0.09,19.94,4.75,,,Houston Rockets,San Antonio Spurs,Reed Sheppard,7.00,0.20,20.20,40.70,20.00,299.00,7.00,0.20,20.20,40.70,20.00,299.00,5.00,0.18,20.20,35.80,18.40,196.00,3.00,0.17,16.90,34.00,16.70,105.00,1.01,0.50,0.47,2.04,0.95,713,41.94,98.87,39.51,39.63,19.61,19.67,237.90,8.49,1.01,0.50,0.47,2.04,0.95,713,41.94,98.87,39.51,39.63,19.61,19.67,237.90,8.49,1.10,0.56,0.52,1.95,0.91,498,39.36,99.55,35.78,37.89,20.19,21.38,244.80,8.25,1.01,0.50,0.48,2.04,0.97,305,34.43,101.34,33.89,39.65,16.85,19.71,237.50,7.12,49300.00,8.52,18.02,222.70,17.30
2025-11-07,Kyle Kuzma,SF/PF,MIL,CHI,5000,20.96,0.12,19.69,3.94,,,Milwaukee Bucks,Chicago Bulls,Kyle Kuzma,7.00,0.22,21.50,37.60,22.90,349.00,7.00,0.22,21.50,37.60,22.90,349.00,5.00,0.24,20.30,38.80,23.90,256.00,3.00,0.30,22.10,34.30,21.50,138.00,0.94,0.57,0.43,1.64,0.75,818,42.67,102.51,32.98,34.42,18.86,19.68,226.00,9.51,0.94,0.57,0.43,1.64,0.75,818,42.67,102.51,32.98,34.42,18.86,19.68,226.00,9.51,0.85,0.52,0.40,1.62,0.76,504,50.79,101.00,38.88,34.03,20.34,17.81,218.40,9.29,1.03,0.64,0.48,1.60,0.75,303,45.54,100.66,34.18,33.44,22.03,21.55,203.10,10.88,51100.00,9.78,27.78,228.46,11.54
2025-11-07,Marvin Bagley,C,WAS,CLE,4000,16.28,0.04,19.67,4.92,,,Washington Wizards,Cleveland Cavaliers,Marvin Bagley III,8.00,0.15,16.20,22.50,14.50,269.00,8.00,0.15,16.20,22.50,14.50,269.00,5.00,0.17,20.60,24.60,15.30,174.00,3.00,0.18,18.20,22.70,13.90,97.00,1.12,0.72,0.48,1.55,0.67,847,31.76,103.57,22.01,25.26,15.85,18.19,169.40,9.56,1.12,0.72,0.48,1.55,0.67,847,31.76,103.57,22.01,25.26,15.85,18.19,169.40,9.56,1.35,0.84,0.59,1.61,0.71,523,33.27,102.09,24.01,26.18,20.11,21.92,161.20,12.78,1.31,0.80,0.56,1.63,0.70,310,31.29,103.00,22.63,26.59,18.14,21.32,148.30,12.27,40300.00,9.93,35.68,204.65,35.35
2025-11-07,Peyton Watson,PF,DEN,GS,4100,20.75,0.05,19.47,4.75,,,Denver Nuggets,Golden State Warriors,Peyton Watson,7.00,0.12,17.80,28.70,20.00,300.00,7.00,0.12,17.80,28.70,20.00,300.00,5.00,0.13,21.20,30.20,20.80,225.00,3.00,0.16,17.20,30.00,18.80,123.00,0.89,0.62,0.42,1.44,0.67,725,41.38,101.67,28.17,29.77,17.47,18.47,226.50,7.86,0.89,0.62,0.42,1.44,0.67,725,41.38,101.67,28.17,29.77,17.47,18.47,226.50,7.86,1.02,0.70,0.47,1.45,0.67,513,43.86,101.25,29.80,30.12,20.92,21.15,225.60,9.40,0.91,0.57,0.42,1.60,0.73,311,39.55,103.08,29.83,33.11,17.10,18.98,232.00,7.41,48200.00,8.51,24.03,218.93,21.07
2025-11-07,Tristan da Silva,PF,ORL,BOS,4100,19.92,0.06,19.33,4.71,,,Orlando Magic,Boston Celtics,Tristan da Silva,8.00,0.19,20.30,30.90,21.40,376.00,8.00,0.19,20.30,30.90,21.40,376.00,5.00,0.18,19.10,29.20,21.00,227.00,3.00,0.21,23.30,33.70,23.20,150.00,0.95,0.66,0.43,1.44,0.66,824,45.63,99.94,29.98,28.77,19.70,18.90,214.70,9.46,0.95,0.66,0.43,1.44,0.66,824,45.63,99.94,29.98,28.77,19.70,18.90,214.70,9.46,0.91,0.65,0.42,1.39,0.64,502,45.22,98.80,28.73,27.70,18.80,18.12,218.30,8.75,1.00,0.69,0.47,1.45,0.67,303,49.50,99.50,33.20,28.94,22.95,20.01,224.70,10.37,46000.00,8.91,13.60,207.14,32.86
2025-11-07,CJ McCollum,SG/PG,WAS,CLE,5000,27.01,7.68,19.05,3.81,Confirmed,,Washington Wizards,Cleveland Cavaliers,CJ McCollum,8.00,0.20,21.00,47.00,27.30,484.00,8.00,0.20,21.00,47.00,27.30,484.00,5.00,0.20,18.50,41.60,25.10,272.00,3.00,0.21,14.30,36.70,20.60,135.00,0.77,0.45,0.35,1.72,0.78,847,57.14,103.57,45.98,46.50,20.54,20.78,169.40,12.40,0.77,0.45,0.35,1.72,0.78,847,57.14,103.57,45.98,46.50,20.54,20.78,169.40,12.40,0.74,0.44,0.34,1.66,0.76,523,52.01,102.09,40.60,44.76,18.06,19.91,161.20,11.48,0.69,0.39,0.32,1.78,0.82,310,43.55,103.00,36.58,48.12,14.25,18.75,148.30,9.64,40300.00,12.41,35.68,204.65,35.35
2025-11-07,Tyrese Martin,SG/SF,BKN,DET,4300,25.07,8.49,18.84,4.38,,,Brooklyn Nets,Detroit Pistons,Tyrese Martin,8.00,0.17,16.40,39.30,20.90,345.00,8.00,0.17,16.40,39.30,20.90,345.00,5.00,0.16,18.90,44.00,24.00,243.00,3.00,0.16,18.30,49.30,25.60,158.00,0.78,0.42,0.38,1.88,0.91,793,43.51,100.28,39.76,47.13,16.59,19.67,185.20,8.86,0.78,0.42,0.38,1.88,0.91,793,43.51,100.28,39.76,47.13,16.59,19.67,185.20,8.86,0.79,0.43,0.39,1.83,0.91,488,49.80,99.45,44.83,45.95,19.26,19.74,198.80,9.51,0.71,0.37,0.35,1.93,0.94,298,53.02,100.00,49.63,48.27,18.42,17.92,209.10,8.75,42600.00,10.09,42.22,226.07,13.93
2025-11-07,Day'Ron Sharpe,C,BKN,DET,4100,18.00,0.30,18.78,4.58,,,Brooklyn Nets,Detroit Pistons,Day'Ron Sharpe,8.00,0.17,17.90,29.40,16.20,272.00,8.00,0.17,17.90,29.40,16.20,272.00,5.00,0.15,19.50,31.00,17.10,172.00,3.00,0.15,13.60,26.00,14.60,91.00,1.10,0.61,0.53,1.81,0.86,793,34.30,100.28,29.74,32.67,18.11,19.89,185.20,9.67,1.10,0.61,0.53,1.81,0.86,793,34.30,100.28,29.74,32.67,18.11,19.89,185.20,9.67,1.14,0.63,0.57,1.81,0.90,488,35.25,99.45,31.59,32.64,19.87,20.53,198.80,9.81,0.93,0.52,0.45,1.78,0.86,298,30.54,100.00,26.17,32.06,13.69,16.77,209.10,6.50,42600.00,9.62,42.22,226.07,13.93
2025-11-07,Drew Eubanks,C,SAC,OKC,3900,25.72,3.63,18.68,4.79,,,Sacramento Kings,Oklahoma City Thunder,Drew Eubanks,8.00,0.15,13.40,16.30,15.10,257.00,8.00,0.15,13.40,16.30,15.10,257.00,5.00,0.14,13.90,17.80,16.70,177.00,3.00,0.18,16.10,20.00,18.10,116.00,0.89,0.82,0.42,1.08,0.51,820,31.34,101.20,16.09,27.76,13.23,22.82,206.80,6.48,0.89,0.82,0.42,1.08,0.51,820,31.34,101.20,16.09,27.76,13.23,22.82,206.80,6.48,0.83,0.78,0.39,1.07,0.50,515,34.37,102.40,17.70,27.41,13.82,21.40,204.80,6.79,0.89,0.81,0.42,1.10,0.52,313,37.06,103.17,19.78,28.42,15.92,22.87,223.30,7.21,40200.00,9.70,60.16,216.32,23.68
2025-11-07,Malik Monk,SG/PG,SAC,OKC,5200,23.82,0.07,18.67,3.59,,,Sacramento Kings,Oklahoma City Thunder,Malik Monk,6.00,0.22,25.80,38.50,25.20,331.00,6.00,0.22,25.80,38.50,25.20,331.00,3.00,0.22,21.60,39.00,26.20,169.00,1.00,0.28,26.80,38.00,25.30,60.00,1.02,0.67,0.47,1.53,0.70,820,40.37,101.20,28.51,36.40,19.10,24.39,206.80,12.48,1.02,0.67,0.47,1.53,0.70,820,40.37,101.20,28.51,36.40,19.10,24.39,206.80,12.48,0.82,0.55,0.38,1.49,0.69,515,32.82,102.40,23.26,35.46,12.88,19.64,204.80,10.55,1.06,0.71,0.45,1.50,0.63,313,19.17,103.17,12.53,35.78,8.83,25.24,223.30,12.00,40200.00,12.94,60.16,216.32,23.68
2025-11-07,Sion James,SF/SG,CHA,MIA,4000,30.19,5.14,18.65,4.66,,,Charlotte Hornets,Miami Heat,Sion James,8.00,0.10,17.10,32.80,24.30,415.00,8.00,0.10,17.10,32.80,24.30,415.00,5.00,0.09,17.00,37.00,27.70,293.00,3.00,0.10,18.30,38.30,29.20,185.00,0.70,0.52,0.33,1.35,0.63,823,50.43,104.66,33.37,40.75,17.40,21.25,172.50,9.91,0.70,0.52,0.33,1.35,0.63,823,50.43,104.66,33.37,40.75,17.40,21.25,172.50,9.91,0.61,0.46,0.29,1.34,0.63,505,58.02,102.75,37.64,40.33,17.29,18.53,179.80,9.45,0.63,0.48,0.30,1.31,0.62,302,61.26,102.75,39.09,39.60,18.68,18.92,198.10,9.24,42300.00,9.46,94.13,237.09,2.91
2025-11-07,Jalen Smith,C,CHI,MIL,4000,16.46,0.03,18.65,4.66,,,Chicago Bulls,Milwaukee Bucks,Jalen Smith,7.00,0.23,16.40,28.70,14.70,225.00,7.00,0.23,16.40,28.70,14.70,225.00,5.00,0.23,16.60,28.60,14.50,154.00,3.00,0.21,21.90,31.70,16.70,107.00,1.12,0.57,0.51,1.95,0.89,719,31.29,102.51,28.64,32.13,16.37,18.36,245.70,6.67,1.12,0.57,0.51,1.95,0.89,719,31.29,102.51,28.64,32.13,16.37,18.36,245.70,6.67,1.14,0.58,0.54,1.97,0.93,506,30.43,101.00,28.54,32.46,16.57,18.84,252.70,6.57,1.31,0.69,0.61,1.90,0.89,302,35.43,100.66,31.70,31.24,21.90,21.58,270.00,8.11,49500.00,8.08,36.18,230.29,9.71
2025-11-07,Cam Spencer,SG/PG,MEM,DAL,3900,17.36,0.09,18.50,4.74,,,Memphis Grizzlies,Dallas Mavericks,Cam Spencer,9.00,0.19,17.50,36.90,17.20,332.00,9.00,0.19,17.50,36.90,17.20,332.00,5.00,0.20,20.40,38.60,19.60,203.00,3.00,0.23,20.00,41.30,20.20,122.00,1.02,0.47,0.47,2.15,1.00,931,35.66,103.31,36.85,37.24,17.48,17.66,215.60,8.12,1.02,0.47,0.47,2.15,1.00,931,35.66,103.31,36.85,37.24,17.48,17.66,215.60,8.12,1.04,0.53,0.50,1.97,0.95,502,40.44,100.95,38.81,34.18,20.51,18.07,219.80,9.28,0.99,0.48,0.49,2.04,1.02,299,40.80,100.50,41.65,35.49,20.17,17.18,213.60,9.36,45300.00,8.61,34.74,219.89,20.11
2025-11-07,Jamal Shead,PG,TOR,ATL,4000,16.84,0.06,18.38,4.59,,,Toronto Raptors,Atlanta Hawks,Jamal Shead,8.00,0.15,18.10,43.30,17.10,306.00,8.00,0.15,18.10,43.30,17.10,306.00,5.00,0.15,18.10,45.60,17.90,191.00,3.00,0.12,21.10,46.30,18.20,116.00,1.06,0.42,0.47,2.53,1.13,822,37.23,102.66,43.26,42.64,18.08,17.82,225.60,8.02,1.06,0.42,0.47,2.53,1.13,822,37.23,102.66,43.26,42.64,18.08,17.82,225.60,8.02,1.01,0.40,0.47,2.55,1.19,493,38.74,100.45,46.46,42.89,18.44,17.03,213.80,8.47,1.16,0.46,0.55,2.54,1.20,294,39.46,100.50,47.48,42.83,21.64,19.52,236.70,8.91,50900.00,7.86,15.29,220.58,19.42
2025-11-07,Josh Okogie,SG/SF,HOU,SA,3900,24.98,0.09,18.17,4.66,Confirmed,,Houston Rockets,San Antonio Spurs,Josh Okogie,7.00,0.13,16.90,24.60,23.00,326.00,7.00,0.13,16.90,24.60,23.00,326.00,5.00,0.12,17.60,26.80,24.70,247.00,3.00,0.14,19.10,29.00,23.10,142.00,0.73,0.69,0.36,1.07,0.53,713,45.72,98.87,23.88,26.72,16.40,18.35,237.90,7.10,0.73,0.69,0.36,1.07,0.53,713,45.72,98.87,23.88,26.72,16.40,18.35,237.90,7.10,0.71,0.66,0.36,1.09,0.54,498,49.60,99.55,26.79,27.10,17.59,17.80,244.80,7.19,0.83,0.66,0.40,1.26,0.61,305,46.56,101.34,28.91,31.36,19.04,20.65,237.50,8.04,49300.00,7.91,18.02,222.70,17.30
2025-11-07,Patrick Williams,PF/SF,CHI,MIL,4000,22.10,0.04,18.07,4.52,,,Chicago Bulls,Milwaukee Bucks,Patrick Williams,7.00,0.15,18.90,35.30,22.50,336.00,7.00,0.15,18.90,35.30,22.50,336.00,5.00,0.15,17.60,34.00,22.30,232.00,3.00,0.15,19.00,35.70,23.30,143.00,0.84,0.54,0.39,1.57,0.74,719,46.73,102.51,35.23,34.67,18.86,18.56,245.70,7.69,0.84,0.54,0.39,1.57,0.74,719,46.73,102.51,35.23,34.67,18.86,18.56,245.70,7.69,0.79,0.52,0.38,1.52,0.73,506,45.85,101.00,33.93,33.69,17.57,17.44,252.70,6.96,0.82,0.53,0.40,1.53,0.75,302,47.35,100.66,35.70,33.86,19.00,18.02,270.00,7.04,49500.00,8.08,36.18,230.29,9.71
2025-11-07,Kentavious Caldwell-Pope,SG/SF,MEM,DAL,4000,25.37,0.12,17.90,4.48,,,Memphis Grizzlies,Dallas Mavericks,Kentavious Caldwell-Pope,9.00,0.18,19.50,46.20,24.80,490.00,9.00,0.18,19.50,46.20,24.80,490.00,5.00,0.19,17.70,45.00,23.90,251.00,3.00,0.19,14.60,50.00,25.50,159.00,0.79,0.42,0.36,1.86,0.85,931,52.63,103.31,46.14,47.27,19.47,19.95,215.60,9.04,0.79,0.42,0.36,1.86,0.85,931,52.63,103.31,46.14,47.27,19.47,19.95,215.60,9.04,0.74,0.39,0.35,1.88,0.90,502,50.00,100.95,45.25,47.77,17.80,18.79,219.80,8.05,0.57,0.29,0.28,1.96,0.94,299,53.18,100.50,50.42,49.75,14.72,14.53,213.60,6.84,45300.00,8.83,34.74,219.89,20.11
2025-11-07,Anfernee Simons,SG/PG,BOS,ORL,4900,24.05,0.41,17.84,3.64,,,Boston Celtics,Orlando Magic,Anfernee Simons,9.00,0.22,20.70,45.30,26.90,491.00,9.00,0.22,20.70,45.30,26.90,491.00,5.00,0.23,18.20,44.80,25.60,259.00,3.00,0.22,15.50,44.70,24.30,149.00,0.77,0.46,0.38,1.68,0.83,872,56.31,99.94,46.73,40.51,21.35,18.51,191.20,10.83,0.77,0.46,0.38,1.68,0.83,872,56.31,99.94,46.73,40.51,21.35,18.51,191.20,10.83,0.71,0.41,0.35,1.75,0.86,484,53.51,98.80,45.73,42.09,18.58,17.10,191.40,9.51,0.64,0.35,0.31,1.84,0.90,292,51.03,99.50,45.70,44.25,15.85,15.34,177.70,8.72,41400.00,11.84,7.60,191.77,48.23
2025-11-07,Goga Bitadze,C,ORL,BOS,4000,15.38,0.06,17.58,4.39,,,Orlando Magic,Boston Celtics,Goga Bitadze,8.00,0.10,19.10,20.60,17.40,308.00,8.00,0.10,19.10,20.60,17.40,308.00,5.00,0.12,18.40,20.20,17.40,191.00,3.00,0.12,18.70,18.00,15.40,104.00,1.10,0.93,0.50,1.18,0.54,824,37.38,99.94,19.99,18.21,18.53,16.89,214.70,8.90,1.10,0.93,0.50,1.18,0.54,824,37.38,99.94,19.99,18.21,18.53,16.89,214.70,8.90,1.06,0.91,0.48,1.16,0.53,502,38.05,98.80,19.88,17.86,18.11,16.27,218.30,8.43,1.21,1.04,0.54,1.17,0.52,303,34.32,99.50,17.73,17.98,18.42,18.68,224.70,8.32,46000.00,8.70,13.60,207.14,32.86
2025-11-07,AJ Green,SG,MIL,CHI,3900,28.48,0.07,17.56,4.50,,,Milwaukee Bucks,Chicago Bulls,AJ Green,8.00,0.13,16.50,44.40,27.00,462.00,8.00,0.13,16.50,44.40,27.00,462.00,5.00,0.14,16.30,43.00,26.50,276.00,3.00,0.16,18.10,41.00,25.30,155.00,0.61,0.37,0.29,1.64,0.77,818,56.48,102.51,44.51,46.83,16.54,17.40,226.00,7.30,0.61,0.37,0.29,1.64,0.77,818,56.48,102.51,44.51,46.83,16.54,17.40,226.00,7.30,0.62,0.38,0.30,1.62,0.78,504,54.76,101.00,43.09,46.21,16.33,17.52,218.40,7.46,0.72,0.44,0.35,1.62,0.79,303,51.16,100.66,40.86,46.15,18.04,20.37,203.10,8.91,51100.00,7.63,27.78,228.46,11.54
2025-11-07,Svi Mykhailiuk,SG,UTA,MIN,4000,28.07,0.23,17.44,4.36,,,Utah Jazz,Minnesota Timberwolves,Svi Mykhailiuk,8.00,0.12,17.60,36.10,28.20,476.00,8.00,0.12,17.60,36.10,28.20,476.00,5.00,0.13,16.30,36.00,28.10,302.00,3.00,0.14,21.50,36.30,31.50,201.00,0.62,0.49,0.30,1.28,0.61,819,58.12,100.00,35.26,35.94,17.19,17.52,164.10,10.73,0.62,0.49,0.30,1.28,0.61,819,58.12,100.00,35.26,35.94,17.19,17.52,164.10,10.73,0.58,0.45,0.27,1.28,0.60,511,59.10,100.45,35.38,35.96,16.02,16.28,160.90,10.13,0.68,0.59,0.32,1.15,0.54,299,67.22,98.66,35.93,32.35,21.28,19.16,164.80,13.05,37000.00,10.81,25.81,179.25,60.75
2025-11-07,Bobby Portis,PF/C,MIL,CHI,4800,20.01,0.28,17.38,3.62,,,Milwaukee Bucks,Chicago Bulls,Bobby Portis,8.00,0.23,16.70,37.80,19.40,330.00,8.00,0.23,16.70,37.80,19.40,330.00,5.00,0.23,17.30,36.60,18.80,202.00,3.00,0.20,16.60,39.00,19.70,128.00,0.86,0.44,0.40,1.95,0.92,818,40.34,102.51,37.90,38.99,16.74,17.23,226.00,7.39,0.86,0.44,0.40,1.95,0.92,818,40.34,102.51,37.90,38.99,16.74,17.23,226.00,7.39,0.92,0.47,0.43,1.95,0.91,504,40.08,101.00,36.67,38.96,17.33,18.42,218.40,7.92,0.84,0.43,0.39,1.98,0.91,303,42.24,100.66,38.87,39.62,16.54,16.86,203.10,8.17,51100.00,9.39,27.78,228.46,11.54
2025-11-07,Jaylen Wells,SG/SF,MEM,DAL,4000,25.79,0.42,17.31,4.33,,,Memphis Grizzlies,Dallas Mavericks,Jaylen Wells,9.00,0.17,16.80,27.80,25.30,499.00,9.00,0.17,16.80,27.80,25.30,499.00,5.00,0.18,17.70,27.80,24.60,261.00,3.00,0.18,14.60,24.70,22.40,139.00,0.66,0.60,0.30,1.10,0.50,931,53.60,103.31,27.76,28.34,16.78,17.12,215.60,7.79,0.66,0.60,0.30,1.10,0.50,931,53.60,103.31,27.76,28.34,16.78,17.12,215.60,7.79,0.72,0.64,0.34,1.13,0.53,502,51.99,100.95,27.95,29.14,17.80,18.56,219.80,8.05,0.65,0.59,0.32,1.10,0.53,299,46.49,100.50,24.91,28.44,14.72,16.81,213.60,6.84,45300.00,8.83,34.74,219.89,20.11
2025-11-07,Craig Porter,PG,CLE,WAS,3900,22.49,0.76,17.28,4.43,,,Cleveland Cavaliers,Washington Wizards,Craig Porter Jr.,8.00,0.12,15.90,33.10,18.00,309.00,8.00,0.12,15.90,33.10,18.00,309.00,5.00,0.11,16.80,37.60,21.20,232.00,3.00,0.11,14.90,41.70,20.00,135.00,0.88,0.48,0.41,1.84,0.86,823,37.55,103.57,33.32,41.35,16.01,19.86,237.50,6.69,0.88,0.48,0.41,1.84,0.86,823,37.55,103.57,33.32,41.35,16.01,19.86,237.50,6.69,0.79,0.45,0.36,1.77,0.81,510,45.49,102.09,37.63,39.88,16.81,17.82,242.90,6.92,0.74,0.36,0.33,2.08,0.93,310,43.55,103.00,41.57,46.88,14.85,16.75,276.80,5.38,52900.00,7.37,32.53,232.58,7.42
2025-11-07,Will Richard,SG,GS,DEN,4000,16.26,0.08,17.17,4.29,,,Golden State Warriors,Denver Nuggets,Will Richard,7.00,0.15,17.60,19.60,16.70,260.00,7.00,0.15,17.60,19.60,16.70,260.00,3.00,0.19,22.10,22.00,17.50,117.00,1.00,0.22,44.90,47.00,34.50,78.00,1.05,0.90,0.47,1.17,0.53,921,28.23,101.67,15.15,19.08,13.60,17.13,199.40,8.83,1.05,0.90,0.47,1.17,0.53,921,28.23,101.67,15.15,19.08,13.60,17.13,199.40,8.83,1.26,1.00,0.57,1.26,0.56,499,23.45,101.25,13.39,20.44,13.45,20.53,202.20,10.93,1.30,0.96,0.58,1.36,0.60,305,25.57,103.08,15.88,22.15,15.17,21.16,233.50,19.23,45600.00,8.77,15.96,214.58,25.42
2025-11-07,Tre Johnson,SG/PG,WAS,CLE,4100,28.41,8.79,17.07,4.16,Confirmed,,Washington Wizards,Cleveland Cavaliers,Tre Johnson,8.00,0.19,19.10,31.10,25.50,458.00,8.00,0.19,19.10,31.10,25.50,458.00,5.00,0.18,14.50,28.00,24.50,271.00,3.00,0.19,14.20,25.30,23.30,154.00,0.75,0.61,0.33,1.22,0.54,847,54.07,103.57,30.42,34.65,18.68,21.28,169.40,11.28,0.75,0.61,0.33,1.22,0.54,847,54.07,103.57,30.42,34.65,18.68,21.28,169.40,11.28,0.59,0.52,0.27,1.14,0.52,523,51.82,102.09,27.33,32.47,14.15,16.81,161.20,9.00,0.61,0.56,0.28,1.09,0.49,310,49.68,103.00,25.22,30.85,14.15,17.31,148.30,9.58,40300.00,10.17,35.68,204.65,35.35
2025-11-07,Vince Williams,SF/SG,MEM,DAL,3900,16.74,0.04,16.94,4.34,,,Memphis Grizzlies,Dallas Mavericks,Vince Williams Jr.,4.00,0.21,18.90,35.80,17.00,147.00,4.00,0.21,18.90,35.80,17.00,147.00,4.00,0.21,18.90,35.80,17.00,147.00,3.00,0.19,20.30,37.30,17.00,110.00,1.11,0.53,0.51,2.11,0.97,931,15.79,103.31,15.89,35.25,8.39,18.61,215.60,8.77,1.11,0.53,0.51,2.11,0.97,931,15.79,103.31,15.89,35.25,8.39,18.61,215.60,8.77,1.11,0.53,0.51,2.11,0.97,502,29.28,100.95,28.80,35.25,15.20,18.61,219.80,8.60,1.19,0.54,0.55,2.19,1.02,299,36.79,100.50,37.61,36.73,20.47,19.99,213.60,9.50,45300.00,8.61,34.74,219.89,20.11
2025-11-07,Dru Smith,SG,MIA,CHA,3900,17.50,0.07,16.91,4.34,,,Miami Heat,Charlotte Hornets,Dru Smith,8.00,0.14,17.10,31.50,16.90,304.00,8.00,0.14,17.10,31.50,16.90,304.00,5.00,0.13,16.30,31.60,16.60,186.00,3.00,0.13,15.80,27.30,15.60,105.00,1.01,0.54,0.45,1.86,0.83,851,35.72,104.66,30.99,32.63,16.82,17.71,215.20,7.95,1.01,0.54,0.45,1.86,0.83,851,35.72,104.66,30.99,32.63,16.82,17.71,215.20,7.95,0.98,0.52,0.44,1.90,0.85,521,35.70,102.75,31.16,33.32,16.07,17.19,209.10,7.80,1.01,0.58,0.45,1.75,0.78,314,33.44,102.75,26.80,30.63,15.51,17.73,209.90,7.53,44300.00,8.80,77.61,226.29,13.71
2025-11-07,Tim Hardaway,SF/SG,DEN,GS,3900,21.45,0.06,16.88,4.33,,,Denver Nuggets,Golden State Warriors,Tim Hardaway Jr.,7.00,0.15,16.30,24.30,23.30,350.00,7.00,0.15,16.30,24.30,23.30,350.00,5.00,0.16,18.60,26.00,23.10,249.00,3.00,0.16,17.80,30.30,23.20,150.00,0.70,0.67,0.33,1.04,0.49,725,48.28,101.67,23.85,22.37,16.00,15.01,226.50,7.20,0.70,0.67,0.33,1.04,0.49,725,48.28,101.67,23.85,22.37,16.00,15.01,226.50,7.20,0.81,0.72,0.37,1.13,0.52,513,48.54,101.25,25.66,24.15,18.36,17.27,225.60,8.24,0.77,0.59,0.36,1.31,0.61,311,48.23,103.08,30.13,28.02,17.70,16.46,232.00,7.67,48200.00,8.09,24.03,218.93,21.07
2025-11-07,Noah Clowney,PF,BKN,DET,4200,28.21,6.35,16.85,4.01,Confirmed,,Brooklyn Nets,Detroit Pistons,Noah Clowney,8.00,0.16,14.00,32.10,22.60,379.00,8.00,0.16,14.00,32.10,22.60,379.00,5.00,0.17,14.30,33.40,23.40,243.00,3.00,0.18,18.30,35.70,25.50,163.00,0.62,0.44,0.30,1.42,0.68,793,47.79,100.28,32.47,40.07,14.16,17.48,185.20,7.56,0.62,0.44,0.30,1.42,0.68,793,47.79,100.28,32.47,40.07,14.16,17.48,185.20,7.56,0.61,0.43,0.29,1.43,0.69,488,49.80,99.45,34.03,40.27,14.57,17.24,198.80,7.19,0.72,0.51,0.34,1.40,0.66,298,54.70,100.00,35.94,39.49,18.42,20.24,209.10,8.75,42600.00,9.86,42.22,226.07,13.93
2025-11-07,Sandro Mamukelashvili,C,TOR,ATL,4200,17.31,0.02,16.74,3.99,,,Toronto Raptors,Atlanta Hawks,Sandro Mamukelashvili,8.00,0.16,16.00,28.30,17.60,315.00,8.00,0.16,16.00,28.30,17.60,315.00,5.00,0.18,16.00,28.00,17.20,191.00,3.00,0.19,18.90,29.70,17.50,117.00,0.91,0.57,0.41,1.61,0.72,822,38.32,102.66,28.28,27.83,15.99,15.74,225.60,7.09,0.91,0.57,0.41,1.61,0.72,822,38.32,102.66,28.28,27.83,15.99,15.74,225.60,7.09,0.93,0.57,0.42,1.63,0.73,493,38.74,100.45,28.53,28.18,16.30,16.10,213.80,7.48,1.08,0.64,0.48,1.70,0.76,294,39.80,100.50,30.46,29.38,19.38,18.70,236.70,7.98,50900.00,8.25,15.29,220.58,19.42
2025-11-07,Ziaire Williams,SF,BKN,DET,4100,22.42,0.25,16.72,4.08,,,Brooklyn Nets,Detroit Pistons,Ziaire Williams,6.00,0.17,18.00,24.30,20.50,265.00,6.00,0.17,18.00,24.30,20.50,265.00,3.00,0.19,18.70,28.30,22.50,141.00,3.00,0.19,18.70,28.30,22.50,141.00,0.88,0.74,0.41,1.19,0.55,793,33.42,100.28,18.44,26.57,13.66,19.68,185.20,9.72,0.88,0.74,0.41,1.19,0.55,793,33.42,100.28,18.44,26.57,13.66,19.68,185.20,9.72,0.83,0.66,0.40,1.26,0.60,488,28.89,99.45,17.30,28.20,11.43,18.63,198.80,9.41,0.83,0.66,0.40,1.26,0.60,298,47.32,100.00,28.49,28.20,18.83,18.63,209.10,8.94,42600.00,9.62,42.22,226.07,13.93
2025-11-07,Duncan Robinson,SG/SF,DET,BKN,4100,29.76,0.16,16.64,4.06,Confirmed,,Detroit Pistons,Brooklyn Nets,Duncan Robinson,8.00,0.12,17.40,36.50,32.30,546.00,8.00,0.12,17.40,36.50,32.30,546.00,5.00,0.13,17.60,37.40,31.60,333.00,3.00,0.14,17.50,39.70,34.20,212.00,0.54,0.48,0.25,1.13,0.53,809,67.49,100.28,36.20,33.63,17.25,16.03,211.70,8.22,0.54,0.48,0.25,1.13,0.53,809,67.49,100.28,36.20,33.63,17.25,16.03,211.70,8.22,0.56,0.47,0.26,1.18,0.56,505,65.94,99.45,36.83,35.22,17.33,16.58,214.80,8.19,0.51,0.44,0.25,1.16,0.56,300,70.67,100.00,39.70,34.55,17.50,15.23,236.80,7.39,45900.00,8.93,56.72,223.09,16.91
2025-11-07,Bruce Brown,SF/SG,DEN,GS,4000,23.18,0.25,16.62,4.16,,,Denver Nuggets,Golden State Warriors,Bruce Brown,7.00,0.14,16.50,30.00,20.40,307.00,7.00,0.14,16.50,30.00,20.40,307.00,5.00,0.14,14.90,31.80,20.30,222.00,3.00,0.15,16.60,37.70,23.20,152.00,0.81,0.55,0.38,1.47,0.68,725,42.34,101.67,29.45,34.09,16.20,18.75,226.50,7.28,0.81,0.55,0.38,1.47,0.68,725,42.34,101.67,29.45,34.09,16.20,18.75,226.50,7.28,0.73,0.47,0.34,1.57,0.72,513,43.27,101.25,31.38,36.31,14.70,17.01,225.60,6.60,0.72,0.44,0.33,1.63,0.74,311,48.87,103.08,37.49,37.67,16.51,16.58,232.00,7.16,48200.00,8.30,24.03,218.93,21.07
2025-11-07,Bub Carrington,PG,WAS,CLE,4000,28.81,8.65,16.52,4.13,Confirmed,,Washington Wizards,Cleveland Cavaliers,Bub Carrington,8.00,0.13,17.50,51.90,27.30,479.00,8.00,0.13,17.50,51.90,27.30,479.00,5.00,0.13,15.70,53.00,27.40,296.00,3.00,0.13,14.90,52.70,25.90,170.00,0.64,0.34,0.29,1.90,0.87,847,56.55,103.57,50.77,54.78,17.12,18.47,169.40,10.33,0.64,0.34,0.29,1.90,0.87,847,56.55,103.57,50.77,54.78,17.12,18.47,169.40,10.33,0.57,0.30,0.27,1.93,0.90,523,56.60,102.09,51.73,55.73,15.32,16.51,161.20,9.74,0.58,0.28,0.26,2.03,0.93,310,54.84,103.00,52.53,58.63,14.85,16.58,148.30,10.05,40300.00,9.93,35.68,204.65,35.35
2025-11-07,Isaac Okoro,SF,CHI,MIL,3600,25.34,0.12,16.52,4.59,,,Chicago Bulls,Milwaukee Bucks,Isaac Okoro,7.00,0.15,14.30,25.40,24.00,360.00,7.00,0.15,14.30,25.40,24.00,360.00,5.00,0.16,16.70,27.00,24.80,261.00,3.00,0.17,17.40,26.00,23.70,147.00,0.60,0.56,0.28,1.06,0.49,719,50.07,102.51,25.35,26.82,14.27,15.10,245.70,5.82,0.60,0.56,0.28,1.06,0.49,719,50.07,102.51,25.35,26.82,14.27,15.10,245.70,5.82,0.67,0.62,0.32,1.09,0.52,506,51.58,101.00,26.95,27.59,16.67,17.06,252.70,6.61,0.73,0.67,0.36,1.10,0.53,302,48.68,100.66,26.00,27.80,17.40,18.60,270.00,6.44,49500.00,7.27,36.18,230.29,9.71
2025-11-07,Collin Murray-Boyles,PF/SF,TOR,ATL,4400,18.08,0.02,16.46,3.74,,,Toronto Raptors,Atlanta Hawks,Collin Murray-Boyles,6.00,0.19,17.50,35.30,21.40,260.00,6.00,0.19,17.50,35.30,21.40,260.00,5.00,0.20,20.70,38.80,23.00,229.00,3.00,0.17,17.40,36.70,22.00,133.00,0.82,0.50,0.40,1.65,0.81,822,31.63,102.66,26.45,29.83,13.11,14.79,225.60,7.76,0.82,0.50,0.40,1.65,0.81,822,31.63,102.66,26.45,29.83,13.11,14.79,225.60,7.76,0.90,0.53,0.45,1.69,0.85,493,46.45,100.45,39.53,30.50,21.09,16.27,213.80,9.68,0.79,0.47,0.39,1.67,0.83,294,45.24,100.50,37.64,30.16,17.84,14.30,236.70,7.35,50900.00,8.64,15.29,220.58,19.42
2025-11-07,Alex Caruso,SF/SG,OKC,SAC,4000,20.45,1.97,16.32,4.08,,,Oklahoma City Thunder,Sacramento Kings,Alex Caruso,5.00,0.14,19.10,32.40,21.30,220.00,5.00,0.14,19.10,32.40,21.30,220.00,4.00,0.14,17.90,27.80,19.00,161.00,2.00,0.15,17.60,22.00,17.90,72.00,0.90,0.59,0.43,1.52,0.74,936,23.50,101.20,17.52,31.11,10.33,18.34,243.50,7.84,0.90,0.59,0.43,1.52,0.74,936,23.50,101.20,17.52,31.11,10.33,18.34,243.50,7.84,0.94,0.64,0.44,1.46,0.69,510,31.57,102.40,22.33,29.93,14.38,19.27,237.70,7.53,0.98,0.80,0.49,1.23,0.61,306,23.53,103.17,14.83,25.14,11.87,20.11,232.00,7.59,48800.00,8.20,33.85,214.42,25.58
2025-11-07,Simone Fontecchio,SF,MIA,CHA,3900,18.93,0.00,16.26,4.17,,,Miami Heat,Charlotte Hornets,Simone Fontecchio,8.00,0.19,18.30,26.30,19.80,354.00,8.00,0.19,18.30,26.30,19.80,354.00,5.00,0.19,16.70,27.00,19.50,213.00,3.00,0.23,13.50,26.00,17.00,115.00,0.92,0.70,0.41,1.33,0.59,851,41.60,104.66,25.88,25.15,18.00,17.50,215.20,8.50,0.92,0.70,0.41,1.33,0.59,851,41.60,104.66,25.88,25.15,18.00,17.50,215.20,8.50,0.86,0.62,0.39,1.38,0.63,521,40.88,102.75,26.62,26.21,16.47,16.21,209.10,7.99,0.79,0.52,0.35,1.53,0.68,314,36.62,102.75,25.52,28.96,13.25,15.03,209.90,6.43,44300.00,8.80,77.61,226.29,13.71
2025-11-07,Naji Marshall,SF/PF,DAL,MEM,4200,22.56,0.42,16.13,3.84,,,Dallas Mavericks,Memphis Grizzlies,Naji Marshall,8.00,0.13,17.00,29.60,23.60,416.00,8.00,0.13,17.00,29.60,23.60,416.00,5.00,0.14,15.50,27.60,23.30,255.00,3.00,0.15,17.80,28.70,23.50,154.00,0.72,0.57,0.33,1.25,0.57,824,50.49,103.31,29.69,28.30,17.05,16.25,184.10,9.23,0.72,0.57,0.33,1.25,0.57,824,50.49,103.31,29.69,28.30,17.05,16.25,184.10,9.23,0.67,0.56,0.30,1.18,0.54,506,50.40,100.95,27.53,26.73,15.46,15.01,192.60,8.05,0.76,0.62,0.35,1.22,0.56,303,50.83,100.50,28.56,27.56,17.71,17.09,204.10,8.72,41000.00,10.24,44.95,208.22,31.78
2025-11-07,Brandon Williams,PG,DAL,MEM,4000,16.47,0.11,16.04,4.01,,,Dallas Mavericks,Memphis Grizzlies,Brandon Williams,6.00,0.24,14.30,34.50,14.10,189.00,6.00,0.24,14.30,34.50,14.10,189.00,4.00,0.27,19.10,43.50,16.50,150.00,3.00,0.25,14.70,35.70,14.50,98.00,1.01,0.41,0.45,2.45,1.10,824,22.94,103.31,25.95,40.30,10.76,16.70,184.10,7.77,1.01,0.41,0.45,2.45,1.10,824,22.94,103.31,25.95,40.30,10.76,16.70,184.10,7.77,1.16,0.44,0.51,2.64,1.16,506,29.64,100.95,34.71,43.42,15.24,19.06,192.60,9.92,1.01,0.41,0.45,2.46,1.09,303,32.34,100.50,35.52,40.55,14.63,16.70,204.10,7.20,41000.00,9.76,44.95,208.22,31.78
2025-11-07,Keaton Wallace,PG,ATL,TOR,4000,16.89,0.01,15.82,3.95,,,Atlanta Hawks,Toronto Raptors,Keaton Wallace,7.00,0.13,10.00,27.00,11.20,164.00,7.00,0.13,10.00,27.00,11.20,164.00,4.00,0.10,13.80,28.00,11.70,100.00,2.00,0.13,20.40,34.50,13.80,60.00,0.89,0.37,0.43,2.41,1.15,821,19.98,102.66,23.63,40.71,8.75,15.08,208.20,4.80,0.89,0.37,0.43,2.41,1.15,821,19.98,102.66,23.63,40.71,8.75,15.08,208.20,4.80,1.18,0.49,0.55,2.39,1.12,511,19.57,100.45,22.02,40.42,10.85,19.92,215.60,6.40,1.48,0.59,0.68,2.50,1.15,309,19.42,100.50,22.44,42.22,13.27,24.96,227.10,8.98,46800.00,8.55,52.95,212.46,27.54
2025-11-07,Javonte Green,SF,DET,BKN,3700,21.76,0.10,15.68,4.24,,,Detroit Pistons,Brooklyn Nets,Javonte Green,8.00,0.12,13.30,25.60,17.40,309.00,8.00,0.12,13.30,25.60,17.40,309.00,5.00,0.11,14.30,24.60,18.50,210.00,3.00,0.10,15.40,25.70,19.40,133.00,0.76,0.52,0.34,1.47,0.66,809,38.20,100.28,25.39,32.02,13.19,16.63,211.70,6.28,0.76,0.52,0.34,1.47,0.66,809,38.20,100.28,25.39,32.02,13.19,16.63,211.70,6.28,0.77,0.58,0.34,1.33,0.59,505,41.58,99.45,24.22,28.94,14.08,16.82,214.80,6.66,0.79,0.60,0.35,1.32,0.58,300,44.33,100.00,25.70,28.83,15.40,17.27,236.80,6.50,45900.00,8.06,56.72,223.09,16.91
2025-11-07,Egor Demin,PG/SG,BKN,DET,3900,20.92,0.19,15.21,3.90,Confirmed,,Brooklyn Nets,Detroit Pistons,Egor Dëmin,7.00,0.15,15.00,42.00,18.90,280.00,7.00,0.15,15.00,42.00,18.90,280.00,4.00,0.15,13.70,35.00,16.60,142.00,3.00,0.13,14.30,35.00,16.70,109.00,0.79,0.36,0.38,2.22,1.05,793,35.31,100.28,37.18,46.50,13.28,16.61,185.20,8.10,0.79,0.36,0.38,2.22,1.05,793,35.31,100.28,37.18,46.50,13.28,16.61,185.20,8.10,0.83,0.39,0.39,2.11,0.99,488,29.10,99.45,28.53,44.12,11.17,17.27,198.80,6.89,0.86,0.41,0.39,2.10,0.96,298,36.58,100.00,35.23,43.85,14.40,17.92,209.10,6.84,42600.00,9.15,42.22,226.07,13.93
2025-11-07,Cameron Johnson,SF/PF,DEN,GS,4300,26.75,0.42,15.06,3.50,,,Denver Nuggets,Golden State Warriors,Cameron Johnson,7.00,0.14,15.30,31.40,26.70,396.00,7.00,0.14,15.30,31.40,26.70,396.00,5.00,0.14,13.90,30.80,26.00,274.00,3.00,0.15,17.40,34.00,28.00,182.00,0.57,0.49,0.27,1.18,0.56,725,54.62,101.67,30.82,31.46,15.02,15.33,226.50,6.75,0.57,0.49,0.27,1.18,0.56,725,54.62,101.67,30.82,31.46,15.02,15.33,226.50,6.75,0.53,0.45,0.25,1.18,0.56,513,53.41,101.25,30.39,31.69,13.72,14.30,225.60,6.16,0.62,0.51,0.29,1.21,0.56,311,58.52,103.08,33.81,32.48,17.30,16.62,232.00,7.50,48200.00,8.92,24.03,218.93,21.07
2025-11-07,Klay Thompson,SF/SG,DAL,MEM,3900,19.37,0.15,15.01,3.85,,,Dallas Mavericks,Memphis Grizzlies,Klay Thompson,8.00,0.20,15.40,26.10,20.40,361.00,8.00,0.20,15.40,26.10,20.40,361.00,5.00,0.21,14.80,26.40,20.70,225.00,3.00,0.20,16.80,24.70,19.80,128.00,0.75,0.59,0.34,1.28,0.58,824,43.81,103.31,26.18,24.78,15.45,14.62,184.10,8.37,0.75,0.59,0.34,1.28,0.58,824,43.81,103.31,26.18,24.78,15.45,14.62,184.10,8.37,0.71,0.56,0.33,1.28,0.59,506,44.47,100.95,26.33,24.71,14.76,13.85,192.60,7.68,0.85,0.68,0.39,1.25,0.58,303,42.24,100.50,24.58,24.17,16.72,16.44,204.10,8.23,41000.00,9.51,44.95,208.22,31.78
2025-11-07,Sam Hauser,SF/PF,BOS,ORL,4000,21.55,0.13,14.89,3.72,,,Boston Celtics,Orlando Magic,Sam Hauser,9.00,0.16,16.40,32.10,23.60,448.00,9.00,0.16,16.40,32.10,23.60,448.00,5.00,0.15,16.00,35.80,22.50,240.00,3.00,0.14,12.10,38.30,22.40,142.00,0.69,0.51,0.33,1.36,0.64,872,51.38,99.94,33.11,29.31,16.92,14.97,191.20,8.58,0.69,0.51,0.33,1.36,0.64,872,51.38,99.94,33.11,29.31,16.92,14.97,191.20,8.58,0.71,0.45,0.33,1.59,0.75,484,49.59,98.80,36.54,34.28,16.33,15.32,191.40,8.36,0.54,0.32,0.26,1.71,0.81,292,48.63,99.50,39.15,36.84,12.37,11.64,177.70,6.81,41400.00,9.66,7.60,191.77,48.23
2025-11-07,Kyle Filipowski,PF/C,UTA,MIN,4600,17.05,0.06,14.89,3.24,,,Utah Jazz,Minnesota Timberwolves,Kyle Filipowski,8.00,0.17,16.00,31.00,18.90,315.00,8.00,0.17,16.00,31.00,18.90,315.00,5.00,0.18,14.40,26.00,16.20,176.00,3.00,0.18,15.90,27.30,18.50,116.00,0.85,0.52,0.41,1.64,0.79,819,38.46,100.00,30.28,27.96,15.63,14.43,164.10,9.75,0.85,0.52,0.41,1.64,0.79,819,38.46,100.00,30.28,27.96,15.63,14.43,164.10,9.75,0.89,0.55,0.41,1.60,0.74,511,34.44,100.45,25.55,27.36,14.15,15.15,160.90,8.95,0.86,0.58,0.41,1.48,0.71,299,38.80,98.66,27.02,25.15,15.74,14.65,164.80,9.65,37000.00,12.43,25.81,179.25,60.75
2025-11-07,Khris Middleton,SG/SF,WAS,CLE,4500,24.25,2.91,14.85,3.30,Confirmed,,Washington Wizards,Cleveland Cavaliers,Khris Middleton,6.00,0.18,21.00,33.20,24.90,329.00,6.00,0.18,21.00,33.20,24.90,329.00,3.00,0.16,16.80,30.70,23.50,150.00,1.00,0.10,14.60,29.00,20.40,47.00,0.84,0.63,0.38,1.33,0.61,847,38.84,103.57,24.36,32.33,15.41,20.45,169.40,12.40,0.84,0.63,0.38,1.33,0.61,847,38.84,103.57,24.36,32.33,15.41,20.45,169.40,12.40,0.71,0.55,0.34,1.31,0.61,523,28.68,102.09,17.98,31.67,9.84,17.33,161.20,10.42,0.72,0.50,0.31,1.42,0.62,310,15.16,103.00,9.64,34.47,4.85,17.35,148.30,9.84,40300.00,11.17,35.68,204.65,35.35
2025-11-07,Nikola Jovic,PF,MIA,CHA,4000,22.37,1.51,14.73,3.68,,,Miami Heat,Charlotte Hornets,Nikola Jović,8.00,0.17,16.50,37.90,21.40,389.00,8.00,0.17,16.50,37.90,21.40,389.00,5.00,0.18,12.70,32.80,19.30,214.00,3.00,0.18,13.80,34.70,21.60,143.00,0.77,0.44,0.34,1.77,0.78,851,45.71,104.66,37.29,39.62,16.23,17.25,215.20,7.67,0.77,0.44,0.34,1.77,0.78,851,45.71,104.66,37.29,39.62,16.23,17.25,215.20,7.67,0.66,0.39,0.30,1.70,0.77,521,41.07,102.75,32.34,38.02,12.52,14.72,209.10,6.07,0.64,0.40,0.29,1.61,0.73,314,45.54,102.75,34.06,35.94,13.55,14.29,209.90,6.57,44300.00,9.03,77.61,226.29,13.71
2025-11-07,KJ Simpson,PG,CHA,MIA,3700,23.20,3.18,14.52,3.92,,,Charlotte Hornets,Miami Heat,KJ Simpson,2.00,0.24,13.70,29.50,15.00,65.00,2.00,0.24,13.70,29.50,15.00,65.00,2.00,0.24,13.70,29.50,15.00,65.00,2.00,0.24,13.70,29.50,15.00,65.00,0.91,0.46,0.42,1.97,0.91,823,7.90,104.66,7.50,45.62,3.48,21.18,172.50,7.94,0.91,0.46,0.42,1.97,0.91,823,7.90,104.66,7.50,45.62,3.48,21.18,172.50,7.94,0.91,0.46,0.42,1.97,0.91,505,12.87,102.75,12.00,45.62,5.57,21.18,179.80,7.62,0.91,0.46,0.42,1.97,0.91,302,21.52,102.75,20.07,45.62,9.32,21.18,198.10,6.92,42300.00,8.75,94.13,237.09,2.91
2025-11-07,Keon Ellis,SG/SF,SAC,OKC,3800,18.83,0.04,14.28,3.76,,,Sacramento Kings,Oklahoma City Thunder,Keon Ellis,8.00,0.12,15.30,24.90,19.50,338.00,8.00,0.12,15.30,24.90,19.50,338.00,5.00,0.11,15.60,29.00,21.70,237.00,3.00,0.09,13.60,26.00,19.50,129.00,0.78,0.61,0.36,1.28,0.59,820,41.22,101.20,24.58,24.04,15.11,14.77,206.80,7.40,0.78,0.61,0.36,1.28,0.59,820,41.22,101.20,24.58,24.04,15.11,14.77,206.80,7.40,0.72,0.54,0.33,1.34,0.61,515,46.02,102.40,28.83,25.16,15.51,13.53,204.80,7.62,0.70,0.52,0.32,1.33,0.60,313,41.21,103.17,25.71,25.10,13.45,13.13,223.30,6.09,40200.00,9.45,60.16,216.32,23.68
2025-11-07,Jeremy Sochan,PF,SA,HOU,4900,22.82,0.14,14.21,2.90,,,San Antonio Spurs,Houston Rockets,Jeremy Sochan,1.00,0.19,21.40,35.00,22.60,45.00,1.00,0.19,21.40,35.00,22.60,45.00,1.00,0.19,21.40,35.00,22.60,45.00,1.00,0.19,21.40,35.00,22.60,45.00,0.95,0.61,0.48,1.55,0.78,707,6.36,98.87,4.89,35.35,2.99,21.61,204.50,10.46,0.95,0.61,0.48,1.55,0.78,707,6.36,98.87,4.89,35.35,2.99,21.61,204.50,10.46,0.95,0.61,0.48,1.55,0.78,500,9.00,99.55,6.97,35.35,4.26,21.61,199.50,10.73,0.95,0.61,0.48,1.55,0.78,305,14.75,101.34,11.63,35.35,7.11,21.61,197.40,10.84,42600.00,11.50,29.56,205.94,34.06
2025-11-07,Mouhamed Gueye,PF/C,ATL,TOR,3800,16.15,0.12,13.88,3.65,,,Atlanta Hawks,Toronto Raptors,Mouhamed Gueye,8.00,0.16,14.60,16.40,15.50,264.00,8.00,0.16,14.60,16.40,15.50,264.00,5.00,0.14,12.00,13.80,13.20,145.00,3.00,0.12,12.50,13.30,14.10,93.00,0.94,0.89,0.44,1.06,0.50,821,32.16,102.66,16.41,17.08,14.60,15.21,208.20,7.01,0.94,0.89,0.44,1.06,0.50,821,32.16,102.66,16.41,17.08,14.60,15.21,208.20,7.01,0.91,0.87,0.41,1.05,0.48,511,28.38,100.45,13.56,16.88,11.79,14.68,215.60,5.57,0.89,0.94,0.40,0.94,0.43,309,30.10,100.50,12.98,15.23,12.20,14.32,227.10,5.50,46800.00,8.12,52.95,212.46,27.54
2025-11-07,Buddy Hield,SG/SF,GS,DEN,3800,17.32,0.05,13.53,3.56,,,Golden State Warriors,Denver Nuggets,Buddy Hield,9.00,0.18,13.00,27.30,16.80,331.00,9.00,0.18,13.00,27.30,16.80,331.00,5.00,0.15,12.10,24.40,15.30,167.00,3.00,0.18,14.30,26.70,16.40,108.00,0.77,0.48,0.35,1.62,0.74,921,35.94,101.67,27.12,28.14,12.92,13.40,199.40,6.52,0.77,0.48,0.35,1.62,0.74,921,35.94,101.67,27.12,28.14,12.92,13.40,199.40,6.52,0.79,0.50,0.36,1.59,0.73,499,33.47,101.25,24.75,27.62,12.28,13.70,202.20,5.98,0.87,0.54,0.40,1.63,0.74,305,35.41,103.08,27.07,28.19,14.50,15.10,233.50,6.12,45600.00,8.33,15.96,214.58,25.42
2025-11-07,Sam Merrill,SF/SG,CLE,WAS,4000,24.71,0.26,13.52,3.38,,,Cleveland Cavaliers,Washington Wizards,Sam Merrill,5.00,0.18,22.10,39.80,26.00,290.00,5.00,0.18,22.10,39.80,26.00,290.00,2.00,0.13,16.40,26.00,22.40,101.00,1.00,0.12,13.00,28.00,26.80,60.00,0.85,0.56,0.38,1.53,0.69,823,35.24,103.57,25.04,37.83,13.91,21.01,237.50,9.31,0.85,0.56,0.38,1.53,0.69,823,35.24,103.57,25.04,37.83,13.91,21.01,237.50,9.31,0.73,0.63,0.32,1.16,0.51,510,19.80,102.09,10.41,28.68,6.57,18.09,242.90,6.75,0.49,0.46,0.22,1.04,0.47,310,19.35,103.00,9.30,25.82,4.32,11.99,276.80,4.70,52900.00,7.56,32.53,232.58,7.42
2025-11-07,Corey Kispert,SF,WAS,CLE,3700,17.84,0.02,13.05,3.53,,,Washington Wizards,Cleveland Cavaliers,Corey Kispert,8.00,0.15,13.20,24.00,18.20,335.00,8.00,0.15,13.20,24.00,18.20,335.00,5.00,0.19,13.50,26.60,17.40,194.00,3.00,0.18,10.60,19.30,14.10,96.00,0.73,0.55,0.32,1.32,0.57,847,39.55,103.57,23.48,23.53,12.91,12.94,169.40,7.79,0.73,0.55,0.32,1.32,0.57,847,39.55,103.57,23.48,23.53,12.91,12.94,169.40,7.79,0.78,0.51,0.35,1.53,0.69,523,37.09,102.09,25.96,27.28,13.18,13.84,161.20,8.37,0.75,0.55,0.33,1.37,0.60,310,30.97,103.00,19.24,24.43,10.57,13.41,148.30,7.15,40300.00,9.18,35.68,204.65,35.35
2025-11-07,Cam Whitmore,SF/SG,WAS,CLE,3700,15.81,0.35,12.45,3.36,,,Washington Wizards,Cleveland Cavaliers,Cam Whitmore,8.00,0.23,13.70,20.50,14.90,272.00,8.00,0.23,13.70,20.50,14.90,272.00,5.00,0.21,11.20,17.20,12.60,141.00,3.00,0.19,8.20,14.00,11.60,79.00,0.92,0.67,0.40,1.38,0.60,847,32.11,103.57,20.05,21.75,13.40,14.54,169.40,8.09,0.92,0.67,0.40,1.38,0.60,847,32.11,103.57,20.05,21.75,13.40,14.54,169.40,8.09,0.89,0.65,0.40,1.37,0.61,523,26.96,102.09,16.79,21.58,10.93,14.05,161.20,6.95,0.71,0.59,0.31,1.21,0.53,310,25.48,103.00,13.95,19.08,8.17,11.17,148.30,5.53,40300.00,9.18,35.68,204.65,35.35
2025-11-07,Nique Clifford,SG/SF,SAC,OKC,4000,20.36,0.04,12.41,3.10,,,Sacramento Kings,Oklahoma City Thunder,Nique Clifford,4.00,0.11,17.00,30.30,22.80,200.00,4.00,0.11,17.00,30.30,22.80,200.00,3.00,0.12,15.10,30.00,22.50,149.00,3.00,0.12,15.10,30.00,22.50,149.00,0.75,0.56,0.34,1.33,0.61,820,24.39,101.20,14.96,27.05,8.39,15.18,206.80,8.22,0.75,0.56,0.34,1.33,0.61,820,24.39,101.20,14.96,27.05,8.39,15.18,206.80,8.22,0.67,0.50,0.30,1.33,0.60,515,28.93,102.40,17.90,27.14,9.01,13.66,204.80,7.37,0.67,0.50,0.30,1.33,0.60,313,47.60,103.17,29.67,27.14,14.93,13.66,223.30,6.76,40200.00,9.95,60.16,216.32,23.68
2025-11-07,Taylor Hendricks,PF/SF,UTA,MIN,3800,20.03,0.05,12.14,3.19,,,Utah Jazz,Minnesota Timberwolves,Taylor Hendricks,8.00,0.12,11.30,16.30,16.30,289.00,8.00,0.12,11.30,16.30,16.30,289.00,5.00,0.13,9.80,15.80,15.30,171.00,3.00,0.13,12.50,20.00,18.90,119.00,0.69,0.69,0.31,1.00,0.45,819,35.29,100.00,15.92,20.03,11.04,13.88,164.10,6.89,0.69,0.69,0.31,1.00,0.45,819,35.29,100.00,15.92,20.03,11.04,13.88,164.10,6.89,0.64,0.62,0.29,1.03,0.46,511,33.46,100.45,15.53,20.68,9.63,12.83,160.90,6.09,0.66,0.62,0.32,1.06,0.50,299,39.80,98.66,19.80,21.19,12.37,13.24,164.80,7.58,37000.00,10.27,25.81,179.25,60.75
2025-11-07,Jakob Poeltl,C,TOR,ATL,4900,22.22,0.03,11.81,2.41,Confirmed,,Toronto Raptors,Atlanta Hawks,Jakob Poeltl,5.00,0.14,16.90,32.60,22.40,246.00,5.00,0.14,16.90,32.60,22.40,246.00,2.00,0.16,11.90,29.50,22.00,92.00,1.00,0.13,18.80,33.00,20.00,40.00,0.75,0.52,0.34,1.46,0.66,822,29.93,102.66,20.36,32.34,10.55,16.77,225.60,7.49,0.75,0.52,0.34,1.46,0.66,822,29.93,102.66,20.36,32.34,10.55,16.77,225.60,7.49,0.54,0.40,0.26,1.34,0.64,493,18.66,100.45,12.02,29.80,4.85,12.02,213.80,5.57,0.94,0.57,0.47,1.65,0.82,294,13.61,100.50,11.28,36.67,6.43,20.89,236.70,7.94,50900.00,9.63,15.29,220.58,19.42
2025-11-07,Justin Champagnie,SF/PF,WAS,CLE,3800,18.26,0.38,11.42,3.00,,,Washington Wizards,Cleveland Cavaliers,Justin Champagnie,7.00,0.14,6.80,9.10,8.20,121.00,7.00,0.14,6.80,9.10,8.20,121.00,5.00,0.12,6.90,9.40,9.10,97.00,3.00,0.12,11.20,14.00,13.90,90.00,0.83,0.75,0.39,1.11,0.53,847,14.29,103.57,7.79,20.27,5.82,15.14,169.40,4.01,0.83,0.75,0.39,1.11,0.53,847,14.29,103.57,7.79,20.27,5.82,15.14,169.40,4.01,0.76,0.73,0.36,1.03,0.48,523,18.55,102.09,9.17,18.86,6.73,13.85,161.20,4.28,0.81,0.80,0.37,1.01,0.47,310,29.03,103.00,13.95,18.39,11.16,14.72,148.30,7.55,40300.00,9.43,35.68,204.65,35.35
2025-11-07,Ace Bailey,SG/SF,UTA,MIN,3900,18.30,0.05,11.32,2.90,,,Utah Jazz,Minnesota Timberwolves,Ace Bailey,8.00,0.18,10.80,18.30,17.70,302.00,8.00,0.18,10.80,18.30,17.70,302.00,5.00,0.18,13.00,19.80,18.90,199.00,3.00,0.18,9.40,17.70,18.90,119.00,0.61,0.59,0.29,1.03,0.48,819,36.87,100.00,17.88,18.92,10.55,11.17,164.10,6.58,0.61,0.59,0.29,1.03,0.48,819,36.87,100.00,17.88,18.92,10.55,11.17,164.10,6.58,0.69,0.66,0.33,1.05,0.50,511,38.94,100.45,19.46,19.17,12.78,12.59,160.90,8.08,0.50,0.53,0.24,0.94,0.45,299,39.80,98.66,17.52,17.14,9.31,9.10,164.80,5.70,37000.00,10.54,25.81,179.25,60.75
2025-11-07,Al Horford,C,GS,DEN,3800,20.01,0.16,11.27,2.97,Q,,Golden State Warriors,Denver Nuggets,Al Horford,6.00,0.14,13.90,36.70,22.00,279.00,6.00,0.14,13.90,36.70,22.00,279.00,4.00,0.14,12.30,35.00,20.60,174.00,2.00,0.14,14.10,43.50,20.90,91.00,0.63,0.38,0.30,1.67,0.79,921,30.29,101.67,24.31,33.38,9.21,12.64,199.40,6.97,0.63,0.38,0.30,1.67,0.79,921,30.29,101.67,24.31,33.38,9.21,12.64,199.40,6.97,0.60,0.35,0.28,1.70,0.80,499,34.87,101.25,28.41,34.00,9.98,11.95,202.20,6.08,0.67,0.32,0.31,2.08,0.96,305,29.84,103.08,29.40,41.65,9.53,13.50,233.50,6.04,45600.00,8.33,15.96,214.58,25.42
2025-11-07,Caris LeVert,SG/SF,DET,BKN,3800,22.93,0.77,11.19,2.95,,,Detroit Pistons,Brooklyn Nets,Caris LeVert,5.00,0.18,11.10,28.40,19.00,208.00,5.00,0.18,11.10,28.40,19.00,208.00,4.00,0.18,10.40,27.80,18.40,158.00,3.00,0.18,11.40,30.00,19.30,125.00,0.58,0.39,0.27,1.49,0.68,809,25.71,100.28,17.60,34.28,6.88,13.40,211.70,5.24,0.58,0.39,0.27,1.49,0.68,809,25.71,100.28,17.60,34.28,6.88,13.40,211.70,5.24,0.57,0.37,0.26,1.51,0.70,505,31.29,99.45,21.90,34.65,8.19,12.96,214.80,4.84,0.59,0.38,0.27,1.55,0.72,300,41.67,100.00,30.00,35.65,11.40,13.55,236.80,4.81,45900.00,8.28,56.72,223.09,16.91
2025-11-07,Larry Nance,PF/C,CLE,WAS,3800,17.57,0.15,11.13,2.93,,,Cleveland Cavaliers,Washington Wizards,Larry Nance Jr.,8.00,0.16,12.70,22.40,16.90,289.00,8.00,0.16,12.70,22.40,16.90,289.00,5.00,0.14,10.40,23.00,18.10,191.00,3.00,0.16,11.20,28.70,19.70,128.00,0.75,0.57,0.35,1.33,0.62,823,35.12,103.57,22.55,23.28,12.79,13.20,237.50,5.35,0.75,0.57,0.35,1.33,0.62,823,35.12,103.57,22.55,23.28,12.79,13.20,237.50,5.35,0.57,0.45,0.27,1.27,0.60,510,37.45,102.09,23.02,22.32,10.41,10.09,242.90,4.28,0.57,0.39,0.26,1.46,0.67,310,41.29,103.00,28.61,25.59,11.16,9.99,276.80,4.05,52900.00,7.18,32.53,232.58,7.42
2025-11-07,Gradey Dick,SG,TOR,ATL,3700,17.77,0.02,10.29,2.78,,,Toronto Raptors,Atlanta Hawks,Gradey Dick,8.00,0.17,12.20,16.40,16.20,294.00,8.00,0.17,12.20,16.40,16.20,294.00,5.00,0.14,7.50,13.00,15.00,163.00,3.00,0.14,10.00,15.70,15.70,103.00,0.75,0.74,0.33,1.01,0.45,822,35.77,102.66,16.39,17.99,12.19,13.39,225.60,5.41,0.75,0.74,0.33,1.01,0.45,822,35.77,102.66,16.39,17.99,12.19,13.39,225.60,5.41,0.50,0.58,0.23,0.87,0.40,493,33.06,100.45,13.24,15.40,7.64,8.89,213.80,3.51,0.64,0.64,0.29,1.00,0.46,294,35.03,100.50,16.10,17.77,10.26,11.32,236.70,4.22,50900.00,7.27,15.29,220.58,19.42
2025-11-07,Jaylen Clark,SG,MIN,UTA,3800,17.73,0.03,8.99,2.37,,,Minnesota Timberwolves,Utah Jazz,Jaylen Clark,6.00,0.13,11.50,12.80,16.20,201.00,6.00,0.13,11.50,12.80,16.20,201.00,3.00,0.12,9.10,11.70,17.40,104.00,3.00,0.12,9.10,11.70,17.40,104.00,0.71,0.90,0.34,0.79,0.38,795,25.28,100.00,9.66,14.01,8.68,12.59,216.70,5.31,0.71,0.90,0.34,0.79,0.38,795,25.28,100.00,9.66,14.01,8.68,12.59,216.70,5.31,0.52,0.78,0.26,0.67,0.34,494,21.05,100.45,7.14,11.92,5.55,9.27,223.80,4.07,0.52,0.78,0.26,0.67,0.34,294,35.37,98.66,11.78,11.92,9.16,9.27,222.60,4.09,49200.00,7.72,30.42,220.22,19.78
2025-11-07,Darius Garland,PG,CLE,WAS,6500,25.91,1.08,8.74,1.35,Confirmed,,Cleveland Cavaliers,Washington Wizards,Darius Garland,1.00,0.23,13.40,60.00,26.10,57.00,1.00,0.23,13.40,60.00,26.10,57.00,1.00,0.23,13.40,60.00,26.10,57.00,1.00,0.23,13.40,60.00,26.10,57.00,0.51,0.22,0.24,2.30,1.05,823,6.93,103.57,7.55,59.56,1.69,13.30,237.50,5.64,0.51,0.22,0.24,2.30,1.05,823,6.93,103.57,7.55,59.56,1.69,13.30,237.50,5.64,0.51,0.22,0.24,2.30,1.05,510,11.18,102.09,12.01,59.56,2.68,13.30,242.90,5.52,0.51,0.22,0.24,2.30,1.05,310,18.39,103.00,19.94,59.56,4.45,13.30,276.80,4.84,52900.00,12.29,32.53,232.58,7.42
2025-11-07,Jalen Wilson,SF,BKN,DET,3700,20.57,0.02,8.58,2.32,,,Brooklyn Nets,Detroit Pistons,Jalen Wilson,7.00,0.14,8.70,23.40,17.80,254.00,7.00,0.14,8.70,23.40,17.80,254.00,5.00,0.14,8.70,27.00,18.90,194.00,3.00,0.14,6.00,21.70,16.80,101.00,0.49,0.37,0.24,1.31,0.64,793,32.03,100.28,20.71,27.04,7.70,10.05,185.20,4.70,0.49,0.37,0.24,1.31,0.64,793,32.03,100.28,20.71,27.04,7.70,10.05,185.20,4.70,0.46,0.32,0.22,1.43,0.70,488,39.75,99.45,27.51,29.38,8.86,9.47,198.80,4.38,0.36,0.28,0.18,1.29,0.64,298,33.89,100.00,21.85,26.57,6.04,7.35,209.10,2.87,42600.00,8.69,42.22,226.07,13.93
2025-11-07,Pat Connaughton,SG,CHA,MIA,3500,18.95,0.68,7.91,2.26,,,Charlotte Hornets,Miami Heat,Pat Connaughton,4.00,0.14,5.10,11.00,7.40,62.00,4.00,0.14,5.10,11.00,7.40,62.00,3.00,0.12,5.00,12.70,9.10,57.00,2.00,0.13,7.50,19.00,12.70,53.00,0.69,0.46,0.33,1.49,0.71,823,7.53,104.66,5.60,28.16,2.59,13.06,172.50,2.96,0.69,0.46,0.33,1.49,0.71,823,7.53,104.66,5.60,28.16,2.59,13.06,172.50,2.96,0.55,0.39,0.26,1.40,0.67,505,11.29,102.75,7.75,26.44,3.05,10.41,179.80,2.78,0.59,0.39,0.28,1.50,0.72,302,17.55,102.75,12.93,28.34,5.10,11.19,198.10,3.79,42300.00,8.27,94.13,237.09,2.91
2025-11-07,Amir Coffey,SF,MIL,CHI,3600,17.37,0.02,7.81,2.17,,,Milwaukee Bucks,Chicago Bulls,Amir Coffey,8.00,0.07,4.50,9.00,10.00,172.00,8.00,0.07,4.50,9.00,10.00,172.00,5.00,0.07,6.40,10.40,11.40,123.00,3.00,0.07,5.90,9.70,9.50,63.00,0.45,0.50,0.21,0.90,0.42,818,21.03,102.51,9.02,15.63,4.51,7.82,226.00,1.99,0.45,0.50,0.21,0.90,0.42,818,21.03,102.51,9.02,15.63,4.51,7.82,226.00,1.99,0.56,0.62,0.26,0.91,0.42,504,24.40,101.00,10.42,15.85,6.41,9.75,218.40,2.93,0.62,0.61,0.28,1.02,0.46,303,20.79,100.66,9.67,17.74,5.88,10.79,203.10,2.90,51100.00,7.05,27.78,228.46,11.54
2025-11-07,Liam McNeeley,SF,CHA,MIA,3600,17.89,0.06,7.72,2.15,,,Charlotte Hornets,Miami Heat,Liam McNeeley,6.00,0.12,6.50,11.80,10.60,140.00,6.00,0.12,6.50,11.80,10.60,140.00,5.00,0.13,6.90,12.60,11.40,125.00,3.00,0.12,2.90,11.00,10.70,68.00,0.61,0.55,0.28,1.11,0.51,823,17.01,104.66,9.00,19.92,4.96,10.97,172.50,3.77,0.61,0.55,0.28,1.11,0.51,823,17.01,104.66,9.00,19.92,4.96,10.97,172.50,3.77,0.61,0.55,0.28,1.11,0.50,505,24.75,102.75,12.82,19.78,7.02,10.83,179.80,3.84,0.27,0.26,0.13,1.03,0.49,302,22.52,102.75,11.23,18.40,2.96,4.85,198.10,1.46,42300.00,8.51,94.13,237.09,2.91
